date,question,configuration,normal_plus_adjust_yuan,emergency_kwh,charge_kwh,discharge_kwh,soc_0000_kwh,soc_2400_kwh,absolute_adjustment_kwh
2025-02-01,3,A,36086.938507,243.279101,12455.180467,10246.543662,6911.349538,6735.963444,7035.407928999999
2025-02-02,3,A,71338.154341,0.0,10436.207578,8356.878955,6735.963444,6843.129202,6734.931412000001
2025-02-03,3,A,71752.824564,0.0,7556.990142000001,4194.72787,6843.129202,8983.611584,5586.360703
2025-02-04,3,A,74108.004172,0.0,7184.635681,5781.719976,8983.611584,9025.650389,9365.374002
2025-02-05,3,A,70990.522475,0.0,7154.830630000001,5445.302360999999,9025.650389,9414.662,3694.8138120000003
2025-02-06,3,A,72155.808372,0.0,7743.247755999999,9131.12038,9414.662,6237.895668,10998.162862999998
2025-02-07,3,A,37320.091289,0.0,14140.37324,10077.434277,6237.895668,7767.082387,3251.1350860000002
2025-02-08,3,A,37576.123959,0.0,13259.025416,9072.175525,7767.082387,9620.010233,3210.2839749999994
2025-02-09,3,A,69703.507844,0.0,7342.506490999999,8754.443710000001,9620.010233,6501.106396,7572.734723
2025-02-10,3,A,65174.138888,0.0,8179.139964999999,8919.285875000001,6501.106396,3952.014724,9130.064344999999
2025-02-11,3,A,68681.396479,0.0,8941.613475999999,4477.466066999999,3952.014724,7024.504557,6208.507159999999
2025-02-12,3,A,67242.319425,0.0,7582.272696,5683.134268,7024.504557,7533.956351,4398.663393000001
2025-02-13,3,A,67393.764926,0.0,10574.936233,7131.880335999999,7533.956351,9127.087478,7786.955689
2025-02-14,3,A,32839.505008,63.770769,12941.337246000001,14231.030651000003,9127.087478,4962.034718,6232.027171
2025-02-15,3,A,33004.342611,667.342472,13259.313509000001,9249.585775,4962.034718,6618.099347,3581.2904550000003
2025-02-16,3,A,64545.508007,0.0,6189.4357390000005,7609.1029229999995,6618.099347,3734.032709,7302.792881000001
2025-02-17,3,A,66504.631837,0.0,11322.22373,8265.950026,3734.032709,4739.645148,9193.986308000001
2025-02-18,3,A,66852.882001,0.0,9524.484349,6627.837238,4739.645148,5947.417465,9716.269413
2025-02-19,3,A,67126.635432,0.0,10269.37944,9410.076973000001,5947.417465,4734.217881,9726.272688
2025-02-20,3,A,65202.566463,0.0,9095.258522,5570.415330000001,4734.217881,6730.600184,8779.047046
2025-02-21,3,A,35192.892341,5.681667,15876.38606,11529.243911,6730.600184,8209.076626,4475.281392000001
2025-02-22,3,A,36430.689291,0.0,15341.384405,11228.581071,8209.076626,9540.121401,3024.086474
2025-02-23,3,A,66673.837548,0.0,9402.174838,10590.412944,9540.121401,6234.953261,8425.532746
2025-02-24,3,A,63085.668741,0.0,11188.929164,11211.604623000001,6234.953261,3847.651037,7773.092154
2025-02-25,3,A,67712.333794,0.0,13804.025639,10647.91232,3847.651037,4440.260422,8562.834555
2025-02-26,3,A,67529.128509,0.0,11307.139094,4014.720559,4440.260422,10155.884985,8847.736497000002
2025-02-27,3,A,62971.55377,0.0,10861.371546,14437.188583999998,10155.884985,3889.798727,11399.448145000002
2025-02-28,3,A,33920.613777,66.737526,15458.459116999999,10232.049078,3889.798727,6433.468512,4908.849722
2025-03-01,3,A,30736.299038,652.707254,15033.85082,16613.866602,6433.468512,1504.08247,6975.917334
2025-03-02,3,A,66161.617752,0.0,9515.915878000002,5952.995348,1504.08247,3453.967484,11643.738782
2025-03-03,3,A,63246.926627,0.0,6493.246545,6041.575246,3453.967484,2585.027991,14074.542193
2025-03-04,3,A,63447.481806,0.0,8364.267734,4896.516281,2585.027991,4672.295306,6689.99692
2025-03-05,3,A,63005.244896,0.0,10587.418773,6942.061975,4672.295306,6487.570008,7814.298057
2025-03-06,3,A,60781.153239,0.0,8070.755909,5234.0623350000005,6487.570008,7935.62551,3611.8840610000007
2025-03-07,3,A,30376.308927,99.59486100000001,13187.744202000002,10228.826344,7935.62551,8439.232687,3854.1297379999996
2025-03-08,3,A,30232.235157,698.111444,14483.975389,11352.80586,8439.232687,8860.581804,3532.5023060000003
2025-03-09,3,A,58934.732271,0.0,9465.091764,5921.247951999999,8860.581804,10800.0,5160.396165
2025-03-10,3,A,61312.479021,0.0,6830.449383,7742.568703,10800.0,8344.550331,5045.42676
2025-03-11,3,A,64668.917515,11.495,11394.377205,8577.52945,8344.550331,9068.901539,7993.788181000001
2025-03-12,3,A,57522.14506,0.0,9302.318593,8041.185365999999,9068.901539,8506.337867,2359.116078
2025-03-13,3,A,63076.931328,0.0,8744.917078,6398.580343,8506.337867,9267.229523,7591.073688999999
2025-03-14,3,A,29926.777546,288.535805,14132.619795999999,12569.035533,9267.229523,8020.992303,3341.213163
2025-03-15,3,A,32975.163868,25.447277,13442.276351999999,12108.201201,8020.992303,6665.484129,5457.744322
2025-03-16,3,A,63298.176243,0.0,10574.737223999999,8171.735026,6665.484129,7103.042045,7487.222889
2025-03-17,3,A,55518.985234,0.0,10408.442444,5929.712075000001,7103.042045,9882.071271,5231.820731
2025-03-18,3,A,59178.474443,0.0,9746.993917,11487.672426000001,9882.071271,5890.285322,9054.159877999999
2025-03-19,3,A,58786.885853,0.0,11563.273451000003,6646.806821,5890.285322,8911.890517,6220.919697999999
2025-03-20,3,A,55261.737837,392.231219,8971.463507,9051.694333,8911.890517,6928.769525,5523.861860999999
2025-03-21,3,A,29869.734485,344.163132,15336.031209,10969.832577000001,6928.769525,8542.494752,2385.882627
2025-03-22,3,A,30368.319877,67.57045,14621.377101999999,10081.699881,8542.494752,10499.845388,1157.585753
2025-03-23,3,A,59057.650909,0.0,11963.990557000001,10597.458249000001,10499.845388,9492.48328,5733.2684150000005
2025-03-24,3,A,59169.36467,0.0,12155.303213000001,11265.231083,9492.48328,7915.332746,6273.258817000001
2025-03-25,3,A,56103.751174,0.0,8194.95865,8360.18158,7915.332746,6001.704885,9096.799178
2025-03-26,3,A,57162.589946,0.0,13545.663961,9336.913932,6001.704885,7818.453637,5978.890154000001
2025-03-27,3,A,59527.631726,0.0,12446.318248000001,9509.802929,7818.453637,8453.692362,5380.326714
2025-03-28,3,A,29185.69364,251.35486600000002,14584.505517,11877.684319000002,8453.692362,8382.320306,3291.498463
2025-03-29,3,A,28857.850658,452.348929,14117.331305,11565.904754000001,8382.320306,8236.913197,3950.477009
2025-03-30,3,A,56649.927452,0.0,13179.419577,9259.016249999999,8236.913197,9810.594984,4417.044242
2025-03-31,3,A,64253.493413,0.0,15199.893624,14573.237874999999,9810.594984,7298.012719,11083.595758
2025-04-01,3,A,64012.315544,0.0,12573.06403,7764.063264,7298.012719,9987.033386,11762.967967
2025-04-02,3,A,60093.683424,0.0,10264.830001999999,9793.837727000002,9987.033386,8343.338468,10414.163712000001
2025-04-03,3,A,55411.918287,0.0,12408.046487999998,11630.77701,8343.338468,6587.494741,5863.193695
2025-04-04,3,A,29086.251713,517.444172,16628.509422,9783.552404,6587.494741,10682.539438,2415.4407220000003
2025-04-05,3,A,28750.18834,71.492595,14120.867425000002,12514.007018999999,10682.539438,9486.867877,3256.210701
2025-04-06,3,A,54607.552904,0.0,12040.076788,11023.749517,9486.867877,8074.326411,4232.8555559999995
2025-04-07,3,A,59724.972615,88.675433,15646.64181,11403.909609999999,8074.326411,9485.293363,8807.883333999998
2025-04-08,3,A,55085.713981,0.0,12638.110230999997,9747.863806000001,9485.293363,10028.632787,3909.409358000001
2025-04-09,3,A,60349.190398,0.0,12670.507498,11736.141484,10028.632787,8391.932332,7688.915242
2025-04-10,3,A,56282.924439,0.0,13616.643256,13448.839029,8391.932332,5703.756786,9317.183216
2025-04-11,3,A,28182.439206,365.246771,14718.407444000002,9440.516630999999,5703.756786,8460.860561,2479.068028
2025-04-12,3,A,30694.007141,8.28939,14509.481686000001,10603.105696,8460.860561,9738.165528,2781.711397
2025-04-13,3,A,55059.950622,199.520058,12690.526516,11371.729695000002,9738.165528,8524.384177,6829.7614699999995
2025-04-14,3,A,52524.01798,16.805866,12840.505717,9755.833489999999,8524.384177,9241.024332,4011.3831139999998
2025-04-15,3,A,60105.320342,0.0,17627.341727,13182.962608000002,9241.024332,10457.895654,8883.798297000001
2025-04-16,3,A,59950.132754,0.0,13466.356909999999,11608.469307,10457.895654,9679.317642,7608.6429180000005
2025-04-17,3,A,57194.752684,32.008082,14569.220924,14384.742532,9679.317642,6808.569216,10198.591689
2025-04-18,3,A,29579.077939,190.878597,15457.829249,9318.143353,6808.569216,10367.122925,2636.5794050000004
2025-04-19,3,A,28067.208791,67.529911,15312.033295000001,16525.212617,10367.122925,5786.605538,6238.1419750000005
2025-04-20,3,A,53056.17598,161.04814,12965.048736,12770.320704,5786.605538,3265.904173,10423.050011000001
2025-04-21,3,A,51476.069493,0.0,14277.633538,8719.744941,3265.904173,6427.168867,5697.337624
2025-04-22,3,A,58262.751742,79.300294,14561.174439999999,9192.913317,6427.168867,9317.877734,8655.422815
2025-04-23,3,A,56976.35154,59.434342,15247.82787,14151.057206,9317.877734,7317.525922,9383.684899
2025-04-24,3,A,52413.537785,0.0,14602.098222,12131.791976999999,7317.525922,6979.645459,6376.118721999999
2025-04-25,3,A,26969.954109,13.838258,16250.208391999999,11831.86052,6979.645459,8458.321323,3444.1557879999996
2025-04-26,3,A,25869.848014,137.332214,14084.441234999998,12344.474754,8458.321323,7418.235375,3934.545455
2025-04-27,3,A,53093.193361,1.73308,14437.269649,11027.487732000001,7418.235375,8159.013911,5158.119540999999
2025-04-28,3,A,59018.727504,0.0,11282.446005,9572.42764,8159.013911,7677.184605,8030.906846
2025-04-29,3,A,54362.6053,0.0,15210.328355999998,10755.003162,7677.184605,9416.476611,7655.880499
2025-04-30,3,A,52540.021051,57.7616,14531.779358,16121.783875,9416.476611,4581.984839,10765.637701
2025-05-01,3,A,51753.899349,188.21444400000001,13215.46046,9243.459961,4581.984839,6205.388184,3130.2891230000005
2025-05-02,3,A,30025.636794,47.075661,11469.026498000001,12751.327181,6205.388184,2359.37072,8344.736278
2025-05-03,3,A,29384.509626,124.717577,13083.26196,8583.03247,2359.37072,4597.603741,6151.914761
2025-05-04,3,A,57252.93275,0.0,14979.065679000001,9326.956328,4597.603741,7715.478043,7186.562526999998
2025-05-05,3,A,52806.983487,21.499995,11491.485461,14880.235096000002,7715.478043,1524.220408,7362.933593
2025-05-06,3,A,56899.337454,304.894147,14464.268148,8933.188009,1524.220408,4616.297289,10161.517654
2025-05-07,3,A,54663.052269,39.2863,12606.249104,11981.777802,4616.297289,2648.835036,8626.280590999999
2025-05-08,3,A,58154.749765,0.0,12403.715427,6565.50141,2648.835036,6517.177353,8968.205132
2025-05-09,3,A,30399.111609,73.514906,14077.147745999999,9445.563208000001,6517.177353,8691.540091,3111.992116
2025-05-10,3,A,34999.096068,45.900741,15452.531286,12688.613002999999,8691.540091,8500.359357,5604.826247000001
2025-05-11,3,A,61221.903173,0.0,14311.367747999999,10614.317019,8500.359357,9586.904753,8871.794055
2025-05-12,3,A,61998.77956,80.066079,16626.302003,14798.11149,9586.904753,8108.230454,11614.234999
2025-05-13,3,A,58187.41148,0.0,13811.397889,12436.389621999999,8108.230454,6720.277864,10661.559271999999
2025-05-14,3,A,60620.385969,68.950553,15533.165699000001,11385.621037999997,6720.277864,8049.436953,9481.835818
2025-05-15,3,A,62408.563612,39.740942,16952.082563,13580.307795,8049.436953,8217.080376,9576.105569
2025-05-16,3,A,31424.857882,35.671107,14624.823682,12001.674621,8217.080376,8044.227666,3201.744803
2025-05-17,3,A,33504.749328,76.432699,13115.508487,13156.915376,8044.227666,5229.390442,7261.314992
2025-05-18,3,A,60334.023311,0.0,14574.759667,7650.452416,5229.390442,9846.171457,7069.438614999999
2025-05-19,3,A,56711.827277,0.0,16463.801989,13693.293463000002,9846.171457,9448.822732,7757.446512
2025-05-20,3,A,62088.705908,0.0,14787.78098,13611.341394000003,9448.822732,7634.112953,10181.650765999999
2025-05-21,3,A,58775.499801,71.398483,15449.908314,10572.196937,7634.112953,9792.144952,8769.596716
2025-05-22,3,A,54326.614254,15.894836000000002,13335.240515,11924.263382,9792.144952,8544.679881,5060.911755000001
2025-05-23,3,A,33063.892959,114.3809,11974.808582,10170.230748,8544.679881,8021.751219,6804.341699
2025-05-24,3,A,31497.64656,48.79972,17376.798091,12531.207681000002,8021.751219,9737.305411,4227.393389
2025-05-25,3,A,60334.427295,18.49085,16488.498358,12738.157736000001,9737.305411,10423.445337,9688.763934
2025-05-26,3,A,55339.434358,33.38079,12189.671249,10874.894479,10423.445337,9310.933372,5736.566972999999
2025-05-27,3,A,63063.729499,9.671,17514.573414000002,15692.445132,9310.933372,7637.999299,14659.001642
2025-05-28,3,A,55633.14879,0.0,14351.576566,9869.969487999999,7637.999299,9587.785443,6962.528459000001
2025-05-29,3,A,61012.533677,0.0,14794.348790999999,12150.974478,9587.785443,9401.616599,9823.967272999998
2025-05-30,3,A,29729.405424,20.879259,14756.265586,14465.026542,9401.616599,6610.003914,4524.890436
2025-05-31,3,A,32770.592071,55.050065000000004,14960.240510000001,10208.129330999998,6610.003914,8731.854447,3818.6999079999996
2025-06-01,3,A,68451.356117,0.0,11320.589874000001,13164.281465999999,8731.854447,4293.405926,12826.703948999999
2025-06-02,3,A,65043.288466,0.0,9556.388855,10332.434296,4293.405926,1413.673344,10973.924551
2025-06-03,3,A,65064.076176,638.3592470000001,11054.160532,7671.363246,1413.673344,2838.680882,10299.280073
2025-06-04,3,A,66356.153744,182.990965,9553.873259,6498.602894,2838.680882,4216.496932,13566.850373000001
2025-06-05,3,A,68986.01431,0.0,10085.764683,7735.000649,4216.496932,4699.239979,11137.373388
2025-06-06,3,A,35547.611981,60.585162999999994,8437.388712,5806.038088,4699.239979,5841.736387,4205.063652
2025-06-07,3,A,35581.646234,0.0,10043.847432,8128.794575000001,5841.736387,5849.205105,3505.368773
2025-06-08,3,A,69977.204274,0.0,15708.557659999999,8268.216298999998,5849.205105,10800.0,7847.569021000001
2025-06-09,3,A,70575.822111,0.0,11156.029402,9036.383815,10800.0,10800.0,5612.327944
2025-06-10,3,A,68995.252596,0.0,10739.473537,8698.973564,10800.0,10800.0,4622.264578
2025-06-11,3,A,73024.145119,0.0,11867.130113000001,11949.507118000001,10800.0,8203.186969,8023.8203459999995
2025-06-12,3,A,71013.373979,0.0,12309.343603999998,8047.991816999999,8203.186969,10339.383084,6528.1297859999995
2025-06-13,3,A,38758.749546,105.14217400000001,15060.592783,12008.806702000002,10339.383084,10550.798032,3231.9741259999996
2025-06-14,3,A,39254.548792,0.0,16397.195033,13708.642759000002,10550.798032,10076.448274,3386.259777
2025-06-15,3,A,70530.697843,0.0,11966.67321,9041.808746,10076.448274,10800.0,6419.472391000001
2025-06-16,3,A,72521.303985,0.0,12435.588645,10072.826801000001,10800.0,10800.0,6850.827962999999
2025-06-17,3,A,76953.54358,0.0,12875.230882,12295.004086,10800.0,8726.592144,12779.065040000001
2025-06-18,3,A,75346.320694,0.0,14432.159983,9823.982515999998,8726.592144,10800.0,11588.696161
2025-06-19,3,A,68031.219559,0.0,12094.690213999998,10940.861505,10800.0,9528.70841,7870.488555
2025-06-20,3,A,35844.800352,0.0,15593.375499,15273.489714000001,9528.70841,6592.202233,6569.217267
2025-06-21,3,A,35951.309514,305.907597,18239.252265,11120.178602999998,6592.202233,10651.775267,1407.7655329999998
2025-06-22,3,A,71843.143062,0.0,14339.518552999998,11522.52367,10651.775267,10754.537885,10091.022565000001
2025-06-23,3,A,65388.413376,0.0,11142.339934,10538.412921,10754.537885,9073.296135,4993.90554
2025-06-24,3,A,70130.236852,0.0,7505.015454,7057.711212000001,9073.296135,7985.908696,6649.235332
2025-06-25,3,A,64500.430384,0.0,8661.611621,10362.55952,7985.908696,4267.404133,12698.752021
2025-06-26,3,A,65837.173739,0.0,11795.821045,5009.596697,4267.404133,9317.424522,8691.094611
2025-06-27,3,A,34538.012666,28.204487,15801.121462,14112.681007,9317.424522,7857.677161,5417.258897000001
2025-06-28,3,A,34607.099409,0.0,15600.852647000002,11503.011514000002,7857.677161,9117.320637,2740.1274609999996
2025-06-29,3,A,66975.945516,0.0,10627.974529000001,7842.49897,9117.320637,9968.609969,8445.906798
2025-06-30,3,A,60911.333443,0.0,6836.935086,11180.338169,9968.609969,3699.253582,8492.278787
2025-07-01,3,A,61282.50904,6486.394935,4475.718905,5874.660535000001,3699.253582,1200.0,11317.287617999998
2025-07-02,3,A,62748.041024,2804.9985590000006,8291.312672,4345.448743,1200.0,3833.905024,7768.181126
2025-07-03,3,A,66168.419457,1918.108412,5510.563019,6381.093616,3833.905024,1703.307724,5491.059684
2025-07-04,3,A,32704.808167,2134.558171,12550.170564,9977.673847,1703.307724,1912.156957,6064.5896250000005
2025-07-05,3,A,35760.57458,2408.5124750000004,11757.671367,5243.614183,1912.156957,6667.823206,2442.196613
2025-07-06,3,A,69424.260562,4450.8336,9072.738059,12269.958713000002,6667.823206,1200.0,15961.396811
2025-07-07,3,A,66003.108958,1931.206423,10148.011831000002,4995.3246070000005,1200.0,4782.849973,8375.057173
2025-07-08,3,A,73463.361678,1339.7569549999998,15869.689923999998,8270.712637999999,4782.849973,9875.890195,6676.7270610000005
2025-07-09,3,A,73070.640767,0.0,15409.641,12277.372603,9875.890195,10103.04198,3688.059953
2025-07-10,3,A,75026.074269,161.71038,17432.432639,13493.008218999998,10103.04198,10800.0,5613.905573
2025-07-11,3,A,44804.520629,0.0,17963.865464,14550.731025,10800.0,10800.0,2903.8312459999997
2025-07-12,3,A,38731.745546,191.038613,15591.369087000001,18366.197116,10800.0,4425.346494,8814.757005000001
2025-07-13,3,A,73181.809872,803.8370600000001,15787.446150999998,8765.829625,4425.346494,8894.237337,10941.825893
2025-07-14,3,A,73684.888938,0.0,15857.023858,14496.096616,8894.237337,7058.784792,8237.840513
2025-07-15,3,A,69492.995247,0.0,13611.279024000001,11456.253351,7058.784792,6579.765524,7246.859283
2025-07-16,3,A,71745.423402,0.0,14882.971339,9693.100607000002,6579.765524,9204.327944,7130.24293
2025-07-17,3,A,72950.075048,0.0,14359.323274999999,10731.730064000001,9204.327944,10203.574376,6998.041611
2025-07-18,3,A,43202.040399,0.0,16819.659323,14903.912114,10203.574376,8781.36542,4801.762799
2025-07-19,3,A,40395.819057,759.424658,15608.141031999998,16000.841717,8781.36542,5049.97933,9735.595625
2025-07-20,3,A,69738.38799,0.0,14065.508861999999,10219.653698,5049.97933,6353.766529,10299.97025
2025-07-21,3,A,68042.684468,0.0,10994.780617,9516.856451,6353.766529,5674.784138,10853.815336
2025-07-22,3,A,78795.677434,0.0,17398.659439000003,13629.484671,5674.784138,6189.705775,15429.466925
2025-07-23,3,A,72031.257571,0.0,13161.332476999998,6581.653462,6189.705775,10721.956714,7682.561822999999
2025-07-24,3,A,72267.342431,0.0,13499.567171,16282.747141,10721.956714,4779.625902,12259.140903
2025-07-25,3,A,42724.931099,16.388033,18877.233702,11954.6512,4779.625902,8486.190457,4526.327985
2025-07-26,3,A,40688.332746,0.0,17564.485800000002,15910.717624,8486.190457,6615.65254,6133.793282999999
2025-07-27,3,A,71897.738314,30.472808,13170.707787,8125.892830999999,6615.65254,9440.519735,9352.090811999999
2025-07-28,3,A,72976.400237,0.0,10989.928684,9945.565966,9440.519735,8280.8267,4658.589415999999
2025-07-29,3,A,68904.447425,0.0,10252.237036999999,9766.529197,8280.8267,6656.140926,8012.992495000001
2025-07-30,3,A,73064.783291,0.0,12856.131968,8468.076231,6656.140926,8817.686107,7078.629191999999
2025-07-31,3,A,67207.984355,0.0,8997.881291999998,11879.301008,8817.686107,3716.555928,10428.925967
2025-08-01,3,A,38374.015479,560.142372,17700.457473000002,9894.334114000001,3716.555928,8653.263084,3869.8003320000003
2025-08-02,3,A,39530.548616,41.550801,15183.321186,14356.547354000002,8653.263084,6366.532871,5525.805813
2025-08-03,3,A,68396.00057,327.218409,17642.928036,12531.060609000002,6366.532871,8321.767426,8949.768625
2025-08-04,3,A,67340.347018,97.49410499999999,16028.029378,14332.053902000001,8321.767426,6822.489531,7399.426662
2025-08-05,3,A,67661.083087,9.461033,16195.073408,10887.283514,6822.489531,9301.073917,5523.684004
2025-08-06,3,A,69803.707643,31.358402,14708.769986,15500.012909,9301.073917,5316.730338,14902.130236999998
2025-08-07,3,A,68472.604915,0.0,17947.054549,10493.154222,5316.730338,9810.019186,6088.432749
2025-08-08,3,A,37053.228211,1061.462187,18441.101245,18719.238937000002,9810.019186,5607.855932,7948.218865
2025-08-09,3,A,39177.644578,88.450569,17373.971687,12345.544984,5607.855932,7527.158246,3139.108066
2025-08-10,3,A,67858.528061,0.0,16356.702347,11498.801084,7527.158246,9471.74471,4059.852565
2025-08-11,3,A,66822.501157,0.0,15621.420016,14202.911813,9471.74471,7750.009596,8148.064058
2025-08-12,3,A,67193.799266,0.0,14128.361874999999,12307.227611999999,7750.009596,6790.837936,10048.803974
2025-08-13,3,A,64733.931387,2.997467,14063.08219,11826.48911,6790.837936,6307.068454,8933.919129
2025-08-14,3,A,66147.241292,92.491307,15284.402876999999,12581.400273000001,6307.068454,6083.697406,8104.410317
2025-08-15,3,A,37988.280366,25.036209,19370.821259999997,15287.335068,6083.697406,6531.508688,5262.4911680000005
2025-08-16,3,A,38693.274627,151.751171,17872.015452,12919.115311,6531.508688,8261.750027,3738.2078359999996
2025-08-17,3,A,65737.923876,0.0,15229.940955,12182.745783,8261.750027,8432.312684,5726.936742
2025-08-18,3,A,67395.910368,104.543391,16733.791506,12494.290335,8432.312684,9610.180223,4393.042837999999
2025-08-19,3,A,66042.726862,13.173533,15137.532759000002,12849.241358,9610.180223,8957.024864,5167.334212
2025-08-20,3,A,65103.05603,0.0,11050.589312999999,8800.642179,8957.024864,9124.063936,5456.045166
2025-08-21,3,A,64106.365803,0.0,13686.227142,13571.797518,9124.063936,6361.893343,6847.5148229999995
2025-08-22,3,A,38646.149173,92.328557,17127.040135999996,12263.428088,6361.893343,8150.198257,3794.3231419999997
2025-08-23,3,A,36456.864457,1164.557879,16725.973539,15621.565481000001,8150.198257,5846.279463,6599.032727
2025-08-24,3,A,64365.066148,1400.327065,15453.699425,8723.621601,5846.279463,10061.696055,3927.826234
2025-08-25,3,A,70309.852402,0.0,11819.86875,14584.862790000001,10061.696055,4494.17483,13544.559394999998
2025-08-26,3,A,67866.256817,0.0,15173.437832999998,7558.494051,4494.17483,9751.942156,5478.6897069999995
2025-08-27,3,A,70451.468426,0.0,15080.094281999998,15343.454838,9751.942156,6275.743858,10691.862574
2025-08-28,3,A,68636.758534,21.578171,11969.618585,7241.3674439999995,6275.743858,9002.436755,5439.943846
2025-08-29,3,A,40370.80784,181.26942400000001,16210.425255,14293.020740999998,9002.436755,7710.685329,5767.507369999999
2025-08-30,3,A,39047.978175,97.045391,16152.210444,13506.714259999999,7710.685329,7240.214439,3967.9154260000005
2025-08-31,3,A,64511.139542,149.87532399999998,12497.674676,7806.184626999999,7240.214439,9814.583172,3548.07049
2025-09-01,3,A,63626.841616,0.0,17439.780083,13239.346722,9814.583172,10800.0,7902.445078000001
2025-09-02,3,A,68743.23542,0.0,21147.988105,19560.777238,10800.0,8098.992363,13669.558673
2025-09-03,3,A,64636.373408,14.482128,19239.169944999998,14627.132193000001,8098.992363,9161.876211,8425.236722000001
2025-09-04,3,A,66026.028076,0.0,21008.517272,15924.120139,9161.876211,10376.074935,7857.387961
2025-09-05,3,A,38911.139034,10.41243,22006.122525,17649.301502000002,10376.074935,10571.250204,4062.0125309999994
2025-09-06,3,A,30695.547789,905.2903550000001,11744.620796000001,9663.634971,10571.250204,10404.036729,1278.1052
2025-09-07,3,A,57473.659461,162.881622,12280.171233000001,12633.251097999999,10404.036729,7419.245175,4981.892532
2025-09-08,3,A,51541.280009,1557.610788,7995.779275000001,12073.901872,7419.245175,1200.0,4454.337235
2025-09-09,3,A,53904.637893,1731.1066340000002,11530.522217,8922.312366,1200.0,1663.78959,5389.223172
2025-09-10,3,A,52447.252027,995.14024,5514.900812,4270.25191,1663.78959,1882.475975,2853.2332050000005
2025-09-11,3,A,51687.95434,811.846248,10087.471016000001,7534.199508,1882.475975,2589.867103,5077.491009999999
2025-09-12,3,A,28660.41904,494.398124,10037.94917,5884.54002,2589.867103,5085.643556,1836.717641
2025-09-13,3,A,30221.308627,103.419067,11126.680449,9254.896579,5085.643556,4816.43754,1358.6225880000002
2025-09-14,3,A,55557.050946,88.542929,8226.215334,8881.289767999999,4816.43754,2351.931599,6885.933903000001
2025-09-15,3,A,55446.688387,77.34386500000001,10990.516400999999,6815.43609,2351.931599,4670.689594,2087.869639
2025-09-16,3,A,61169.521806,0.0,11317.003897999999,8808.152021000002,4670.689594,5069.157524,7498.508168999999
2025-09-17,3,A,55514.86501,90.036789,8783.757596000001,8538.660482,5069.157524,3487.138825,5816.003857
2025-09-18,3,A,58457.752938,65.902523,11519.599284,5729.555635,3487.138825,7488.605253,5189.578404
2025-09-19,3,A,31425.740948,235.79279899999997,9376.981768999998,9003.403009,7488.605253,5924.107725,1574.8357200000005
2025-09-20,3,A,31731.280205,141.346356,9699.125172999999,9470.818788,5924.107725,4130.188393,4644.507347000001
2025-09-21,3,A,57596.414343,0.0,12496.407023999998,6894.629763,4130.188393,7716.254978,3224.55996
2025-09-22,3,A,59383.674155,0.0,10191.423653999998,7876.931422,7716.254978,8136.390244,6759.341710000001
2025-09-23,3,A,58633.695233,0.0,9727.568998,10151.669023999999,8136.390244,5611.570094,5015.6381329999995
2025-09-24,3,A,56637.907055,229.957035,9409.376496,4961.039377,5611.570094,8567.742966,2982.996819
2025-09-25,3,A,58089.181138,0.0,11677.744788,10481.130291000001,8567.742966,7432.012951,4881.6659389999995
2025-09-26,3,A,32229.727331,67.034483,8132.635211,9419.344527000001,7432.012951,4285.446277,2585.107825
2025-09-27,3,A,33248.577818,173.81374499999998,10084.467964,7979.596573999999,4285.446277,4495.249029,5232.754563
2025-09-28,3,A,61895.795276,0.0,10269.523719,5876.818466,4495.249029,7208.022082,5489.67089
2025-09-29,3,A,57353.174733,0.0,8367.987172,8628.468066,7208.022082,5152.023797,5088.7056840000005
2025-09-30,3,A,62078.039113,14.509409,9047.4778,8208.218254,5152.023797,4174.511314,8575.957675
2025-10-01,3,A,56746.17478,2.243077,15350.561784000001,8658.775962,4174.511314,8369.154739,5983.955408999999
2025-10-02,3,A,58474.451829,0.0,15563.178736999998,10418.414041,8369.154739,10800.0,5941.206088000001
2025-10-03,3,A,28713.924204,812.8766039999999,12824.360369000002,11529.418127,10800.0,9531.459745,3553.1919269999994
2025-10-04,3,A,32056.283674,64.251292,12564.603501000001,9305.623136999999,9531.459745,10500.021632,3106.8017379999997
2025-10-05,3,A,56077.396775,116.420948,12856.242315999998,10143.575744,10500.021632,10800.0,4185.3915099999995
2025-10-06,3,A,57107.677044,0.0,11060.498503,11125.01611,10800.0,8393.319644,3819.421179
2025-10-07,3,A,54601.774001,526.620535,10489.983479999999,8706.419045,8393.319644,8160.505837,4105.884499
2025-10-08,3,A,51297.557708,492.13588300000004,9649.711882999998,10331.107607,8160.505837,5366.238078,3026.8419600000007
2025-10-09,3,A,52077.684514,684.281991,10622.418717,8546.329097,5366.238078,5430.493705,8573.263814
2025-10-10,3,A,28664.95225,149.766508,10991.654074,6303.040318,5430.493705,8319.60424,1786.2006539999998
2025-10-11,3,A,28112.391263,121.31701100000001,10865.49238,9911.181805999999,8319.60424,7086.123154,3413.3330670000005
2025-10-12,3,A,55046.041559,0.0,9473.403299,8581.097735,7086.123154,6077.633084,3209.875841
2025-10-13,3,A,53313.428237,75.224767,10204.925233999998,6621.802033,6077.633084,7904.50798,2718.6354399999996
2025-10-14,3,A,54800.479991,1553.849192,8646.472178,7397.482804,7904.50798,7466.907602,6399.252801
2025-10-15,3,A,54962.572589,0.0,6767.934369999999,10617.852267,7466.907602,1760.434904,8307.179074
2025-10-16,3,A,58521.456305,48.530128000000005,9390.138533000001,4717.7827449999995,1760.434904,4969.578757,7012.747805
2025-10-17,3,A,29269.900945,114.037341,9239.488520000003,4593.788119,4969.578757,8180.909404,571.13493
2025-10-18,3,A,33359.325604,75.230034,10513.766191,9562.928942,8180.909404,7017.822373,5244.87555
2025-10-19,3,A,61379.4648,0.0,10010.247362999999,9983.955378999999,7017.822373,4933.761245,8199.818632999999
2025-10-20,3,A,59608.029181,0.0,7887.858815999999,6134.152948999999,4933.761245,5217.108681,5815.3282
2025-10-21,3,A,60091.869173,0.0,7253.537357,6896.826592,5217.108681,4082.151645,9343.936039
2025-10-22,3,A,56309.90633,1927.922004,6547.115551,4988.577106,4082.151645,4431.69219,5879.2860329999985
2025-10-23,3,A,59823.9044,0.0,7595.917797,4311.694757,4431.69219,6477.246256,10447.835241
2025-10-24,3,A,30086.670132,85.987096,9611.749842000001,8276.161183,6477.246256,5932.086469,1949.043591
2025-10-25,3,A,30121.172968,110.931383,9121.395918999999,7197.147762999999,5932.086469,6144.511949,951.789192
2025-10-26,3,A,58357.232889,0.0,7050.455782,5254.767580999999,6144.511949,6651.291506,5701.450761
2025-10-27,3,A,60946.975117,0.0,11154.993118999999,9573.491117000001,6651.291506,6053.572962,5045.733507999999
2025-10-28,3,A,60246.086559,0.0,9033.201705,6282.758552,6053.572962,7202.61166,1992.0511229999997
2025-10-29,3,A,60388.571322,0.0,5472.199684,7889.740001,7202.61166,3361.213597,5463.94059
2025-10-30,3,A,57517.069191,26.987123,8033.44775,5183.459288000001,3361.213597,4831.917363,2698.677702000001
2025-10-31,3,A,33883.773005,0.0,8974.623618999998,5285.934775000001,4831.917363,7035.817756,3976.2928170000005
2025-11-01,3,A,32021.935314,195.536217,8642.739809,7618.584507999999,7035.817756,6349.189687,2267.8622910000004
2025-11-02,3,A,64660.628035,0.0,8285.135841,6872.458695,6349.189687,6169.746727,8095.679431
2025-11-03,3,A,62983.499721,0.0,6514.445353,7195.869560000001,6169.746727,4037.336921,7184.526344
2025-11-04,3,A,60477.449895,0.0,7352.209478999999,4837.60073,4037.336921,5279.213529,2226.636260999999
2025-11-05,3,A,61764.436355,0.0,5615.535062999999,3796.244897,5279.213529,6115.145201,6727.566543999999
2025-11-06,3,A,61014.272659,0.0,4263.413124,5108.158732999999,6115.145201,4276.485085,2884.151916
2025-11-07,3,A,31993.510606,87.737491,11557.820295,6220.1436109999995,4276.485085,7767.252673,1436.7533130000002
2025-11-08,3,A,31731.062921,56.358423,9804.726537999999,8550.639301,7767.252673,7090.796221,2069.042544
2025-11-09,3,A,61858.887193,0.0,5082.980534,8203.993062000001,7090.796221,2549.930857,4907.934523999999
2025-11-10,3,A,64511.9732,0.0,4995.055331,3555.999328,2549.930857,3094.370291,6005.92765
2025-11-11,3,A,63583.764423,0.0,5963.828949999999,3244.894717,3094.370291,4856.37777,6054.757837
2025-11-12,3,A,63976.813248,0.0,7127.039530999999,7824.981866,4856.37777,2576.289051,6492.741485999999
2025-11-13,3,A,62265.070253,0.0,5482.5519110000005,4263.228765999999,2576.289051,2773.664919,2784.4257370000005
2025-11-14,3,A,32282.593094,126.326744,9103.046267,4900.925138,2773.664919,5520.934183,1991.428759
2025-11-15,3,A,34281.657043,84.553744,9410.440762000002,5916.697689999999,5520.934183,7416.222325,2819.91355
2025-11-16,3,A,64000.691892,0.0,4981.534215999999,7026.022716000001,7416.222325,4092.911212,3722.5436929999996
2025-11-17,3,A,63347.019023,0.0,5808.118959999999,3727.772991,4092.911212,5178.248285,3043.529551
2025-11-18,3,A,62972.231248,184.085003,3714.7952720000003,5831.385797,5178.248285,2042.246478,6186.118274
2025-11-19,3,A,64351.197098,0.0,5169.433357000001,4180.971981,2042.246478,2049.212076,4283.286081
2025-11-20,3,A,63341.895234,0.0,4791.957764,3388.779302,2049.212076,2596.663727,2621.270584
2025-11-21,3,A,34345.052487,216.00844,10299.082161000002,5932.4450529999995,2596.663727,5274.232057,2572.844975
2025-11-22,3,A,34139.127772,0.0,10063.884747000002,6448.592830999999,5274.232057,7166.625185,2368.609944
2025-11-23,3,A,65437.964209,0.0,4551.962391,5420.208672000001,7166.625185,5240.937257,3601.4227049999995
2025-11-24,3,A,64250.73327,0.0,5124.835903,5607.706794999999,5240.937257,3622.504242,3718.5205869999995
2025-11-25,3,A,67196.011205,0.0,4027.869353,3624.9701040000004,3622.504242,3219.842101,10491.582357
2025-11-26,3,A,66071.931149,0.0,4086.6498329999995,3455.360807,3219.842101,3058.537165,7166.994311
2025-11-27,3,A,66075.299722,154.8554,5183.293884000001,5232.028337,3058.537165,1910.136844,6413.576971
2025-11-28,3,A,33646.198352,34.892644,9682.201706000002,4447.368275,1910.136844,5682.598074,1514.1030879999998
2025-11-29,3,A,35488.187792,0.0,6790.430487999999,7279.381789000001,5682.598074,3705.783525,3019.386061
2025-11-30,3,A,68549.216314,1598.676915,4428.712847,5453.339525999999,3705.783525,1632.358947,7221.079962
2025-12-01,3,A,75257.600543,0.0,7469.037281999999,3363.605631,1632.358947,4617.15291,5448.182228
2025-12-02,3,A,74432.479686,0.0,4548.239382,4033.757816,4617.15291,4228.615224,5614.166191
2025-12-03,3,A,71913.029682,0.0,2524.290054,3511.812063,4228.615224,2598.462868,5795.828608
2025-12-04,3,A,73496.630525,883.418005,4052.622161,2505.355202,2598.462868,3462.094811,6694.104658
2025-12-05,3,A,37826.065524,853.916655,8039.152056,4545.698541,3462.094811,5646.555506,2018.5169580000002
2025-12-06,3,A,36269.371133,1682.08345,6586.261400000001,4812.894413000001,5646.555506,6226.530308,2062.0068990000004
2025-12-07,3,A,74820.14788,0.0,4360.340313000001,3458.8124749999997,6226.530308,6307.711617,5188.3758020000005
2025-12-08,3,A,78068.451983,0.0,7195.329414000001,4874.56287,6307.711617,7367.327123,8321.812546
2025-12-09,3,A,76309.855758,0.0,6405.082872,5178.594573999999,7367.327123,7377.907738,6579.415116
2025-12-10,3,A,77913.737749,0.0,6282.296189,6641.132879999999,7377.907738,5652.937776,8145.084919000001
2025-12-11,3,A,74987.328837,0.0,6078.110562,3004.6859900000004,5652.937776,7784.697293,5508.9664760000005
2025-12-12,3,A,39364.741806,0.0,7910.965579,7831.303061,7784.697293,6203.118468,1544.760538
2025-12-13,3,A,42005.726841,0.0,9796.641116,7731.999656,6203.118468,6428.984744,2735.6696560000005
2025-12-14,3,A,75896.645586,0.0,5351.047568,5506.944235,6428.984744,5126.100628,3429.312535
2025-12-15,3,A,74813.412322,0.0,3562.78884,2831.978073,5126.100628,5185.968279,3236.0110459999996
2025-12-16,3,A,74626.420305,0.0,3098.7056770000004,1057.054854,5185.968279,6800.297995,3301.2735449999996
2025-12-17,3,A,76271.391639,0.0,5962.011611999998,4291.645816,6800.297995,7397.613095,6348.226651
2025-12-18,3,A,75293.668983,0.0,5494.828865,2551.107085,7397.613095,9508.395645,2732.756088
2025-12-19,3,A,40994.676943,0.0,9512.450988,8537.015563,9508.395645,8584.028685,3064.24299
2025-12-20,3,A,40305.154492,0.0,8665.268503000001,7988.222959000001,8584.028685,7506.967051,3361.321736
2025-12-21,3,A,76190.636173,0.0,5129.908656,3182.801708,7506.967051,8587.438498,3735.2829719999995
2025-12-22,3,A,74776.345046,0.0,3883.727919,3666.432551,8587.438498,8008.979679,2561.5006139999996
2025-12-23,3,A,74508.163384,0.0,4577.195537,3990.387054,8008.979679,7694.692269,3959.3955159999996
2025-12-24,3,A,74582.622213,0.0,4114.724724,3482.8705200000004,7694.692269,7528.088387,3995.964253000001
2025-12-25,3,A,73122.516676,0.0,3800.529489,5208.933994,7528.088387,5160.86049,1909.530623
2025-12-26,3,A,39898.502274,10.006328,9283.532443,5562.925119,5160.86049,7335.011777,1964.688846
2025-12-27,3,A,40095.570692,0.0,8219.473599,7431.007536,7335.011777,6475.862975,3207.6295670000004
2025-12-28,3,A,74287.712065,0.0,5049.960944,2342.5823359999995,6475.862975,8417.958561,3531.148524
2025-12-29,3,A,74555.067389,0.0,4565.975284,3949.3588599999994,8417.958561,8139.159807,4550.033735999999
2025-12-30,3,A,76192.793579,0.0,6281.5322049999995,4097.860042,8139.159807,9239.360967,4505.465613000001
2025-12-31,3,A,74773.882475,0.0,4106.836443,6164.056998,9239.360967,6086.561546,4638.299602
2025-02-01,4-2,A,33659.791073,0.0,14451.097339,10346.21634,6133.517703,7643.709375,0.0
2025-02-02,4-2,A,80253.960619,0.0,12764.248943,9734.332741,7643.709375,8315.608156,0.0
2025-02-03,4-2,A,81093.999633,0.0,12710.999391,9232.078008,8315.608156,9497.643154,0.0
2025-02-04,4-2,A,83728.882832,0.0,11961.59497,13818.988802,9497.643154,4908.646624,0.0
2025-02-05,4-2,A,77552.378461,0.0,8415.119259000001,3186.9505139999997,4908.646624,8941.197832,0.0
2025-02-06,4-2,A,82884.955659,0.0,13548.142512999999,12038.105009,8941.197832,7758.853861,0.0
2025-02-07,4-2,A,33367.970637,0.0,14283.088951999998,14790.618036,7758.853861,4179.613877,0.0
2025-02-08,4-2,A,29215.842624,0.0,13103.015529999999,6151.381990000001,4179.613877,9137.458975,0.0
2025-02-09,4-2,A,76397.905446,0.0,8589.784537,8414.775664000003,9137.458975,7518.51432,0.0
2025-02-10,4-2,A,71667.588221,0.0,8750.731882,7938.283939999999,7518.51432,6573.857525,0.0
2025-02-11,4-2,A,72833.754376,0.0,8341.107983,10258.329196,6573.857525,2682.711158,0.0
2025-02-12,4-2,A,75076.546456,0.0,12910.282536,9319.464382,2682.711158,3947.005016,0.0
2025-02-13,4-2,A,68895.394509,0.0,10043.656385000002,3826.76568,3947.005016,8734.333896,0.0
2025-02-14,4-2,A,28866.541267,14.033317,11487.989508000002,12710.693475,8734.333896,4950.531702,0.0
2025-02-15,4-2,A,28665.514849,89.335054,13203.363382,8419.50964,4950.531702,7478.548034,0.0
2025-02-16,4-2,A,72240.495781,0.0,8142.987705,7914.827772000001,7478.548034,6012.983888,0.0
2025-02-17,4-2,A,71122.92789,0.0,10084.092148,10625.296101999998,6012.983888,3282.782263,0.0
2025-02-18,4-2,A,64607.242119,0.0,6178.116080000001,1030.324376,3282.782263,7698.281873,0.0
2025-02-19,4-2,A,65988.029888,0.0,5447.52311,6909.769063,7698.281873,4923.53149,0.0
2025-02-20,4-2,A,67448.438718,0.0,8659.872478000001,8477.588876999998,4923.53149,3297.873522,0.0
2025-02-21,4-2,A,27938.934137,0.0,14613.026857,6697.074402000001,3297.873522,9008.403914,0.0
2025-02-22,4-2,A,28294.466327,17.522,13185.23375,14279.206187,9008.403914,5009.329634,0.0
2025-02-23,4-2,A,68532.887068,0.0,9852.448281,5193.606576,5009.329634,8105.859115,0.0
2025-02-24,4-2,A,65219.253367,0.0,8695.045292,11358.591622999998,8105.859115,3310.742518,0.0
2025-02-25,4-2,A,65639.197852,0.0,11820.196633999998,7150.153731,3310.742518,6004.304232,0.0
2025-02-26,4-2,A,61890.235403,0.0,6283.942622,3740.6363300000003,6004.304232,7503.590002,0.0
2025-02-27,4-2,A,62160.946342,0.0,8311.165140000001,7822.178605999998,7503.590002,6292.329065,0.0
2025-02-28,4-2,A,26335.243861,46.546543,14389.517861,11613.150343,6292.329065,6339.39476,0.0
2025-03-01,4-2,A,27612.166927,0.0,12150.678714999998,13685.958760999998,6339.39476,2068.384757,0.0
2025-03-02,4-2,A,67567.970412,0.0,9319.106666,3244.944222,2068.384757,6850.087176,0.0
2025-03-03,4-2,A,69346.762871,0.0,10101.814254,9878.057864,6850.087176,4966.100156,0.0
2025-03-04,4-2,A,62010.933649,0.0,6274.576147999999,5097.740901,4966.100156,4949.06213,0.0
2025-03-05,4-2,A,63696.483391,0.0,9825.494888,7132.433373,4949.06213,5867.08156,0.0
2025-03-06,4-2,A,57981.468222,0.0,5686.919922000001,5728.514619,5867.08156,4620.293246,0.0
2025-03-07,4-2,A,25193.255166,108.313545,12898.652301000002,6835.477524,4620.293246,8634.105292,0.0
2025-03-08,4-2,A,23472.848822,1114.466966,13197.955264,11203.377445999999,8634.105292,8064.067867,0.0
2025-03-09,4-2,A,56768.946705,0.0,8058.3268100000005,4064.9057970000003,8064.067867,10800.0,0.0
2025-03-10,4-2,A,55954.275393,0.0,2854.310086,8128.466543999999,10800.0,4337.249584,0.0
2025-03-11,4-2,A,54578.791726,697.381258,5653.963375,4039.687234,4337.249584,4937.27525,0.0
2025-03-12,4-2,A,57803.442469,0.0,8673.976652,3782.0300469999997,4937.27525,8541.598628,0.0
2025-03-13,4-2,A,57659.077303,0.0,4586.181481,4466.981427000001,8541.598628,7705.849266,0.0
2025-03-14,4-2,A,23228.907865,188.149507,13134.497065,11543.840477,7705.849266,6700.407206,0.0
2025-03-15,4-2,A,23512.649356,100.992557,12555.123916,9097.61109,6700.407206,7891.561965,0.0
2025-03-16,4-2,A,58292.515855,0.0,8128.700779,6860.783488,7891.561965,7584.299904,0.0
2025-03-17,4-2,A,51581.675153,0.0,9156.355021,4886.8396299999995,7584.299904,10395.19761,0.0
2025-03-18,4-2,A,58788.661602,0.0,9498.014414,9621.8874,10395.19761,8252.424584,0.0
2025-03-19,4-2,A,53614.160106,52.351656999999996,8482.651353,7210.4499860000005,8252.424584,7875.199706,0.0
2025-03-20,4-2,A,57353.688938,0.0,9928.249962,6985.021873,7875.199706,9049.489257,0.0
2025-03-21,4-2,A,22887.003183,172.53948400000002,13355.863903,12118.718804,9049.489257,7604.523654,0.0
2025-03-22,4-2,A,23827.496921,75.563599,13144.671695,7984.555823,7604.523654,10562.999489,0.0
2025-03-23,4-2,A,56980.362641,0.0,11981.550324,9922.87067,10562.999489,10320.982926,0.0
2025-03-24,4-2,A,54466.805292,0.0,9774.987554000001,8976.647917,10320.982926,9144.418483,0.0
2025-03-25,4-2,A,57920.914603,0.0,10703.220744999999,9770.765909000002,9144.418483,7920.910589,0.0
2025-03-26,4-2,A,53234.866681,349.49318500000004,10772.79384,9004.333699,7920.910589,7611.609825,0.0
2025-03-27,4-2,A,54772.620652,0.0,9716.358803000001,8062.629849,7611.609825,7397.855139,0.0
2025-03-28,4-2,A,23472.622063,45.601581,14769.2274,10897.037616,7397.855139,8582.340226,0.0
2025-03-29,4-2,A,22335.094881,46.401534,13398.350755,12289.873854000001,8582.340226,6985.440513,0.0
2025-03-30,4-2,A,52618.681055,0.0,11142.254278999999,6093.907854,6985.440513,10242.460636,0.0
2025-03-31,4-2,A,49725.293705,143.813738,7397.610187,9598.524473,10242.460636,6235.282613,0.0
2025-04-01,4-2,A,54931.501847,0.0,9998.248098,6227.873592,6235.282613,8313.846354,0.0
2025-04-02,4-2,A,53501.553268,0.0,7548.556802,6499.989735,8313.846354,7885.336658,0.0
2025-04-03,4-2,A,56773.52804,0.0,13343.79241,10833.828104000002,7885.336658,7857.163045,0.0
2025-04-04,4-2,A,21820.323659,132.87323,15921.043686999998,10796.004581,7857.163045,10190.541719,0.0
2025-04-05,4-2,A,21806.329503,60.155807,12881.283792,10597.969009999999,10190.541719,10008.17601,0.0
2025-04-06,4-2,A,50842.248471,0.0,9093.489725,9951.225442,10008.17601,7135.399606,0.0
2025-04-07,4-2,A,48523.831591,62.337065,10431.462121,6657.119048,7135.399606,9126.916571,0.0
2025-04-08,4-2,A,54439.66316,0.0,13590.504383999998,10280.406896999999,9126.916571,9935.696187,0.0
2025-04-09,4-2,A,52485.872878,0.0,8785.821543999999,8248.363255,9935.696187,8678.087515,0.0
2025-04-10,4-2,A,52843.828673,0.0,12251.916559,11252.592115,8678.087515,7201.932289,0.0
2025-04-11,4-2,A,20856.113303,254.989879,13628.365571,10299.710085,7201.932289,8023.338986,0.0
2025-04-12,4-2,A,21694.556729,0.0,11848.462843000001,11303.218251999999,8023.338986,6127.824153,0.0
2025-04-13,4-2,A,49437.420054,4.140202,10000.151644,5556.348998,6127.824153,8954.239523,0.0
2025-04-14,4-2,A,51721.926875,0.0,12637.495579,11647.288891,8954.239523,7386.553443,0.0
2025-04-15,4-2,A,47155.688926,43.8924,12294.015587000002,7352.029076,7386.553443,10282.246276,0.0
2025-04-16,4-2,A,48792.303942,0.0,7691.774388000001,11367.610041,10282.246276,4574.165402,0.0
2025-04-17,4-2,A,48407.021817,92.25132500000001,9646.768073,6034.135723999999,4574.165402,6551.661419,0.0
2025-04-18,4-2,A,21091.911874,142.235738,14266.08479,8081.217812000002,6551.661419,10412.006828,0.0
2025-04-19,4-2,A,20413.908945,105.577936,14162.007209,14106.009661999999,10412.006828,7484.469247,0.0
2025-04-20,4-2,A,47890.383298,27.567526,9752.630513,9300.760974,7484.469247,5927.65785,0.0
2025-04-21,4-2,A,48202.652698,0.0,12164.967435,10033.864716,5927.65785,5727.389968,0.0
2025-04-22,4-2,A,47383.829702,73.821354,10220.802691,6368.128194999999,5727.389968,7850.414396,0.0
2025-04-23,4-2,A,46116.850857,32.984132,9447.365017999999,7876.615527,7850.414396,7601.24788,0.0
2025-04-24,4-2,A,47407.64925,19.418717,12694.46357,11973.145020999998,7601.24788,5722.770625,0.0
2025-04-25,4-2,A,20090.172887,39.582566,13111.425822000001,9438.170537000002,5722.770625,7036.197713,0.0
2025-04-26,4-2,A,20178.790919,81.788171,13345.34145,9333.933876000001,7036.197713,8675.96738,0.0
2025-04-27,4-2,A,45135.855736,236.967086,10411.568293000002,11502.50195,8675.96738,5265.821121,0.0
2025-04-28,4-2,A,49037.6798,0.0,7480.73596,5363.473900999999,5265.821121,6039.06804,0.0
2025-04-29,4-2,A,44395.682952,133.419341,12010.623241000001,8520.677979,6039.06804,7381.20898,0.0
2025-04-30,4-2,A,44282.104488,592.7066460000001,11113.056989,10321.225622,7381.20898,5914.931801,0.0
2025-05-01,4-2,A,47964.744599,122.38537799999999,11910.736153,9272.270221,5914.931801,6332.071871,0.0
2025-05-02,4-2,A,22002.875783,6.423178,6767.601596,8990.690462,6332.071871,2433.257237,0.0
2025-05-03,4-2,A,21250.40638,100.470347,9710.536073000001,6236.458745,2433.257237,4243.341096,0.0
2025-05-04,4-2,A,47422.272809,98.036052,11100.639664,6915.2786940000005,4243.341096,6550.2738,0.0
2025-05-05,4-2,A,51713.158216,88.757684,10334.370432999998,10203.010127,6550.2738,4514.52927,0.0
2025-05-06,4-2,A,46400.887634,1398.570365,10638.761656,7892.780697,4514.52927,5319.658431,0.0
2025-05-07,4-2,A,48911.355087,129.894387,9540.404476000002,7449.658327,5319.658431,5628.624318,0.0
2025-05-08,4-2,A,50279.054669,0.0,8640.848233,5015.666330000001,5628.624318,7832.425138,0.0
2025-05-09,4-2,A,23005.465535,46.222884,14624.804954,10169.106881,7832.425138,9695.741952,0.0
2025-05-10,4-2,A,23079.861062,18.385699000000002,12414.926008,12609.239177,9695.741952,6858.909606,0.0
2025-05-11,4-2,A,50668.934224,0.0,8823.330514000001,6503.235023999999,6858.909606,7574.090375,0.0
2025-05-12,4-2,A,46781.31282,59.31428,9266.798938000002,8696.094015,7574.090375,6251.882737,0.0
2025-05-13,4-2,A,51994.27685,0.0,12498.183754,7975.097183,6251.882737,8639.029024,0.0
2025-05-14,4-2,A,51578.663205,53.916755,12015.925451,10818.796946999999,8639.029024,7432.476433,0.0
2025-05-15,4-2,A,52345.189745,142.91333,12143.759661,8922.090028,7432.476433,8448.426764,0.0
2025-05-16,4-2,A,22420.112223,17.859103,15116.821978,12312.317043000001,8448.426764,8373.214275,0.0
2025-05-17,4-2,A,22915.009527,116.629053,12445.153279000002,11206.892226,8373.214275,7121.749753,0.0
2025-05-18,4-2,A,50915.695615,0.0,11562.174864999999,6526.735836000001,7121.749753,10275.778422,0.0
2025-05-19,4-2,A,48226.23037,0.0,13501.322818,12490.311115,10275.778422,8548.845497,0.0
2025-05-20,4-2,A,48009.453845,37.076505,8089.668041000001,9001.029030000002,8548.845497,5828.403367,0.0
2025-05-21,4-2,A,47047.912904,178.795752,10598.859517,6781.665432000001,5828.403367,7832.19312,0.0
2025-05-22,4-2,A,49089.215967,0.0,11582.783457,9860.038349999999,7832.19312,7301.100065,0.0
2025-05-23,4-2,A,21761.270247,119.67702799999998,14661.006711,10954.731153,7301.100065,8324.082602,0.0
2025-05-24,4-2,A,22827.594485,43.986352,16201.168978000002,13262.785616000001,8324.082602,8168.706221,0.0
2025-05-25,4-2,A,47526.538681,0.0,12273.070819999999,7951.095973,8168.706221,10379.918878,0.0
2025-05-26,4-2,A,47952.815824,487.13120399999997,8112.110896,8941.991261999998,10379.918878,7745.272839,0.0
2025-05-27,4-2,A,46881.911701,466.184594,11737.118565,9191.527993,7745.272839,8095.870666,0.0
2025-05-28,4-2,A,50103.455233,0.0,11528.708098999998,8385.045699999999,8095.870666,9154.990511,0.0
2025-05-29,4-2,A,50213.333311,57.506492,10102.471700999999,8076.619904,9154.990511,9273.192926,0.0
2025-05-30,4-2,A,22576.134348,113.871617,11812.604628000001,11403.946414,9273.192926,7233.48552,0.0
2025-05-31,4-2,A,23380.895432,29.448658000000002,13104.572369,9495.857246,7233.48552,8476.648157,0.0
2025-06-01,4-2,A,61388.060344,0.0,6449.705469999999,11482.733532999999,8476.648157,1522.790265,0.0
2025-06-02,4-2,A,63477.927927,97.555747,10649.323129,7810.172030999999,1522.790265,2429.212158,0.0
2025-06-03,4-2,A,59041.294425,0.0,7184.742861000001,5050.626871,2429.212158,3283.673097,0.0
2025-06-04,4-2,A,66090.862999,0.0,10583.338418,10221.275828,3283.673097,1451.70453,0.0
2025-06-05,4-2,A,58092.370445,2159.7294739999998,4447.077645,3828.666969,1451.70453,1200.0,0.0
2025-06-06,4-2,A,30842.859343,124.02776999999999,5562.160009,1116.757331,1200.0,4965.102531,0.0
2025-06-07,4-2,A,29982.222981,0.0,10578.0371,7882.330044,4965.102531,5727.191425,0.0
2025-06-08,4-2,A,65746.763586,0.0,13384.951076000001,6425.208517,5727.191425,10634.526817,0.0
2025-06-09,4-2,A,73761.043336,0.0,11711.035767,9354.745554000001,10634.526817,10780.297282,0.0
2025-06-10,4-2,A,69136.065787,0.0,10655.307548,8717.831954,10780.297282,10683.594126,0.0
2025-06-11,4-2,A,75275.01312,944.116521,12683.624811,10178.497049,10683.594126,10789.415289,0.0
2025-06-12,4-2,A,72723.936675,0.0,12302.402665,10606.174008,10789.415289,10076.939899,0.0
2025-06-13,4-2,A,34056.529214,31.668488,14954.375053,11727.107606,10076.939899,10505.757884,0.0
2025-06-14,4-2,A,34271.656742,11.306605,16834.734323999997,14415.736954,10505.757884,9639.53327,0.0
2025-06-15,4-2,A,67918.096628,703.7658769999999,10931.749993000001,9448.026566999999,9639.53327,8980.300966,0.0
2025-06-16,4-2,A,70018.47667,0.0,10074.410982,7280.049553000001,8980.300966,9958.326903,0.0
2025-06-17,4-2,A,70272.999453,60.003243999999995,8726.356462,8232.292322000001,9958.326903,8665.056248,0.0
2025-06-18,4-2,A,70965.545837,125.15124399999999,11900.465353,7717.927559000001,8665.056248,10800.0,0.0
2025-06-19,4-2,A,67313.893061,0.0,11236.900712999999,10086.758848000001,10800.0,9705.70081,0.0
2025-06-20,4-2,A,32056.967854,12.451912,15767.362258,14377.994046,9705.70081,7920.777904,0.0
2025-06-21,4-2,A,31089.015801,19.078511,18401.068458,12316.391420000002,7920.777904,10796.86016,0.0
2025-06-22,4-2,A,62672.877087,0.0,8760.343936,7523.741594,10796.86016,10321.45682,0.0
2025-06-23,4-2,A,67345.485859,0.0,11319.905856000001,11360.715416000001,10321.45682,7886.354961,0.0
2025-06-24,4-2,A,75316.463608,88.444913,10668.614274,8396.086941000001,7886.354961,8159.12232,0.0
2025-06-25,4-2,A,65810.157947,0.0,8881.420092,8337.7343,8159.12232,6888.25118,0.0
2025-06-26,4-2,A,64888.642913,0.0,10123.761415,5835.325253999999,6888.25118,9515.941725,0.0
2025-06-27,4-2,A,30750.652194,0.0,17915.984628,15215.889841999999,9515.941725,8733.783623,0.0
2025-06-28,4-2,A,30619.455779,27.846998999999997,15194.036383999999,12624.881403000001,8733.783623,8380.770365,0.0
2025-06-29,4-2,A,62598.578733,0.0,7398.748037,8968.3241,8380.770365,5074.839043,0.0
2025-06-30,4-2,A,66651.825625,0.0,9746.268155,7757.731675,5074.839043,5226.778521,0.0
2025-07-01,4-2,A,68102.332702,4846.5498450000005,2177.950763,5388.240788,5226.778521,1200.0,0.0
2025-07-02,4-2,A,67107.951046,2347.8254890000003,4810.825703,2972.4769229999997,1200.0,2226.990997,0.0
2025-07-03,4-2,A,73747.00137,1892.4101640000001,3256.352403,3488.328018,2226.990997,1281.788139,0.0
2025-07-04,4-2,A,32610.580805,2721.460051,13316.555807,7033.680627999999,1281.788139,5451.487667,0.0
2025-07-05,4-2,A,34557.371996,1336.360412,13903.304289,9542.732804,5451.487667,7361.425077,0.0
2025-07-06,4-2,A,72698.596337,3243.237604,3758.177329,7964.4184669999995,7361.425077,1894.43082,0.0
2025-07-07,4-2,A,68369.140798,2660.001979,5789.553086999999,1686.155752,1894.43082,5231.522206,0.0
2025-07-08,4-2,A,87804.479243,0.0,17187.649014,9879.092245,5231.522206,9723.637157,0.0
2025-07-09,4-2,A,83423.962822,0.0,15063.976299000002,12367.777728000001,9723.637157,9539.240572,0.0
2025-07-10,4-2,A,81197.597007,0.0,14135.789529,10315.306033,9539.240572,10800.0,0.0
2025-07-11,4-2,A,44410.459448,32.815,18620.912068999998,15082.938775999999,10800.0,10800.0,0.0
2025-07-12,4-2,A,42267.226914,84.690957,17714.868586999997,17976.406502,10800.0,6769.596725,0.0
2025-07-13,4-2,A,82731.68176,0.0,17430.652471999998,12635.409566999999,6769.596725,8417.839985,0.0
2025-07-14,4-2,A,77927.275235,0.0,12681.545177,11322.694988000001,8417.839985,7250.458434,0.0
2025-07-15,4-2,A,79893.295019,0.0,14107.844327,11367.433681,7250.458434,7317.03646,0.0
2025-07-16,4-2,A,79519.873173,0.0,13998.995398000001,9357.987058,7317.03646,9518.36892,0.0
2025-07-17,4-2,A,78594.083639,0.0,13361.448933,10169.479894,9518.36892,10244.250856,0.0
2025-07-18,4-2,A,43259.348498,0.0,16856.122235,14900.850189000003,10244.250856,8858.260657,0.0
2025-07-19,4-2,A,42620.607984,30.323579000000002,16505.611768,16387.628732,8858.260657,5504.834879,0.0
2025-07-20,4-2,A,79024.878067,0.0,13840.319407,9620.275152999999,5504.834879,7271.927731,0.0
2025-07-21,4-2,A,83143.356354,0.0,14593.085659,10210.345406,7271.927731,9060.876594,0.0
2025-07-22,4-2,A,78302.463302,142.691416,11033.596151,11009.061258999998,9060.876594,6758.822841,0.0
2025-07-23,4-2,A,85273.989934,0.0,17293.137597,11482.735809000002,6758.822841,9564.051334,0.0
2025-07-24,4-2,A,85070.569608,0.0,15793.735882,13512.685401,9564.051334,8764.318739,0.0
2025-07-25,4-2,A,41362.696497,22.606531,18172.675318,14683.705783000001,8764.318739,8804.497876,0.0
2025-07-26,4-2,A,41263.076849,36.681055,18169.324443,15485.407881000001,8804.497876,7950.881117,0.0
2025-07-27,4-2,A,77992.901643,0.0,11675.782844999998,7566.421863000001,7950.881117,10051.950275,0.0
2025-07-28,4-2,A,81375.928731,0.0,10374.959985,10062.699294,10051.950275,8208.637267,0.0
2025-07-29,4-2,A,76524.585508,0.0,8615.916799999999,7828.421326,8208.637267,7264.716469,0.0
2025-07-30,4-2,A,74886.888025,14.03575,8422.54538,7429.1229109999995,7264.716469,6590.426299,0.0
2025-07-31,4-2,A,76262.270998,0.0,8561.569443000002,9779.596576,6590.426299,3429.62038,0.0
2025-08-01,4-2,A,41655.874873,25.143048,19132.598688,10501.384514,3429.62038,8980.754183,0.0
2025-08-02,4-2,A,40585.755107,0.0,16433.365822,14793.066286000001,8980.754183,7334.043104,0.0
2025-08-03,4-2,A,69379.959441,0.0,13586.308407000002,10944.995646000001,7334.043104,7400.614395,0.0
2025-08-04,4-2,A,72707.54317,23.618583,14002.989016000001,11359.093268,7400.614395,7382.089768,0.0
2025-08-05,4-2,A,73605.081138,11.272673,15139.338522,10240.41733,7382.089768,9629.252959,0.0
2025-08-06,4-2,A,78129.68339,248.896184,15606.989071999998,14792.401985999997,9629.252959,7239.540919,0.0
2025-08-07,4-2,A,74210.627587,0.0,15691.861372,11726.314588999998,7239.540919,8332.977722,0.0
2025-08-08,4-2,A,37974.92268,6.432496,21630.214612,17869.122816000003,8332.977722,7945.589966,0.0
2025-08-09,4-2,A,39717.161226,58.934193,17031.975927000003,16862.210897999998,7945.589966,4538.578414,0.0
2025-08-10,4-2,A,73921.679668,0.0,14170.587996,8742.115513,4538.578414,7578.645927,0.0
2025-08-11,4-2,A,72189.125822,49.278536,14825.220131999999,11606.191657000001,7578.645927,8025.575539,0.0
2025-08-12,4-2,A,72189.228497,0.0,10730.113765999999,8883.669767,8025.575539,7811.933743,0.0
2025-08-13,4-2,A,70039.015028,38.614723,11918.201932,9975.959557,7811.933743,7453.915975,0.0
2025-08-14,4-2,A,75300.269012,78.97366,14847.284547,11194.097910999999,7453.915975,8378.585499,0.0
2025-08-15,4-2,A,38781.716593,112.832576,18841.955240000003,16855.652556999998,8378.585499,6607.842374,0.0
2025-08-16,4-2,A,40738.559538,102.742792,16426.132784,10501.595585000001,6607.842374,9722.922341,0.0
2025-08-17,4-2,A,71921.677013,0.0,14206.598939,14198.003385,9722.922341,6733.30207,0.0
2025-08-18,4-2,A,74979.186759,103.595223,15144.946620000002,12299.656768,6733.30207,6697.468732,0.0
2025-08-19,4-2,A,71399.481364,35.486247,13934.259150000002,8967.18804,6697.468732,9274.7597,0.0
2025-08-20,4-2,A,76465.620305,0.0,12536.152146,10047.796159000001,9274.7597,9393.078678,0.0
2025-08-21,4-2,A,71625.358535,0.0,12711.654793,13260.853901999999,9393.078678,6099.285878,0.0
2025-08-22,4-2,A,38544.00908,162.41408399999997,16129.232736000002,12120.373171,6099.285878,7148.514038,0.0
2025-08-23,4-2,A,36951.823358,39.266313,16456.834551,11290.63263,7148.514038,9414.517767,0.0
2025-08-24,4-2,A,74585.08512,8.562678,15793.099373000001,12338.495147,9414.517767,9918.868149,0.0
2025-08-25,4-2,A,84838.685921,0.0,14532.035505,14516.768306,9918.868149,6867.957542,0.0
2025-08-26,4-2,A,73109.289608,0.0,14412.875911,8135.591273999999,6867.957542,10800.0,0.0
2025-08-27,4-2,A,74593.690513,12.812386,13441.104866,13006.426409000002,10800.0,8445.409478,0.0
2025-08-28,4-2,A,69711.470638,0.0,7982.107970999999,9349.993056,8445.409478,5240.425478,0.0
2025-08-29,4-2,A,39466.771259,51.501923000000005,16372.745877000001,11364.05513,5240.425478,7349.168846,0.0
2025-08-30,4-2,A,38971.204934,0.0,16305.139055999998,13564.814122000002,7349.168846,6951.778306,0.0
2025-08-31,4-2,A,71286.994661,236.024647,12223.313820000001,9487.127437000001,6951.778306,7411.508035,0.0
2025-09-01,4-2,A,65082.778789,0.0,21290.467672,14195.636046,7411.508035,10800.0,0.0
2025-09-02,4-2,A,61535.547292,0.0,19560.520078,16128.329656,10800.0,10484.101786,0.0
2025-09-03,4-2,A,63901.310725,0.0,19697.224535,16514.208642,10484.101786,9862.483154,0.0
2025-09-04,4-2,A,64129.899509,0.0,20560.022233,16122.485853,9862.483154,10452.629993,0.0
2025-09-05,4-2,A,31778.30172,0.0,22528.757737,19212.679653999996,10452.629993,9381.090117,0.0
2025-09-06,4-2,A,25971.095952,221.79981800000002,9835.381376000001,11703.630178,9381.090117,5228.899823,0.0
2025-09-07,4-2,A,52865.444302,278.506179,10860.515594,6334.340687,5228.899823,7965.207539,0.0
2025-09-08,4-2,A,47647.26659,3365.511978,7222.384182,11938.817971999999,7965.207539,1200.0,0.0
2025-09-09,4-2,A,47745.817909,1438.006098,9951.541759,8060.748826,1200.0,1200.0,0.0
2025-09-10,4-2,A,52525.494206,1099.9509819999998,5742.381063999999,3896.31207,1200.0,2038.907324,0.0
2025-09-11,4-2,A,53853.335242,1196.5723950000001,11568.942801,7135.357189,2038.907324,4522.78119,0.0
2025-09-12,4-2,A,24722.151822,524.4459260000001,11891.097814,6679.098078,4522.78119,7803.549136,0.0
2025-09-13,4-2,A,24800.923537,47.492180000000005,11950.103318,10997.525598,7803.549136,6339.169238,0.0
2025-09-14,4-2,A,59311.989279,0.0,8876.613474,10690.287638999998,6339.169238,2450.023987,0.0
2025-09-15,4-2,A,54849.833876,172.527718,11162.836807,7414.4496420000005,2450.023987,4258.299732,0.0
2025-09-16,4-2,A,58772.826726,0.0,11266.623759,7517.166552,4258.299732,6045.853837,0.0
2025-09-17,4-2,A,59437.354608,0.0,12200.332709000002,9893.309194,6045.853837,6033.587505,0.0
2025-09-18,4-2,A,55368.67685,63.610361,9460.743093000001,7239.031749,6033.587505,6504.887679,0.0
2025-09-19,4-2,A,26289.110251,369.15283099999994,10109.036403999999,6798.709248,6504.887679,8048.899058,0.0
2025-09-20,4-2,A,26010.092625,280.02047200000004,9305.785217999999,8275.284585999998,8048.899058,7229.345101,0.0
2025-09-21,4-2,A,57834.047368,0.0,11374.76796,9316.976714999999,7229.345101,7114.439915,0.0
2025-09-22,4-2,A,61579.852554,0.0,11710.608739,8890.483642,7114.439915,7775.672622,0.0
2025-09-23,4-2,A,60529.647974,0.0,10095.689319999998,8477.036825000001,7775.672622,7442.863205,0.0
2025-09-24,4-2,A,57000.059299,179.63296499999998,9222.759081999999,9430.454885,7442.863205,5265.063173,0.0
2025-09-25,4-2,A,58776.644517,0.0,10909.242166,5535.698396000001,5265.063173,8932.605126,0.0
2025-09-26,4-2,A,26678.414483,59.64868799999999,9414.958403999999,8540.365125999999,8932.605126,7916.773104,0.0
2025-09-27,4-2,A,26979.403051,307.615455,9728.537627000002,8936.385997,7916.773104,6743.139193,0.0
2025-09-28,4-2,A,58673.14947,0.0,8068.026594999999,6677.914443,6743.139193,6584.458191,0.0
2025-09-29,4-2,A,61760.82771,0.0,10493.132714000001,8257.833149,6584.458191,6852.907467,0.0
2025-09-30,4-2,A,62918.963281,397.86755300000004,9651.726612,6672.419904,6852.907467,8125.661526,0.0
2025-10-01,4-2,A,55654.503991,0.0,15831.543874,13230.298422,8125.661526,7673.719432,0.0
2025-10-02,4-2,A,60553.766836,0.0,16923.458588,10894.348944999998,7673.719432,10800.0,0.0
2025-10-03,4-2,A,24608.073204,33.113485,13866.786991,12009.903972,10800.0,9935.770544,0.0
2025-10-04,4-2,A,27200.638981,122.426135,12355.777006999999,9489.024132,9935.770544,10512.609706,0.0
2025-10-05,4-2,A,58023.78464,0.0,15648.900604,13074.494928,10512.609706,10069.403662,0.0
2025-10-06,4-2,A,56688.42639,3.460513,11914.863955,9292.116081,10069.403662,10468.207799,0.0
2025-10-07,4-2,A,56338.910393,91.996245,12231.473403,10916.085954,10468.207799,9347.549469,0.0
2025-10-08,4-2,A,52871.185638,191.749644,10009.195699000002,10437.935535,9347.549469,6758.119448,0.0
2025-10-09,4-2,A,57755.120727,0.0,12410.116275999999,10830.793725999998,6758.119448,5893.008848,0.0
2025-10-10,4-2,A,23832.068779,91.56613399999999,9939.627845,7812.363974999999,5893.008848,6158.269491,0.0
2025-10-11,4-2,A,24866.730697,14.882457,9349.422116999998,5809.89969,6158.269491,8117.305297,0.0
2025-10-12,4-2,A,54197.302334,0.0,9630.66238,9814.857193,8117.305297,5879.504557,0.0
2025-10-13,4-2,A,55333.767507,250.670806,10482.612104,8877.586640000001,5879.504557,5449.870295,0.0
2025-10-14,4-2,A,57573.48351,407.678685,10004.713805,6134.005514999999,5449.870295,7638.551036,0.0
2025-10-15,4-2,A,59752.455023,6.724868,10154.751524,9109.444043,7638.551036,6656.222914,0.0
2025-10-16,4-2,A,59350.9485,0.0,9340.874673999999,6707.315070999999,6656.222914,7610.43782,0.0
2025-10-17,4-2,A,23921.473493,33.624565,8434.908532,8470.262547999999,7610.43782,5790.452667,0.0
2025-10-18,4-2,A,25307.705023,89.38909,8867.065899000001,5336.304967000001,5790.452667,7841.584235,0.0
2025-10-19,4-2,A,60747.885654,2.053775,8747.585705,8686.073126000001,7841.584235,6063.219008,0.0
2025-10-20,4-2,A,63737.62454,0.0,9214.027743,7844.366455999999,6063.219008,5639.881247,0.0
2025-10-21,4-2,A,60772.78139,0.0,7699.829533,5148.31259,5639.881247,6849.380505,0.0
2025-10-22,4-2,A,60916.301093,33.748582,7700.182586000001,6268.996921000001,6849.380505,6813.9927,0.0
2025-10-23,4-2,A,66120.759855,0.0,10805.564709999999,9092.246228,6813.9927,6436.505131,0.0
2025-10-24,4-2,A,25222.096926,87.78664599999999,8514.161251,5922.802331999998,6436.505131,7518.358776,0.0
2025-10-25,4-2,A,25118.652154,30.613973,8029.8728,8418.327755,7518.358776,5391.54679,0.0
2025-10-26,4-2,A,62706.489485,0.0,9754.261421000001,6563.806055,5391.54679,6877.264232,0.0
2025-10-27,4-2,A,60312.356048,0.0,9418.845402,7072.94907,6877.264232,7495.392792,0.0
2025-10-28,4-2,A,60566.926368,5.530287,7919.937253000001,8069.366351,7495.392792,5657.373709,0.0
2025-10-29,4-2,A,63616.838999,0.0,6747.999333999999,5564.4681949999995,5657.373709,5547.830671,0.0
2025-10-30,4-2,A,59567.406634,6.627876,8338.771106999999,6187.129011,5547.830671,6178.136878,0.0
2025-10-31,4-2,A,27203.174991,96.247148,7307.338291,5462.942102999999,6178.136878,6684.80567,0.0
2025-11-01,4-2,A,25902.350975,266.788675,8923.271095,6919.820009,6684.80567,7027.060759,0.0
2025-11-02,4-2,A,63703.553742,0.0,7650.143576,5825.814576,7027.060759,7439.062671,0.0
2025-11-03,4-2,A,65577.579002,0.0,8362.752848,7170.384697,7439.062671,6998.446125,0.0
2025-11-04,4-2,A,62180.482603,0.0,7359.930764000001,6650.623388,6998.446125,6232.802272,0.0
2025-11-05,4-2,A,67650.930233,0.0,9792.230019,6108.920831999999,6232.802272,8258.119477,0.0
2025-11-06,4-2,A,63677.693841,0.0,4531.845761,5801.9296779999995,8258.119477,5890.192132,0.0
2025-11-07,4-2,A,26872.975745,70.937939,11655.517542000001,6258.642708,5890.192132,9426.110465,0.0
2025-11-08,4-2,A,26719.913943,29.135935,9402.230331,9443.397791999998,9426.110465,7395.453548,0.0
2025-11-09,4-2,A,66182.990347,0.0,6396.075857000001,7941.343161,7395.453548,4328.207197,0.0
2025-11-10,4-2,A,67443.316897,0.0,5548.087837000001,4334.650635,4328.207197,4505.207768,0.0
2025-11-11,4-2,A,68846.22553,0.0,7959.648513000001,6048.1972049999995,4505.207768,4948.672314,0.0
2025-11-12,4-2,A,65121.412416,0.0,6236.018624,4597.777904,4948.672314,5452.44696,0.0
2025-11-13,4-2,A,65144.603564,0.0,5630.774230999999,7359.559593,5452.44696,2342.855331,0.0
2025-11-14,4-2,A,27671.730246,0.0,8322.818556999999,3333.169919,2342.855331,6129.8699,0.0
2025-11-15,4-2,A,28469.325607,143.656817,9055.596663,6294.93884,6129.8699,7285.530408,0.0
2025-11-16,4-2,A,66869.770065,0.0,4681.907105,6153.9328780000005,7285.530408,4661.543605,0.0
2025-11-17,4-2,A,66778.387998,0.0,5744.450851999999,3026.916098,4661.543605,6468.309262,0.0
2025-11-18,4-2,A,66983.011652,0.0,4336.237914,5939.315149000001,6468.309262,3771.684331,0.0
2025-11-19,4-2,A,67285.436879,0.0,4051.699909,2923.7303209999995,3771.684331,4169.625002,0.0
2025-11-20,4-2,A,66758.410122,0.0,3914.8527700000004,4342.114395,4169.625002,2868.420946,0.0
2025-11-21,4-2,A,28141.107785,141.24278,9797.023541999999,3931.949724,2868.420946,7316.909109,0.0
2025-11-22,4-2,A,29304.741928,31.434203,8782.506444,7831.426699000001,7316.909109,6519.579687,0.0
2025-11-23,4-2,A,68248.752296,0.0,4785.934343999999,4218.437669,6519.579687,6139.76763,0.0
2025-11-24,4-2,A,65806.54015,0.0,4118.1899730000005,4817.798935,6139.76763,4493.028679,0.0
2025-11-25,4-2,A,75010.593124,0.0,9385.621634,5965.293124,4493.028679,6311.98468,0.0
2025-11-26,4-2,A,71627.668956,0.0,6821.794761000001,6042.982167,6311.98468,5737.175335,0.0
2025-11-27,4-2,A,69499.281587,0.0,5083.065553,4061.644352,5737.175335,5798.996163,0.0
2025-11-28,4-2,A,28733.689501,101.12355600000001,8844.843163,7532.747359000001,5798.996163,5389.635723,0.0
2025-11-29,4-2,A,29900.916285,0.0,6151.468371000001,5306.987945000001,5389.635723,5029.303985,0.0
2025-11-30,4-2,A,71430.371383,0.0,3845.823294,5532.823028000002,5029.303985,2342.963807,0.0
2025-12-01,4-2,A,82819.024634,694.461004,5062.8057260000005,2069.0559550000003,2342.963807,4600.537899,0.0
2025-12-02,4-2,A,84160.29053,286.358277,4999.869078999999,3434.3887699999996,4600.537899,5284.43255,0.0
2025-12-03,4-2,A,74299.503074,3991.0425139999998,754.915027,3969.602452,5284.43255,1553.186682,0.0
2025-12-04,4-2,A,84556.29883,2152.848284,7889.521564,2940.3204629999996,1553.186682,5386.733355,0.0
2025-12-05,4-2,A,33290.21697,1453.2529670000001,8216.252623,5186.532514,5386.733355,7018.546812,0.0
2025-12-06,4-2,A,33715.528439,1263.6945070000002,6856.061214,6455.923941000001,7018.546812,6015.753083,0.0
2025-12-07,4-2,A,83740.579137,0.0,4535.306052,2863.6631840000005,6015.753083,6915.680548,0.0
2025-12-08,4-2,A,90856.394186,0.0,9205.891443999999,7057.5774710000005,6915.680548,7359.230101,0.0
2025-12-09,4-2,A,90147.358246,0.0,8963.788622,6456.749830999999,7359.230101,8252.473382,0.0
2025-12-10,4-2,A,87521.316183,0.0,6197.038541,6683.682542,8252.473382,6403.494133,0.0
2025-12-11,4-2,A,88698.946309,0.0,9665.303453999999,6124.033976999999,6403.494133,8297.785043,0.0
2025-12-12,4-2,A,35811.112242,0.0,8257.919691000001,7463.68848,8297.785043,7436.925564,0.0
2025-12-13,4-2,A,37509.339166,0.0,8973.1829,7288.629857999999,7436.925564,7414.312552,0.0
2025-12-14,4-2,A,85203.621315,0.0,3521.156152,4248.991472000001,7414.312552,5862.251454,0.0
2025-12-15,4-2,A,85106.748497,0.0,3815.7113369999997,4245.002273000001,5862.251454,4579.722467,0.0
2025-12-16,4-2,A,90752.243799,0.0,7496.587753000001,3070.078264,4579.722467,7915.453373,0.0
2025-12-17,4-2,A,88886.600347,0.0,7558.703377,7632.575852000001,7915.453373,6237.646576,0.0
2025-12-18,4-2,A,86068.971155,0.0,4885.362097,1243.9332299999999,6237.646576,9252.324429,0.0
2025-12-19,4-2,A,37169.809588,0.0,9903.145782000001,9103.165173,9252.324429,8050.527665,0.0
2025-12-20,4-2,A,37873.189529,0.0,10468.001090000002,8341.287145,8050.527665,8203.631815,0.0
2025-12-21,4-2,A,88013.846236,0.0,5805.446938000001,4197.827692,8203.631815,8764.281069,0.0
2025-12-22,4-2,A,89369.627372,0.0,6130.317011,5475.377858,8764.281069,8197.813203,0.0
2025-12-23,4-2,A,90558.192987,0.0,9075.328679,7983.603188000001,8197.813203,7494.938806,0.0
2025-12-24,4-2,A,89661.144366,0.0,7428.971036000001,6110.569942,7494.938806,7391.490583,0.0
2025-12-25,4-2,A,83530.43973,0.0,3729.212334,3155.129011,7391.490583,7242.082782,0.0
2025-12-26,4-2,A,37396.980633,3.896807,10473.341746999999,7046.740913999999,7242.082782,8838.378226,0.0
2025-12-27,4-2,A,35724.439551,0.0,8446.549183000001,8562.326127999999,8838.378226,6926.576791,0.0
2025-12-28,4-2,A,86519.135613,0.0,6303.193435,3352.242222,6926.576791,8874.737302,0.0
2025-12-29,4-2,A,85713.152103,0.0,5702.391355000001,5577.529771999999,8874.737302,7809.634219,0.0
2025-12-30,4-2,A,87244.763154,0.0,7830.547240999999,4591.561758,7809.634219,9755.391449,0.0
2025-12-31,4-2,A,88546.847057,0.0,6259.818369,7296.45622,9755.391449,7282.054403,0.0
2025-02-01,4-3,A,31851.437355,18.021399,12795.187592,9875.788085,6823.060993,7365.631953,6485.411593000001
2025-02-02,4-3,A,76258.477088,0.0,9649.182465,7492.9141660000005,7365.631953,7724.435989,5630.052992999999
2025-02-03,4-3,A,78739.225418,0.0,7931.214274000001,4843.658838,7724.435989,9480.685683,6296.753282
2025-02-04,4-3,A,80123.560746,0.0,6704.095999000001,6264.280039,9480.685683,8554.060927,7639.547355999999
2025-02-05,4-3,A,78117.337076,0.0,8482.131071000002,6172.335816,8554.060927,9329.827985,3980.7878370000003
2025-02-06,4-3,A,80246.159266,0.0,8301.495503,8640.536645,9329.827985,7200.577665,11733.182550000001
2025-02-07,4-3,A,31818.505564,0.0,15276.264297999998,10644.380608,7200.577665,9122.125969,2839.1374580000006
2025-02-08,4-3,A,31302.101285,0.0,13940.829507,10503.939289,9122.125969,9997.828871,2390.0000450000002
2025-02-09,4-3,A,75845.782318,0.0,6468.704751000001,10109.985714999999,9997.828871,4586.345685,9365.805549
2025-02-10,4-3,A,69861.695967,0.0,9217.390370000001,7942.265968,4586.345685,4057.257053,8323.94382
2025-02-11,4-3,A,73697.144252,0.0,8651.062206,3849.898875,4057.257053,7565.547623,6084.5318369999995
2025-02-12,4-3,A,71828.756953,0.0,7874.595563,5506.767542,7565.547623,8534.053028,4045.967339
2025-02-13,4-3,A,72294.138843,0.0,11261.195054000002,8712.563893,8534.053028,8988.502028,7537.682757999999
2025-02-14,4-3,A,27764.725484,48.174251,13490.701748,15889.812453999999,8988.502028,3474.786432,5593.240528
2025-02-15,4-3,A,28514.147317,238.291562,13675.763304999999,6986.237692000001,3474.786432,8020.487081,2370.5808639999996
2025-02-16,4-3,A,68775.793883,0.0,6682.661913,8846.760697,8020.487081,4205.148697,7878.087117
2025-02-17,4-3,A,69882.829339,0.0,10079.701355,7613.124675999999,4205.148697,4817.852498,8338.026399
2025-02-18,4-3,A,70020.51901,0.0,10366.355878999999,6750.602537,4817.852498,6646.903305,8410.951083
2025-02-19,4-3,A,70770.489752,0.0,9656.786633,9670.701880999999,6646.903305,4592.786962,9429.650801999998
2025-02-20,4-3,A,70068.586849,0.0,9496.359521,7049.697407000001,4592.786962,5306.513412,8591.599352
2025-02-21,4-3,A,29686.79694,0.0,15703.546436999999,8895.613115999999,5306.513412,9555.690632,3567.200203
2025-02-22,4-3,A,31078.044482,20.412821,15843.339989,13083.333329,9555.690632,9277.659589,3007.344136
2025-02-23,4-3,A,71400.469579,0.0,10010.718018000001,9985.114695,9277.659589,7192.733921,7522.63419
2025-02-24,4-3,A,66339.630284,0.0,9675.730056999999,9461.233398,7192.733921,5388.409421,8162.35871
2025-02-25,4-3,A,70318.709261,0.0,12021.033055,10785.3301,5388.409421,4223.63906,7651.677407000001
2025-02-26,4-3,A,70318.054985,0.0,11633.170828000002,3924.387576,4223.63906,10333.062165,7518.939897
2025-02-27,4-3,A,65923.310993,0.0,11482.508335999999,16026.127431,10333.062165,2860.511411,12360.565712
2025-02-28,4-3,A,28154.121483,59.270926,15844.631625,9242.143074,2860.511411,6851.632012,4560.637457
2025-03-01,4-3,A,25051.511048,541.6793110000001,14927.214367999999,14820.327615999999,6851.632012,3819.094259,6907.493046
2025-03-02,4-3,A,69692.152731,0.0,8249.529807,6548.805619,3819.094259,3967.220397,10557.094507999998
2025-03-03,4-3,A,66195.272308,0.0,6614.111450999999,7613.519516,3967.220397,1460.454573,13105.493352999998
2025-03-04,4-3,A,64810.84863,0.0,8233.254824,3733.542648,1460.454573,4722.003195,6371.049182999999
2025-03-05,4-3,A,64376.570986,0.0,10348.967599000001,7505.7274210000005,4722.003195,5696.376899,7393.886336000001
2025-03-06,4-3,A,62357.648058,0.0,7601.476797,4882.257288000001,5696.376899,7112.975697,3681.8802330000003
2025-03-07,4-3,A,24962.698157,83.793136,12862.640404000002,10142.001702999998,7112.975697,7420.461279,3796.828154
2025-03-08,4-3,A,24728.868295,736.9009550000001,13921.613496,10037.73429,7420.461279,8796.875326,3151.4192759999996
2025-03-09,4-3,A,60106.148207,0.0,9511.022992999999,5901.116418,8796.875326,10800.0,5670.572128
2025-03-10,4-3,A,63099.06654,0.0,6331.801517999999,8645.905825,10800.0,6892.059337,5065.190036000001
2025-03-11,4-3,A,66351.039506,14.227907,11995.786897000002,7736.624359,6892.059337,9092.018257,8054.531746
2025-03-12,4-3,A,58575.764674,0.0,9137.058018,6150.912542,9092.018257,10481.023204,2507.3385599999997
2025-03-13,4-3,A,64291.279442,0.0,8132.021858,7480.778487,10481.023204,9487.86678,8042.289488999999
2025-03-14,4-3,A,24558.157893,290.377563,14164.537584,13516.458228999998,9487.86678,7217.663683,2863.8572799999997
2025-03-15,4-3,A,26969.109145,31.437448,12984.40852,11258.841031,7217.663683,6393.807981,5495.0396789999995
2025-03-16,4-3,A,65059.942347,0.0,10910.877454,6861.388044,6393.807981,8589.833196,7925.866464
2025-03-17,4-3,A,55685.495646,0.0,10093.509694,7088.500852,8589.833196,9797.879863,4942.807258
2025-03-18,4-3,A,59815.013154,0.0,10028.704384,12226.98157,9797.879863,5238.178729,9391.44429
2025-03-19,4-3,A,58992.664757,7.182804,11433.823525000002,6001.25841,5238.178729,8860.555001,6131.104133999999
2025-03-20,4-3,A,55489.546098,0.0,7990.037183,7715.8623259999995,8860.555001,7478.408104,5030.848330000001
2025-03-21,4-3,A,24151.311447,177.464657,15617.325392,11018.712916999999,7478.408104,9290.986603,1915.905345
2025-03-22,4-3,A,24353.933058,219.746812,14451.388826,10629.229879,9290.986603,10486.981125,1210.3692890000002
2025-03-23,4-3,A,58987.054283,0.0,11491.505057,9745.448498,10486.981125,10001.059566,5614.778512
2025-03-24,4-3,A,59317.676971,0.0,12082.724908000002,10967.014039999998,10001.059566,8689.940828,5745.907441000001
2025-03-25,4-3,A,56276.203747,0.0,8685.673136,8887.994858000002,8689.940828,6631.496809,8267.784848
2025-03-26,4-3,A,57671.231505,16.784618000000002,12550.254436,9583.966756,6631.496809,7277.87385,6020.080302
2025-03-27,4-3,A,59610.732377,0.0,12122.00307,8751.546907,7277.87385,8463.735604,5278.785286
2025-03-28,4-3,A,23418.13073,392.62552200000005,13394.045917,11582.617198999998,8463.735604,7648.802264,4080.584269
2025-03-29,4-3,A,23132.32691,269.30717100000004,15138.826065,12194.742461,7648.802264,7724.031877,4069.247621
2025-03-30,4-3,A,55567.689505,0.0,12703.339033999999,8372.374266,7724.031877,9854.398933,4350.0672540000005
2025-03-31,4-3,A,63874.7829,23.019415,14823.932082,14513.823747999999,9854.398933,7069.466977,12557.973377999999
2025-04-01,4-3,A,64279.157729,0.0,12302.231029999999,7184.850453999999,7069.466977,10158.307734,11723.610003000002
2025-04-02,4-3,A,59988.99373,0.0,10909.451499,10084.268186,10158.307734,8772.071653,10869.033277
2025-04-03,4-3,A,56505.600677,0.0,12556.554416,11623.118045000001,8772.071653,7158.395021,4958.517647000001
2025-04-04,4-3,A,22989.54135,449.21288300000003,14310.152677,8488.656132,7158.395021,10605.692285,2133.5701469999995
2025-04-05,4-3,A,23134.172757,67.892534,12570.823767000002,11195.256248,10605.692285,9480.260069,2479.0434860000005
2025-04-06,4-3,A,54371.575337,0.0,11903.977199999998,9860.69224,9480.260069,9237.514838,4655.963851
2025-04-07,4-3,A,59914.908811,112.28122599999999,15084.009306000002,11485.725745,9237.514838,10051.205719,9495.251360999999
2025-04-08,4-3,A,54311.41503,93.08302,12771.814101,10684.122543999998,10051.205719,9674.591138,3330.9211719999994
2025-04-09,4-3,A,59387.450109,0.0,11723.599667,10357.987933999999,9674.591138,8716.955355,8010.480535000001
2025-04-10,4-3,A,55849.178273,0.0,14289.249952000002,15683.164466000002,8716.955355,4151.542015,9347.081276
2025-04-11,4-3,A,22970.320155,383.86467799999997,14196.044214000003,7343.140725,4151.542015,8768.936558,2734.6640110000003
2025-04-12,4-3,A,24078.339737,15.648217,13366.545054,10238.400553,8768.936558,9422.826492,2659.572795
2025-04-13,4-3,A,53905.055973,179.61804,12230.764951000001,10562.882012999999,9422.826492,8693.979379,6770.441325000001
2025-04-14,4-3,A,52428.471314,116.277267,12568.674103,10010.416957999998,8693.979379,8883.100564,4503.6494299999995
2025-04-15,4-3,A,59212.123873,1.266115,17551.388751000002,12956.114814,8883.100564,10283.667313,9382.909582
2025-04-16,4-3,A,59575.331372,0.0,12930.968502999998,11474.313565999999,10283.667313,9172.30167,7837.313925999999
2025-04-17,4-3,A,56213.557933,54.928968999999995,13359.685244,13365.275418,9172.30167,6345.712369,9279.762474
2025-04-18,4-3,A,23783.914274,156.868767,16298.862103,9214.702608,6345.712369,10776.129808,3083.622111
2025-04-19,4-3,A,22239.064262,91.829144,15343.333601000002,16747.525397,10776.129808,5976.768497,5810.106025000001
2025-04-20,4-3,A,52751.096308,58.35964,13523.067139,12168.288058,5976.768497,4627.208857,10746.854491
2025-04-21,4-3,A,50390.369221,0.0,13633.771359999999,9189.738854,4627.208857,6686.782132,6542.757620999999
2025-04-22,4-3,A,56593.011728,104.476752,14503.965508,10228.619607999999,6686.782132,8375.21819,7958.6204640000005
2025-04-23,4-3,A,54574.363064,6.511117,14324.745423000002,11926.068979,8375.21819,8016.301317,8599.840529
2025-04-24,4-3,A,51128.194932,1.838052,13942.902236,12183.28986,8016.301317,7027.924598,7549.736694000001
2025-04-25,4-3,A,21904.141969,0.0,15828.85948,11521.274462999998,7027.924598,8472.482061,3460.3949359999997
2025-04-26,4-3,A,21347.768197,106.378085,13223.35737,10956.702386999998,8472.482061,8199.389928,4264.024753
2025-04-27,4-3,A,51927.52947,34.606407,13273.62402,11872.389395000002,8199.389928,6954.107774,5359.095453000002
2025-04-28,4-3,A,58737.814894,0.0,11488.568848,8646.761348999999,6954.107774,7686.307129,8784.432368
2025-04-29,4-3,A,52666.85906,0.0,16178.186211,11939.155542,7686.307129,8980.946338,6720.408356
2025-04-30,4-3,A,50569.701491,29.905554,15171.458745,15845.560416999999,8980.946338,5029.080967,11898.207301999999
2025-05-01,4-3,A,51443.019105,83.877841,13296.799385,9056.498908,5029.080967,6933.423848,3866.4296309999995
2025-05-02,4-3,A,24403.172771,51.915060999999994,11841.348634000002,13313.814143,6933.423848,2797.510792,7055.825894
2025-05-03,4-3,A,23717.234342,125.221374,13377.899764999998,10315.132795,2797.510792,3376.361918,6706.038915000001
2025-05-04,4-3,A,56230.445074,0.0,15549.980158999999,8157.0368530000005,3376.361918,8307.96978,6759.206271999999
2025-05-05,4-3,A,53165.849882,7.769552,12214.549284,14986.833467,8307.96978,2649.02695,5963.367615000001
2025-05-06,4-3,A,56688.197509,144.051392,14398.281287,9050.757287999999,2649.02695,5551.083122,10167.929027
2025-05-07,4-3,A,55807.748247,79.299318,12247.074348999999,11119.482017,5551.083122,4218.470017,7656.02287
2025-05-08,4-3,A,58553.116204,0.0,12730.021415,8245.815043999999,4218.470017,6513.472575,10016.120397
2025-05-09,4-3,A,24968.614917,34.059817,15440.239263,9492.517,6513.472575,9862.446801,3080.626155
2025-05-10,4-3,A,28583.928687,64.121505,14088.607648,10951.601441,9862.446801,10373.747642,6134.759327
2025-05-11,4-3,A,62227.967708,0.0,14273.608288,11949.04259,10373.747642,9943.281111,9522.324438
2025-05-12,4-3,A,62184.379572,7.491062,16422.990883,14347.131217,9943.281111,8782.715998,13397.492293000001
2025-05-13,4-3,A,57942.428302,0.0,13527.687683,11509.859038000002,8782.715998,8168.902647,10315.026415
2025-05-14,4-3,A,57913.632905,25.715057,15226.318163000002,12030.867246,8168.902647,8504.958719,8583.422332
2025-05-15,4-3,A,61105.212147,0.0,16584.305693000002,13483.907743000002,8504.958719,8448.714128,9480.333651
2025-05-16,4-3,A,24914.307124,19.605106,15171.938969,12159.802495,8448.714128,8592.567539,3067.66384
2025-05-17,4-3,A,26631.249828,72.988408,14129.444915000002,12631.245228,8592.567539,7274.351041,6859.7693150000005
2025-05-18,4-3,A,58328.591849,0.0,14239.496281,9084.385393,7274.351041,9996.136149,6864.487717999999
2025-05-19,4-3,A,56508.101231,0.0,17364.599092,15066.763085,9996.136149,8883.42746,8941.651462
2025-05-20,4-3,A,60204.774571,0.0,14507.074787,12940.811163999999,8883.42746,7561.115696,10869.513521
2025-05-21,4-3,A,58472.546643,39.42698,16115.680798000001,11779.017945000003,7561.115696,8977.430696,9301.659367
2025-05-22,4-3,A,53247.210557,11.283521,13762.450555000001,11759.77069,8977.430696,8297.224318,4337.483595
2025-05-23,4-3,A,26382.556125,119.28227600000001,14499.726096,11739.577951000001,8297.224318,8303.002301,6068.417686
2025-05-24,4-3,A,24701.321417,3.28,14242.024403000001,10982.358309,8303.002301,8918.20392,3752.6905290000004
2025-05-25,4-3,A,57437.931619,0.0,17652.563222999997,13158.035006,8918.20392,10185.471925,8499.928182
2025-05-26,4-3,A,54349.604199,5.015337,11882.768933000001,11224.446539,10185.471925,8408.356699,5465.407527
2025-05-27,4-3,A,62392.458527,0.0,18145.14431,15072.087878000002,8408.356699,7992.22227,14488.469986
2025-05-28,4-3,A,55799.913781,0.0,13509.683734,9848.393022,7992.22227,9208.278719,8044.952464999999
2025-05-29,4-3,A,58822.644534,0.0,13601.211190999999,11042.807373,9208.278719,9179.582821,7719.767539999999
2025-05-30,4-3,A,24401.749549,0.0,12767.304266,13243.704815000001,9179.582821,5954.929087,4628.640718000001
2025-05-31,4-3,A,26055.225356,61.014517,15077.194713,10073.171839999997,5954.929087,8331.991173,3445.747843
2025-06-01,4-3,A,72732.814469,0.0,10808.822728000001,13681.653096999999,8331.991173,2858.094854,15196.870630000001
2025-06-02,4-3,A,67713.60493,786.210532,10620.244451999999,10094.683373,2858.094854,1200.0,10243.433243
2025-06-03,4-3,A,70932.401698,726.410528,13213.715261000001,10253.803945,1200.0,1699.228242,13160.822745000001
2025-06-04,4-3,A,70159.046125,891.681189,10869.093595999999,6991.162654,1699.228242,3713.453975,13763.686061
2025-06-05,4-3,A,74390.240441,0.0,10219.658226000001,9863.643747,3713.453975,1951.542214,11269.114528
2025-06-06,4-3,A,31473.666263,87.63732699999998,8293.725314,3204.286854,1951.542214,5855.576269,4265.957829999999
2025-06-07,4-3,A,31275.509701,0.0,9472.742765,7362.769491,5855.576269,6200.189767,3525.847722
2025-06-08,4-3,A,73138.394129,0.0,15531.17763,8440.424670999999,6200.189767,10800.0,7836.600298000001
2025-06-09,4-3,A,75414.898595,0.0,11469.371457,9290.19088,10800.0,10800.0,5280.542065000001
2025-06-10,4-3,A,73281.940583,0.0,10679.063902,8650.04176,10800.0,10800.0,4839.438763
2025-06-11,4-3,A,77465.805883,0.0,11366.268578000001,10863.503688000003,10800.0,8959.082066,8899.562218
2025-06-12,4-3,A,75330.185817,0.0,12209.426015000001,9014.157919000001,8959.082066,9931.834461,6528.1297859999995
2025-06-13,4-3,A,34112.692349,119.287905,15479.556322000002,11804.07739,9931.834461,10747.793606,2557.725349
2025-06-14,4-3,A,34711.116672,0.0,16129.362062999999,13178.697667,10747.793606,10621.222055,2764.0901460000005
2025-06-15,4-3,A,74399.510334,0.0,12538.209711,10009.714118,10621.222055,10783.706221,6241.7790270000005
2025-06-16,4-3,A,76776.934702,0.0,12462.469589,10079.935966000001,10783.706221,10800.0,6874.474555999999
2025-06-17,4-3,A,81395.208821,0.0,13470.174172,11479.811379,10800.0,10167.810778,12954.769441999999
2025-06-18,4-3,A,79507.978455,0.0,14564.997891,11353.891447999998,10167.810778,10660.873938,10912.703257999998
2025-06-19,4-3,A,71782.641429,0.0,11263.019205,9713.915388000001,10660.873938,10004.351902,7912.316798999999
2025-06-20,4-3,A,30530.410793,0.0,14337.544395,14799.513123,10004.351902,6464.238387,6738.455067999999
2025-06-21,4-3,A,31093.315299,316.428825,17371.883068,10169.039832999999,6464.238387,10800.0,2006.2049040000006
2025-06-22,4-3,A,75333.564854,0.0,14951.369840000001,12123.857578,10800.0,10785.279991,9987.188319
2025-06-23,4-3,A,68865.368724,0.0,11068.476198999999,10198.345180999999,10785.279991,9415.413926,4874.918968999999
2025-06-24,4-3,A,74362.389966,0.0,7858.65419,7501.079419,9415.413926,8153.670008,6372.1127670000005
2025-06-25,4-3,A,67628.367976,0.0,8468.677938,9905.168450000001,8153.670008,4769.737433,11183.750941999999
2025-06-26,4-3,A,69202.71349,0.0,11543.496926999998,5139.287129,4769.737433,9448.565636,9624.069303999999
2025-06-27,4-3,A,29374.906908,0.0,15594.042084999997,12983.217179,9448.565636,9057.406647,4070.1890820000003
2025-06-28,4-3,A,29827.613621,61.701993,15158.728716999998,11691.949136,9057.406647,9709.207896,2790.2903429999997
2025-06-29,4-3,A,69634.075263,0.0,10050.991491,8953.785972,9709.207896,8806.449158,8616.602218
2025-06-30,4-3,A,63417.884455,0.0,6823.779627000001,12026.201764000001,8806.449158,1585.404419,9809.392802
2025-07-01,4-3,A,73169.949429,4922.693254000001,4476.768676,3973.0466049999995,1585.404419,1200.0,10026.978629
2025-07-02,4-3,A,72729.035825,2706.177493,8581.873161000001,5484.489460000001,1200.0,2829.808666,8318.663488
2025-07-03,4-3,A,77239.514291,1730.784984,5476.33272,4942.7793440000005,2829.808666,2266.531066,5567.913306
2025-07-04,4-3,A,33508.928477,2607.712017,13123.608630000002,11026.400477,2266.531066,1826.222747,5404.033375
2025-07-05,4-3,A,35456.82878,2411.831927,12411.666756,5187.590677,1826.222747,7232.733187,2491.569656
2025-07-06,4-3,A,82029.674349,1095.206574,8804.699519999998,12183.533084,7232.733187,1619.703773,13123.55316
2025-07-07,4-3,A,76705.832427,1429.482829,10053.486983,4375.959838,1619.703773,5805.664462,6764.983080999999
2025-07-08,4-3,A,87041.82107,1337.358669,15445.958362999998,9687.353930000001,5805.664462,8943.300399,7693.905267000001
2025-07-09,4-3,A,85076.245159,0.0,14917.161693999999,11001.484721,8943.300399,10144.87401,5094.742554
2025-07-10,4-3,A,87174.874101,206.181224,17098.733928999998,13503.902005999998,10144.87401,10529.398985,6181.0720519999995
2025-07-11,4-3,A,44670.462194,51.893698,19026.550632,15420.865578,10529.398985,10518.999467,3156.408353
2025-07-12,4-3,A,39392.159226,518.013093,17016.310814999997,19400.33248,10518.999467,4277.754223,8362.173863
2025-07-13,4-3,A,82895.206193,59.151345,17360.808818,9943.194277999999,4277.754223,8854.488519,8647.912131
2025-07-14,4-3,A,84089.227403,0.0,14284.576113000001,12736.831204,8854.488519,7558.572349,9072.240961
2025-07-15,4-3,A,80149.957594,0.0,12045.007591000001,11104.498812999998,7558.572349,6060.747167,7057.5847
2025-07-16,4-3,A,83872.181937,61.242289,13970.654758,8391.600414,6060.747167,9310.335989,9008.502700000001
2025-07-17,4-3,A,84642.863453,0.0,15170.439679,11926.536382000002,9310.335989,9712.024609,7187.457860999999
2025-07-18,4-3,A,42317.388879,23.308372,17441.038758,14194.984369,9712.024609,9636.754638,4876.864968
2025-07-19,4-3,A,38176.684361,599.400243,15259.430064,17108.527799,9636.754638,4360.766363,9444.706098
2025-07-20,4-3,A,79474.806407,0.0,13735.878352,10441.312849,4360.766363,5121.598159,10195.061829000002
2025-07-21,4-3,A,80283.799234,0.0,11667.44052,8054.923417,5121.598159,6672.37972,10387.288678
2025-07-22,4-3,A,90043.641296,0.0,18306.261727,15708.09328,6672.37972,5694.578299,16610.966167
2025-07-23,4-3,A,84335.93972,0.0,14288.030546,8054.786189,5694.578299,9604.043356,5657.855267999999
2025-07-24,4-3,A,83797.409733,0.0,13497.141568000003,15628.041455,9604.043356,4386.980261,13160.737605000002
2025-07-25,4-3,A,41188.902398,31.384907,18925.423141,11119.025109,4386.980261,9065.388746,4982.089644000001
2025-07-26,4-3,A,39606.281084,17.357781000000003,16857.335378,15492.708766000002,9065.388746,7022.869737,6744.494593
2025-07-27,4-3,A,83866.754706,0.0,12396.588111000001,8472.333493,7022.869737,8766.095154,10836.965112
2025-07-28,4-3,A,85980.574101,0.0,11961.990846,8189.8499040000015,8766.095154,10432.05369,5307.897023
2025-07-29,4-3,A,80434.170394,0.0,10025.744947,11787.014806000001,10432.05369,6358.541024,7394.1056499999995
2025-07-30,4-3,A,84306.364819,10.273337,12509.57411,7288.732684,6358.541024,9518.565851,6870.595870000001
2025-07-31,4-3,A,77371.78538,0.0,9803.644599,11903.304375999998,9518.565851,5115.952243,8266.292747000001
2025-08-01,4-3,A,36846.925898,232.07888400000002,18477.567508,13289.243139999999,5115.952243,6979.93729,3846.790319999999
2025-08-02,4-3,A,39175.170517,26.661724,18603.015013,13876.840999999999,6979.93729,8303.938579,6274.0388889999995
2025-08-03,4-3,A,76401.156941,899.4404470000001,16630.941575,13450.500726000002,8303.938579,8326.785188,9337.077530999999
2025-08-04,4-3,A,75974.332938,98.16941899999999,16237.64461,15272.322121999998,8326.785188,5971.418535,7906.764510000001
2025-08-05,4-3,A,77406.833306,0.0,15681.470155,9101.824176,5971.418535,9971.603701,5929.073627
2025-08-06,4-3,A,78084.174744,0.0,14382.291252,16300.891402999998,9971.603701,4803.564268,13650.386832
2025-08-07,4-3,A,78678.956808,225.507556,19804.294363999998,11800.271426999998,4803.564268,9516.016498,5610.389686
2025-08-08,4-3,A,34771.692995,772.691072,19691.569567,21069.258372,9516.016498,3828.142027,9116.948949000001
2025-08-09,4-3,A,38228.929335,18.728548,17756.615317000003,10595.928135,3828.142027,8035.84233,3309.6882079999996
2025-08-10,4-3,A,78927.963473,13.14682,16718.012981,11329.776345000002,8035.84233,10493.41363,4500.458822
2025-08-11,4-3,A,77010.495918,8.771044,16048.317766,15663.851201,10493.41363,7532.620507,9360.290925
2025-08-12,4-3,A,77907.215018,0.0,14466.535556000003,12950.594536999999,7532.620507,6162.953021,8887.921772
2025-08-13,4-3,A,75038.689486,0.0,14276.421551,10412.334434999999,6162.953021,7442.471935,8897.413233
2025-08-14,4-3,A,75065.02317,0.0,14585.008241,12104.902413000002,7442.471935,7119.087781,7081.828813
2025-08-15,4-3,A,36876.617136,194.127179,17456.763700000003,14507.750039,7119.087781,6710.452845,5273.4726709999995
2025-08-16,4-3,A,38094.268013,84.445517,18445.710829000003,12388.561191,6710.452845,9546.524603,4543.520853000001
2025-08-17,4-3,A,74944.319304,0.0,15025.94384,14057.859116000001,9546.524603,7450.030595,5499.471783000001
2025-08-18,4-3,A,77746.039473,96.007352,16530.532162,12423.532653999999,7450.030595,8523.584369,5164.115362
2025-08-19,4-3,A,74929.030119,19.005723999999997,15315.348218,12370.174025999999,8523.584369,8562.75996,4506.579578
2025-08-20,4-3,A,75760.997661,2074.397419,11962.121854000003,8988.187157,8562.75996,9341.795007,7086.880522
2025-08-21,4-3,A,71682.779752,0.0,12730.612799,14727.705488,9341.795007,4435.229318,6103.284748
2025-08-22,4-3,A,37268.158925,459.124905,17814.212057,11753.222597,4435.229318,7408.883951,2823.6906790000003
2025-08-23,4-3,A,36619.069204,1040.433043,17391.432901,14298.88764,7408.883951,7173.52063,6038.149517
2025-08-24,4-3,A,74423.403654,1221.799542,15509.013006000001,9904.971832000001,7173.52063,10126.108077,4164.539769999999
2025-08-25,4-3,A,81800.744056,0.0,12004.718454000002,13985.522974,10126.108077,5390.884713,14490.833286
2025-08-26,4-3,A,76882.981246,0.0,15668.367486000001,8548.469282,5390.884713,9994.116248,4829.234432
2025-08-27,4-3,A,78151.499777,16.195876,15020.747479999998,15641.322750000001,9994.116248,6133.541479,8688.823650000002
2025-08-28,4-3,A,77309.208265,0.0,12102.362368,8038.977822999999,6133.541479,8093.470029,5565.944249
2025-08-29,4-3,A,38102.53866,271.111148,17604.459903,14012.544095000001,8093.470029,8367.990504,3695.5580840000002
2025-08-30,4-3,A,37578.635239,196.440293,16329.43374,15674.539831,8367.990504,5648.3255,4217.529582
2025-08-31,4-3,A,73845.596153,65.352238,12974.192287,7237.502842000001,5648.3255,9283.428735,4208.819622000001
2025-09-01,4-3,A,67548.407953,0.0,20829.610697,15507.070523999999,9283.428735,10800.0,10026.912221999999
2025-09-02,4-3,A,67890.872457,56.955072,20581.817802999998,18655.56886,10800.0,8595.226178,9792.896274999997
2025-09-03,4-3,A,67232.664268,0.0,19526.161401,15516.895206000001,8595.226178,8927.776766,10831.895938000001
2025-09-04,4-3,A,67236.661978,0.0,21171.470664,16372.894317999999,8927.776766,9789.995566,7807.405402
2025-09-05,4-3,A,32435.730116,0.0,23547.286208999998,18164.297838,9789.995566,10800.0,3961.592485
2025-09-06,4-3,A,25841.742998,920.1044549999999,11406.795237999999,11727.180166,10800.0,8035.91553,1286.5247369999997
2025-09-07,4-3,A,58201.920873,150.621773,12428.85844,10815.514792,8035.91553,7204.649467,4968.977691
2025-09-08,4-3,A,52507.90669,1967.187684,8641.721309,12403.97878,7204.649467,1200.0,4406.989141
2025-09-09,4-3,A,54609.634171,1723.6104010000001,11237.36283,8537.881074,1200.0,1827.092022,5423.321866999999
2025-09-10,4-3,A,53986.934347,1264.343218,6193.636657999999,4773.43953,1827.092022,2097.543315,3688.2197100000003
2025-09-11,4-3,A,52550.352447,1000.2282700000001,10590.657167999998,7313.19788,2097.543315,3503.359342,5110.384127999999
2025-09-12,4-3,A,23992.327702,455.71508600000004,11940.238959999997,6820.591985999999,3503.359342,6671.138866,1928.894665
2025-09-13,4-3,A,25251.280591,83.097204,10875.016628,10617.724841,6671.138866,4661.181787,1104.791983
2025-09-14,4-3,A,56916.535215,0.0,7717.5330859999995,8473.778233000001,4661.181787,2191.652416,6927.867902000001
2025-09-15,4-3,A,56998.185513,132.059284,12342.053242,5781.726518,2191.652416,6875.359759,2287.7613159999996
2025-09-16,4-3,A,62489.733488,0.0,12102.533087000002,10210.696020999998,6875.359759,6422.421737,7535.942604
2025-09-17,4-3,A,57317.205996,0.0,8817.286336000001,8836.583343,6422.421737,4539.553503,6376.745242
2025-09-18,4-3,A,61251.636018,42.145233,12173.534999000001,7487.2202609999995,4539.553503,7176.601379,6308.549932
2025-09-19,4-3,A,26588.967425,249.497525,10960.201706,9636.016241999998,7176.601379,6334.098201,1739.5879289999998
2025-09-20,4-3,A,26316.753934,130.397316,10862.529047,9914.639014,6334.098201,5094.108771,4480.181381
2025-09-21,4-3,A,59047.935618,0.0,11761.697989,9001.528933000001,5094.108771,5677.938148,3377.972557
2025-09-22,4-3,A,63292.106823,0.0,11143.633603,7250.861912,5677.938148,7650.695156,8492.00227
2025-09-23,4-3,A,61023.469423,0.0,10823.301660000001,9270.009367999999,7650.695156,7091.656242,5386.73105
2025-09-24,4-3,A,58437.96533,354.91344300000003,9243.122988,7478.454645999999,7091.656242,7101.072881,3573.6222190000003
2025-09-25,4-3,A,60092.02691,0.0,11724.620016,9166.017495,7101.072881,7468.76701,5060.778902
2025-09-26,4-3,A,26723.575477,46.228233,10332.992742,7895.876022,7468.76701,7995.264897,2755.7633570000003
2025-09-27,4-3,A,27994.624716,146.252891,10749.315679,12278.736534,7995.264897,4026.608414,5551.145296000001
2025-09-28,4-3,A,64098.437425,0.0,10125.55168,6248.719545,4026.608414,6196.583209,5631.8612
2025-09-29,4-3,A,59388.461736,0.0,8178.556567999998,6362.459145999999,6196.583209,6487.885069,5416.272256
2025-09-30,4-3,A,64874.792544,9.085941,8919.779779999999,7381.907476,6487.885069,6313.567451,9381.575713999999
2025-10-01,4-3,A,57533.664771,4.142435,14696.323157,10924.836423,6313.567451,7401.551157,7481.619909999999
2025-10-02,4-3,A,58419.771956,0.0,15578.657997,9560.109018,7401.551157,10800.0,5564.980818
2025-10-03,4-3,A,23038.942043,817.560118,11902.242686000001,10683.924117999999,10800.0,9640.99162,3744.43097
2025-10-04,4-3,A,26465.387275,26.82967,12308.344167999998,8991.370813,9640.99162,10728.089359,3351.953045
2025-10-05,4-3,A,56565.387352,143.013924,13938.893175000001,11495.621337999999,10728.089359,10500.180619,5374.100036000001
2025-10-06,4-3,A,57577.284543,18.357147,11319.749516000002,10675.764837,10500.180619,8825.994254,3264.9415930000005
2025-10-07,4-3,A,55073.245611,330.229289,10215.604126,9072.510577000001,8825.994254,7939.470661,4401.608059
2025-10-08,4-3,A,52095.853913,502.17888800000003,10027.080012999999,9790.845075,7939.470661,6085.125923,2796.612025
2025-10-09,4-3,A,53054.825676,868.926216,10262.677676000001,8893.236641000001,6085.125923,5440.161786,8152.8718420000005
2025-10-10,4-3,A,23555.708743,115.87061300000002,12255.369631000001,7745.831886,5440.161786,7863.514581,1628.779894
2025-10-11,4-3,A,23342.913759,8.599718,10032.909183999998,9155.292993,7863.514581,6720.585076,2959.951331
2025-10-12,4-3,A,55436.431265,57.143464,9707.269847000001,9358.712151,6720.585076,5058.558882,3317.347191
2025-10-13,4-3,A,54130.872922,179.270969,10185.627788,6567.551130000001,5058.558882,6928.344859,2880.6222119999998
2025-10-14,4-3,A,55993.119402,2162.514593,9085.851974,7115.038210000001,6928.344859,7200.013625,6816.503033000001
2025-10-15,4-3,A,56651.703535,0.0,6940.871485000001,7929.886916,7200.013625,4635.8125,7303.129247999999
2025-10-16,4-3,A,59812.801838,0.0,8628.363781,6702.828424,4635.8125,4953.752767,6455.044914000001
2025-10-17,4-3,A,24093.632058,183.179729,8979.310695,5912.777399,4953.752767,6465.379727,755.6540059999999
2025-10-18,4-3,A,27481.946107,21.144974,10419.480260999999,7798.748955000002,6465.379727,7177.635347,5626.494863
2025-10-19,4-3,A,63815.411918,0.0,10082.377992,10517.580439,7177.635347,4565.575053,8293.19874
2025-10-20,4-3,A,61564.166107,0.0,8278.729071,5214.291244999999,4565.575053,6222.774278,6419.254873
2025-10-21,4-3,A,62343.119324,0.0,6982.892062,8464.004585,6222.774278,3102.927595,9227.203592
2025-10-22,4-3,A,57852.058655,2190.269305,6132.391762,4299.709933000001,3102.927595,3844.624702,6001.11963
2025-10-23,4-3,A,60881.297861,0.0,7363.090443,5363.348455,3844.624702,4512.130041,10770.298192999999
2025-10-24,4-3,A,24862.032152,108.309673,9124.998863,6292.421305,4512.130041,5733.049789,1412.2081899999998
2025-10-25,4-3,A,24863.110612,143.194652,9576.129003999999,6831.819612000001,5733.049789,6760.655212,1034.048943
2025-10-26,4-3,A,59863.343513,0.0,6905.9997619999995,5991.562312,6760.655212,6318.763539,5276.41726
2025-10-27,4-3,A,63622.984943,1.8167,11124.432111,8960.278273,6318.763539,6374.88769,4504.3619530000005
2025-10-28,4-3,A,62589.989866,0.0,8455.396065,6160.373448,6374.88769,7139.884763,2171.899389
2025-10-29,4-3,A,63061.511084,0.0,5114.451255,7320.057804,7139.884763,3609.493333,4615.152456000001
2025-10-30,4-3,A,60545.364499,0.0,8525.367183,4487.562822999999,3609.493333,6296.142882,2695.7868909999997
2025-10-31,4-3,A,28128.936047,3.499606,9495.084278,7433.774849999999,6296.142882,6581.9689,3569.728223
2025-11-01,4-3,A,26492.632529,169.241563,10563.547197,7829.804670000001,6581.9689,7389.378411,2595.7103559999996
2025-11-02,4-3,A,68005.052413,0.0,8188.623141,8263.389957,7389.378411,5577.594841,7483.623223
2025-11-03,4-3,A,65426.007269,0.0,6228.942607999999,5248.913795,5577.594841,5351.516749,6441.076971
2025-11-04,4-3,A,63124.205431,0.0,7564.443343,6475.060915,5351.516749,4965.003629,3076.789116000001
2025-11-05,4-3,A,65306.418793,0.0,5776.499694,4941.259615999999,4965.003629,4673.564892,7780.9843949999995
2025-11-06,4-3,A,64689.839773,0.0,4446.091932,3626.4360920000004,4673.564892,4645.674195,3134.671638
2025-11-07,4-3,A,26882.657965,71.110113,11766.060071,6041.577797999999,4645.674195,8522.264039,1583.6259450000002
2025-11-08,4-3,A,26292.581233,30.878346,9945.909405999999,8883.098398,8522.264039,7603.473174,1705.0135060000002
2025-11-09,4-3,A,64593.31901,0.0,5282.826187000001,8366.815767,7603.473174,3061.554777,4686.891736
2025-11-10,4-3,A,67610.602124,0.0,4774.216865,3887.6340299999997,3061.554777,3038.75659,7410.764697
2025-11-11,4-3,A,66877.424552,0.0,6085.007315,3953.5096030000004,3038.75659,4122.474726,5594.967742
2025-11-12,4-3,A,68169.752341,0.0,6855.405488,4506.323826,4122.474726,5285.313193,5617.15817
2025-11-13,4-3,A,65467.616015,0.0,5480.501637,6246.576059,5285.313193,3277.124602,2177.257282
2025-11-14,4-3,A,26922.13246,8.04711,9266.819352000002,5343.530541,3277.124602,5680.005861,2161.824334
2025-11-15,4-3,A,29046.573635,169.04936899999998,9746.264985,6338.893145,5680.005861,7408.429742,3594.466673
2025-11-16,4-3,A,67769.701568,0.0,4868.069474,6452.9888869999995,7408.429742,4619.704617,3256.810709
2025-11-17,4-3,A,68222.818446,0.0,6851.832114,4510.431105,4619.704617,5774.763402,3723.7393100000004
2025-11-18,4-3,A,67283.204849,0.0,3750.1153279999994,5813.756727,5774.763402,2690.1375,5376.482331
2025-11-19,4-3,A,68889.98754,0.0,4401.065758,3310.420677,2690.1375,2972.851483,3868.7266819999995
2025-11-20,4-3,A,67709.695526,0.0,4890.607968,3826.5051200000003,2972.851483,3122.7263,3326.2294229999998
2025-11-21,4-3,A,29288.261769,157.580367,10475.28369,4736.060028,3122.7263,7288.192701,2915.0731780000006
2025-11-22,4-3,A,29135.88833,8.204419,11009.037718,8480.967634000002,7288.192701,7773.029276,2660.896699
2025-11-23,4-3,A,69257.700687,0.0,4300.720225,6366.499376000001,7773.029276,4569.789282,4042.839683
2025-11-24,4-3,A,67536.495598,0.0,5312.578651000001,4845.175198,4569.789282,3967.582067,3112.289204
2025-11-25,4-3,A,71903.618813,0.0,4006.553822,2366.603597,3967.582067,4943.920956,11055.763048
2025-11-26,4-3,A,70438.75657,353.642539,3767.396224,5682.313034,4943.920956,2020.896409,7895.982788
2025-11-27,4-3,A,70501.941544,0.0,5339.975524,4265.633282,2020.896409,2087.281845,6970.352048000002
2025-11-28,4-3,A,28436.324806,104.34816000000001,10357.018905,4561.266477,2087.281845,6340.524996,2560.996939
2025-11-29,4-3,A,29429.684323,0.0,7447.195765,7532.885343,6340.524996,4673.128583,3258.098275
2025-11-30,4-3,A,73001.70098,0.0,3895.305034,5748.062002999999,4673.128583,1792.167554,7157.783832
2025-12-01,4-3,A,85017.110697,1433.680394,3842.665677,1687.10472,1792.167554,3376.005864,5804.546103999998
2025-12-02,4-3,A,86588.531732,65.844,4308.395001000001,3094.8041070000004,3376.005864,3814.890137,5335.566828999999
2025-12-03,4-3,A,83116.408589,15.640902,2126.290485,3442.973446,3814.890137,1903.025522,4708.064509
2025-12-04,4-3,A,87096.111903,0.0,5564.7918549999995,3479.860982,1903.025522,3044.825988,7217.919584
2025-12-05,4-3,A,34690.026829,1028.255221,8182.1940859999995,3681.129647,3044.825988,6318.656613,1992.640188
2025-12-06,4-3,A,33756.143623,1607.268288,6727.802726,5514.685652,6318.656613,6246.250563,1981.066322
2025-12-07,4-3,A,86960.370977,0.0,3258.082892,3247.3566299999998,6246.250563,5570.351132,7522.561346
2025-12-08,4-3,A,90725.362242,0.0,6800.60008,4235.590294,5570.351132,6984.679769,8548.572187
2025-12-09,4-3,A,87666.178771,0.0,5044.529987,4742.201778000001,6984.679769,6255.643669,5361.524577
2025-12-10,4-3,A,91843.12522,0.0,5939.178739,4567.136864,6255.643669,6526.308019,8859.425112
2025-12-11,4-3,A,85105.721142,0.0,4346.622528,2665.00785,6526.308019,7477.148459,6070.881565
2025-12-12,4-3,A,36106.786397,0.0,8094.282293,6643.307251999999,7477.148459,7380.55002,2041.8586539999997
2025-12-13,4-3,A,38862.517072,0.0,9274.944019999999,8003.2471749999995,7380.55002,6835.502777,2359.825606
2025-12-14,4-3,A,89253.67162,0.0,4992.666454,3797.4233809999996,6835.502777,7109.543274,3761.3202539999997
2025-12-15,4-3,A,88399.35488,0.0,4359.787685,3569.028436,7109.543274,7067.765039,3479.472925
2025-12-16,4-3,A,88511.411111,0.0,3997.542847,2014.5457180000003,7067.765039,8427.169469,4057.4158410000005
2025-12-17,4-3,A,87413.646566,0.0,3794.5578409999994,4887.948411999999,8427.169469,6411.217735,6017.9222930000005
2025-12-18,4-3,A,88238.483346,0.0,5783.0453179999995,2591.014407,6411.217735,8737.053626,2648.2626410000003
2025-12-19,4-3,A,38034.227394,0.0,9522.29929,8888.794748,8737.053626,7430.684377,3217.7980839999996
2025-12-20,4-3,A,37185.349439,0.0,9024.053651,7183.462527,7430.684377,7570.707635,3510.8889240000008
2025-12-21,4-3,A,88785.531482,0.0,5221.381826,3278.6526660000004,7570.707635,8627.003872,3451.165612999999
2025-12-22,4-3,A,87740.184563,0.0,3636.4875819999997,4036.034512,8627.003872,7415.359904,2925.987390999999
2025-12-23,4-3,A,86781.262562,0.0,4507.805365,2833.008729,7415.359904,8324.597255,4088.4580329999994
2025-12-24,4-3,A,88294.409643,0.0,4818.258457999999,6056.074508999999,8324.597255,5932.058192,5255.239312999998
2025-12-25,4-3,A,84707.939972,0.0,3847.334317,2046.5494279999998,5932.058192,7120.715268,1930.2589480000004
2025-12-26,4-3,A,36499.797503,0.0,8943.93145,6303.463811,7120.715268,8166.404894,1941.4732430000004
2025-12-27,4-3,A,36179.213607,0.0,7760.2249059999995,7486.291636000001,8166.404894,6832.505492,3152.533496
2025-12-28,4-3,A,85874.881727,0.0,4838.2968599999995,2950.508182,6832.505492,7908.630242,3127.859145000001
2025-12-29,4-3,A,85988.507376,0.0,4188.793591000001,4507.490126000001,7908.630242,6670.222112,5083.989177000001
2025-12-30,4-3,A,87939.945573,0.0,5969.264120999999,2521.94146,6670.222112,9240.402643,4909.373571
2025-12-31,4-3,A,86862.755573,0.0,3815.447028,4870.873112,9240.402643,7262.223733,4438.806285
2025-02-01,3,B,23856.428466,1192.469957,18215.229704999998,15106.528546000001,2680.198578,2288.873593,9733.009244
2025-02-02,3,B,57746.897425,492.310738,24262.176438000002,18225.452963,2288.873593,3874.329095,4368.100289
2025-02-03,3,B,57795.010661,28.115469,22961.981978999996,18597.808709999998,3874.329095,3875.880977,7116.315774
2025-02-04,3,B,64999.101417,21.869942,23118.20712,18702.279296,3875.880977,3901.957057,16375.69122
2025-02-05,3,B,56550.412918,169.033553,24389.326774999998,19096.559956999998,3901.957057,4633.951201,1941.977203
2025-02-06,3,B,58641.162133,696.589048,21410.954138000005,18091.173222,4633.951201,3802.506345,11646.008122000003
2025-02-07,3,B,22494.203768,254.414879,18129.700860999998,15940.448397,3802.506345,2407.627789,6313.289025
2025-02-08,3,B,21250.520059,0.0,17765.363007,14130.376471,2407.627789,2696.036195,2364.745004
2025-02-09,3,B,57605.314153,2112.144959,22680.168704999996,17418.488543,2696.036195,3754.311871,8447.353708999999
2025-02-10,3,B,52501.705854,1193.5299690000002,22827.279663999998,18222.184033999998,3754.311871,4051.99242,4709.813532
2025-02-11,3,B,53373.415224,248.173161,24103.141755,19360.834808,4051.99242,4232.781325,2925.696151
2025-02-12,3,B,52987.148947,135.414592,21778.243503,18113.349984,4232.781325,3707.256049,4558.002597000001
2025-02-13,3,B,51875.677312,188.88167,20968.108774,17055.373461,3707.256049,3628.13899,2272.063962
2025-02-14,3,B,17645.425133,1486.032984,17247.364333,14920.559569,3628.13899,2572.367368,1495.927863
2025-02-15,3,B,19443.85814,29.065139,18562.921339,14836.748008999999,2572.367368,2793.721007,921.613349
2025-02-16,3,B,52910.918203,754.414313,24495.46193,18910.456094999998,2793.721007,3828.018862,3957.3988989999993
2025-02-17,3,B,51998.719441,430.535173,20394.99441,16848.447766,3828.018862,3463.016312,8194.309155
2025-02-18,3,B,50677.245622,493.068636,22337.765909,17438.13006,3463.016312,4191.305564,3912.2451659999997
2025-02-19,3,B,49994.389724,1574.602715,22071.035331000003,18314.839118,4191.305564,3705.416121,5641.387455000001
2025-02-20,3,B,49462.904526,918.3883569999999,22251.005334999998,17637.834068,3705.416121,4133.727513,2819.338195
2025-02-21,3,B,18619.780435,0.0,15599.754724,14333.974024,4133.727513,2246.86896,1955.2541669999998
2025-02-22,3,B,20553.440002,0.0,17826.239902999998,13405.418737,2246.86896,3395.575165,1703.6517269999997
2025-02-23,3,B,52177.841719,565.441635,24656.643695,18237.863880999997,3395.575165,5322.26129,6904.618106000001
2025-02-24,3,B,47997.92956,1220.167136,20958.043272000003,17357.610492,5322.26129,4898.266354,5996.757287
2025-02-25,3,B,48940.213239,1624.748395,18783.433649,16601.426425999998,4898.266354,3357.327276,4149.77215
2025-02-26,3,B,51800.106193,0.0,27564.494936,17616.964726,3357.327276,8590.967466,5184.68235
2025-02-27,3,B,44393.18957,1949.251025,16981.116034,18190.61137,8590.967466,3662.181484,6153.156113999999
2025-02-28,3,B,17750.467928,182.133898,18101.293118999998,14705.945762,3662.181484,3613.405557,1221.212126
2025-03-01,3,B,19615.814895,2199.114458,22597.567716999998,17106.032616,3613.405557,4944.513597,7142.258969
2025-03-02,3,B,51628.746501,1504.462773,23257.046816000002,19847.480335000004,4944.513597,3823.099804,8051.415567
2025-03-03,3,B,50958.072265,1962.42485,21365.248888000002,18529.258248000002,3823.099804,2463.759084,16086.670196000001
2025-03-04,3,B,47782.448371,221.159035,23382.576148,17526.635243,2463.759084,4034.038458,2731.6417129999995
2025-03-05,3,B,47661.347177,472.69219400000003,21080.088044,16957.167681,4034.038458,4164.820274,4961.869131
2025-03-06,3,B,47365.876851,0.0,26051.923007999998,17165.385238,4164.820274,8538.900717,3329.3570689999997
2025-03-07,3,B,17193.357045,1035.767697,18334.167720999998,15531.410249,8538.900717,7782.529166,4039.3369410000005
2025-03-08,3,B,16748.562474,1462.1301749999998,15428.325640000001,15132.818999000001,7782.529166,4853.778911,6176.136789
2025-03-09,3,B,48735.731883,533.872689,27182.621974,18158.307369000002,4853.778911,9142.241612,5599.458012
2025-03-10,3,B,48337.816256,37.883333,22039.476224,17909.491194000002,9142.241612,9078.335554,5660.876684
2025-03-11,3,B,47208.955487,0.0,17835.816982,14389.746632,9078.335554,9141.963468,8855.116013
2025-03-12,3,B,44066.004099,0.0,20937.760601,17326.308937,9141.963468,8734.493634,1560.5639329999997
2025-03-13,3,B,48492.108887,0.0,21622.173186,17518.207685999998,8734.493634,8729.774293,5652.451064999999
2025-03-14,3,B,15454.363189,215.606852,17741.750153,16781.271742999998,8729.774293,6051.491939,4041.7241830000003
2025-03-15,3,B,19384.848555,1085.388031,17860.145574,13626.561606,6051.491939,6984.99895,5622.863165
2025-03-16,3,B,46697.07389,1.64,19081.565977000002,16700.821375,6984.99895,5601.940134,8465.699544
2025-03-17,3,B,43537.383581,0.0,25663.883892,17993.642338999998,5601.940134,8706.499706,5177.818042
2025-03-18,3,B,43406.9376,1613.711903,18385.943441,16213.329672,8706.499706,7239.038056,4990.822262000001
2025-03-19,3,B,43259.804025,352.744621,22377.364266999997,17075.214857,7239.038056,8406.204943,8549.952858999999
2025-03-20,3,B,42321.912148,428.203388,20208.978256000002,17598.196261999998,8406.204943,7040.733971,2625.028201
2025-03-21,3,B,16185.167168,281.581233,20618.908735999998,15793.899907,7040.733971,8048.974159,912.5778430000007
2025-03-22,3,B,17370.671234,0.0,20420.118157,15291.367113000002,8048.974159,9436.672599,554.466238
2025-03-23,3,B,43000.341499,0.0,19105.77582,16366.605996,9436.672599,8446.753065,1653.467827
2025-03-24,3,B,41054.471769,0.0,18642.480384,16353.960592000001,8446.753065,7053.918085,3754.975711
2025-03-25,3,B,43800.271187,830.7072430000001,21779.675315,18028.574206999998,7053.918085,6623.87675,8904.492237
2025-03-26,3,B,41468.970382,119.592072,21470.109794,16826.079564,6623.87675,7251.331605,4524.804113
2025-03-27,3,B,42664.614109,54.496606,17877.918368,15918.018132000001,7251.331605,5654.771323,6098.638635
2025-03-28,3,B,16227.29641,193.896682,20322.207954999998,14656.612138,5654.771323,7659.633884,1427.0541519999997
2025-03-29,3,B,14721.063701,661.4647580000001,20763.062109000002,16428.044627,7659.633884,8093.006863,457.0336490000001
2025-03-30,3,B,41458.933448,0.0,19784.29502,15619.121985000002,8093.006863,8544.292398,2581.5788809999995
2025-03-31,3,B,45371.4764,321.027514,18086.546791,15463.553807,8544.292398,7640.458058,11364.355735
2025-04-01,3,B,45266.457252,0.0,21843.458835,16482.372356,7640.458058,8985.823948,4890.937165
2025-04-02,3,B,43373.91321,309.819232,18199.137766,15203.840918999998,8985.823948,8471.89136,4151.500109
2025-04-03,3,B,40424.626802,537.19463,17055.74799,15932.896378,8471.89136,6118.846354,5111.693796
2025-04-04,3,B,15248.275596,7.23671,21546.663164,15086.209416999998,6118.846354,8748.388294,125.09463199999999
2025-04-05,3,B,15434.431798,43.963812,20082.567904,17047.747786,8748.388294,7880.757425,2125.50754
2025-04-06,3,B,37258.928712,298.954486,20297.962175999997,16369.160267,7880.757425,7960.967531,1260.823637
2025-04-07,3,B,41528.336449,0.0,18921.449189,15129.55436,7960.967531,8179.655844,8169.633637
2025-04-08,3,B,40369.719579,0.0,21907.750741,17560.533076,8179.655844,8384.928094,3442.4728
2025-04-09,3,B,42912.58108,94.005263,18156.554994,15850.868064000002,8384.928094,7113.751962,6883.617262
2025-04-10,3,B,39104.28036,2791.147227,17692.028734,14981.654439,7113.751962,6390.295113,8432.681187
2025-04-11,3,B,14589.179109,350.353956,20819.874298000002,15345.900054,6390.295113,8077.18192,834.3869910000001
2025-04-12,3,B,16939.85396,0.0,20442.199904,15723.126395,8077.18192,9005.021396,2094.294721
2025-04-13,3,B,37280.275812,0.0,18104.03378,15533.91493,9005.021396,8038.746319,2384.6652899999995
2025-04-14,3,B,38187.068811,422.103912,21172.007146000004,16753.294116,8038.746319,8478.78151,4082.993525
2025-04-15,3,B,41764.492657,0.0,18870.486125,14890.085898,8478.78151,8917.679135,8167.047475
2025-04-16,3,B,40721.600546,0.0,17255.877523,14274.801082,8917.679135,8587.078815,5978.296527
2025-04-17,3,B,38281.130914,674.809457,14982.532817,14935.476854,8587.078815,5476.384068,9871.197631
2025-04-18,3,B,16610.224118,0.0,20408.428032,13223.646619000001,5476.384068,9151.028609,1482.5350580000004
2025-04-19,3,B,13682.750386,818.377105,16661.455266999998,16542.733465,9151.028609,5765.523389,5919.089096000001
2025-04-20,3,B,36756.241093,1531.323612,18978.514074,15981.238559,5765.523389,5089.254324,10114.080683
2025-04-21,3,B,36375.326768,661.212451,22026.59472,17028.079783,5089.254324,5993.100926,3561.0429270000004
2025-04-22,3,B,40905.289227,39.802622,19685.886855,14383.639736,5993.100926,7728.577164,7680.827063
2025-04-23,3,B,36691.359639,0.0,17453.65396,14036.914176,7728.577164,7840.29442,5546.394997
2025-04-24,3,B,34454.265118,203.449656,17924.577510000003,15218.614371,7840.29442,7062.842657,4563.71451
2025-04-25,3,B,13441.893956,540.121815,18806.845030999997,15459.927543,7062.842657,6811.305914,3049.4889239999998
2025-04-26,3,B,12910.275184,649.601297,19405.61995,15949.108494,6811.305914,6555.13221,2761.994876
2025-04-27,3,B,35330.212742,0.0,20504.970903,15035.897942999998,6555.13221,8303.052752,2630.954977
2025-04-28,3,B,41352.165664,0.0,19365.519273,16246.495746,8303.052752,7680.358156,6699.986533000001
2025-04-29,3,B,34184.370669,0.0,18438.649252000003,14546.796267000002,7680.358156,8112.03552,1615.6013010000001
2025-04-30,3,B,34419.991196,1069.013994,12983.740375,13935.100703,8112.03552,4313.956631,10304.958047999999
2025-05-01,3,B,37396.34189,1394.016112,22974.531839,16126.933919999998,4313.956631,7072.219819,3878.851683
2025-05-02,3,B,16876.206467,2371.205964,16296.397271999998,15319.441068,7072.219819,4717.376176,7543.603332000001
2025-05-03,3,B,16349.957456,1923.561651,17875.499209,13412.856871,4717.376176,5902.151162,4402.239699
2025-05-04,3,B,40746.312678,744.174471,19257.176511,14220.26443,5902.151162,7433.31621,5356.173084
2025-05-05,3,B,34584.871338,3059.282275,16535.838609,16076.172586,7433.31621,4453.156973,6495.759244999999
2025-05-06,3,B,40662.128837,1063.129549,17407.562523,14379.036041000001,4453.156973,4143.256532,11841.595824
2025-05-07,3,B,40181.522298,863.542866,18674.061995,13979.912846,4143.256532,5416.675834,6992.1770670000005
2025-05-08,3,B,41926.902972,35.99925,18681.19176,14720.677692000001,5416.675834,5873.439871,7512.140385000001
2025-05-09,3,B,16655.734485,23.741836,20905.768196000005,14514.214025000001,5873.439871,8561.726775,788.5595910000003
2025-05-10,3,B,19168.624539,0.0,19433.965278,15904.388192,8561.726775,8380.75309,3197.3754950000002
2025-05-11,3,B,41225.251633,24.205505,19154.809213,15523.495122,8380.75309,8371.753469,4447.453926
2025-05-12,3,B,43157.951695,0.0,16424.516104,14287.598183,8371.753469,7278.708871,9755.332795
2025-05-13,3,B,39525.631647,0.0,18290.950232,14500.241128,7278.708871,7629.185049,5632.687032
2025-05-14,3,B,41288.715314,0.0,15637.904663000001,13636.246231000001,7629.185049,6551.914544,7231.842828
2025-05-15,3,B,45395.808566,0.0,17072.467257,11895.270026,6551.914544,8700.16838,8640.20357
2025-05-16,3,B,16552.995055,0.0,19508.012148,16113.724241,8700.16838,8353.241268,1674.834077
2025-05-17,3,B,17907.463709,193.55128100000002,18086.933958999998,17366.316781,8353.241268,5335.574298,6636.9981339999995
2025-05-18,3,B,43178.03556,0.0,20968.948903999997,13118.53749,5335.574298,9631.475545,6518.5747679999995
2025-05-19,3,B,34472.602435,67.003333,16539.288018000003,14375.16493,9631.475545,8544.429283,1250.8890200000005
2025-05-20,3,B,39344.438011,0.0,15652.436971,13650.021308,8544.429283,7464.932215,5544.386371999999
2025-05-21,3,B,39862.119249,0.0,14933.325895000002,11863.9915,7464.932215,7722.712743,5287.713887000001
2025-05-22,3,B,35145.548625,2.57,17762.463164999997,14510.375341,7722.712743,7586.290324,2248.386022
2025-05-23,3,B,17359.588417,387.540646,19770.867797,16738.905058,7586.290324,6781.287941,5224.551471000001
2025-05-24,3,B,17205.091826,0.0,18469.707706,14694.831882,6781.287941,7076.433897,4012.996257
2025-05-25,3,B,40811.837402,0.0,20632.810308,14890.311165,7076.433897,9101.172991,7005.415359
2025-05-26,3,B,39150.268477,0.0,17056.395286,13476.431397999999,9101.172991,9478.116084,5771.595493999999
2025-05-27,3,B,44894.747472,0.0,16298.609309,14685.750199,9478.116084,7829.36424,12080.967293
2025-05-28,3,B,39154.073705,0.0,18018.028302,13549.071622,7829.36424,8991.065687,4392.220188
2025-05-29,3,B,40211.280034,0.0,17065.909177,14642.896595999999,8991.065687,8080.498839,5619.452863999999
2025-05-30,3,B,14840.127524,0.0,18902.139025,17125.456174,8080.498839,6064.139324,3395.744742
2025-05-31,3,B,18701.693901,0.0,20483.791336,14015.344685999999,6064.139324,8926.946321,2920.425289
2025-06-01,3,B,48874.398141,1355.7152689999998,16372.701528,19846.176626,8926.946321,1611.070334,8589.423537
2025-06-02,3,B,50989.991384,3169.057774,23264.906196,17137.190014,1611.070334,3508.163674,12758.399593
2025-06-03,3,B,47881.016167,1438.726435,18785.597131,15793.027461999998,3508.163674,2867.392801,7750.992391
2025-06-04,3,B,48320.174165,978.5055930000001,18605.243860000002,15382.058433,2867.392801,2520.936237,7966.335478999999
2025-06-05,3,B,53280.715878,1229.3190789999999,24795.654498999997,16590.684187,2520.936237,6402.931746,9588.376063
2025-06-06,3,B,28523.726858,771.2243250000001,16536.209069,11576.017496,6402.931746,8423.278245,5658.794430999999
2025-06-07,3,B,21034.088603,446.807493,15077.987363999999,15428.589281,8423.278245,4850.589895,4005.388481
2025-06-08,3,B,54085.667098,0.0,25317.247504,15152.501383,4850.589895,10800.0,3248.869439
2025-06-09,3,B,53958.7391,0.0,19789.369271,16818.447925,10800.0,9923.267983,1657.8109399999998
2025-06-10,3,B,50890.073903,0.0,20039.216887,16674.419163,9923.267983,9431.430778,2476.9867320000003
2025-06-11,3,B,55049.428715,354.796487,22385.954205000002,17549.900219,9431.430778,10078.90043,510.2439989999997
2025-06-12,3,B,52763.977283,0.0,19265.212664,15968.588052000001,10078.90043,9674.716215,2856.496322
2025-06-13,3,B,24287.326007,83.54037399999999,17863.766289,14731.073112,9674.716215,9384.246863,1070.7327179999997
2025-06-14,3,B,24728.0149,0.0,16135.512906,13763.101867,9384.246863,8613.87307,2055.419094
2025-06-15,3,B,52468.454835,0.0,21250.573382,16247.137446,8613.87307,9687.014174,4518.2498989999995
2025-06-16,3,B,54978.699243,0.0,18880.923722,15093.414223,9687.014174,9909.385275,4879.478707
2025-06-17,3,B,56842.108316,0.0,20365.515658,17577.230152,9909.385275,8708.093643,7558.216708000001
2025-06-18,3,B,57031.395218,0.0,20498.592645999997,15943.035644,8708.093643,9442.342974,6418.505335999999
2025-06-19,3,B,49566.349135,0.0,17413.601998000002,14575.436627000001,9442.342974,8919.655188,2536.448013
2025-06-20,3,B,22651.024096,0.0,14141.19492,15419.135772999998,8919.655188,4514.357535,7480.779836000001
2025-06-21,3,B,23919.312928,147.775852,19203.593202,10618.536954,4514.357535,9999.217025,107.70847299999991
2025-06-22,3,B,49149.73778,0.0,17551.876129999997,14671.267712,9999.217025,9494.496976,3326.031942
2025-06-23,3,B,46966.040271,0.0,18401.675072000002,15493.694341000002,9494.496976,8840.788607,700.6625360000002
2025-06-24,3,B,54551.227996,0.0,20660.560514,16281.983950999998,8840.788607,9344.19979,2700.858083
2025-06-25,3,B,47923.316561,0.0,13319.293824999999,16565.969077,9344.19979,2924.931925,10192.173344
2025-06-26,3,B,52924.757152,0.0,23487.159251999998,13454.438842000001,2924.931925,9113.99876,4211.752092
2025-06-27,3,B,21093.068072,0.0,18507.085326,16567.985562,9113.99876,7361.502708,2100.4167330000005
2025-06-28,3,B,22171.921678,0.0,17298.477319999998,13023.874199999998,7361.502708,8459.160962,1040.867346
2025-06-29,3,B,50209.119659,0.0,19189.949916,14829.352646,8459.160962,9253.057389,5337.670365
2025-06-30,3,B,45898.784586,1132.812819,14527.526637,18292.818498,9253.057389,2002.477474,10095.426275
2025-07-01,3,B,55353.650579,5386.459778,20209.121193000003,16758.817078,2002.477474,1569.778683,17547.037559
2025-07-02,3,B,51690.269148,3907.480382,20323.19719,15417.489488,1569.778683,2730.112279,12044.830546
2025-07-03,3,B,55287.675913,2746.430041,18567.591017,15323.677200000002,2730.112279,2414.636194,9849.017743
2025-07-04,3,B,22015.281896,5694.879446,13364.944513,10922.970938,2414.636194,2306.451881,6161.511966
2025-07-05,3,B,24103.966829,3780.679663,17270.35742,11619.892384,2306.451881,4938.782022,459.47832800000003
2025-07-06,3,B,56910.80003,3171.945953,15539.084324,15951.562122,4938.782022,1200.0,16599.635379
2025-07-07,3,B,58275.095078,241.297463,24466.600949,16267.429947999999,1200.0,5145.018688,9759.836989
2025-07-08,3,B,59328.984883,104.486183,23223.47927,18178.058248,5145.018688,5848.307534,7119.770541000001
2025-07-09,3,B,58344.861204,0.0,22598.403180999998,15952.624189999999,5848.307534,8461.732408,873.7585139999996
2025-07-10,3,B,55898.813972,0.0,21057.183529,16565.678606999998,8461.732408,9006.888021,3665.864463
2025-07-11,3,B,28108.668957,0.0,19289.637897,15428.609247,9006.888021,9224.662965,467.89505799999995
2025-07-12,3,B,25797.752087,362.055754,13635.987833,17351.918453,9224.662965,2217.142623,7627.5623909999995
2025-07-13,3,B,59132.540599,0.0,25593.379506999998,16824.964735,2217.142623,6556.778919,7232.940827
2025-07-14,3,B,54505.685572,0.0,18404.562779,14501.502588,6556.778919,7008.104767,4821.3189330000005
2025-07-15,3,B,53023.25655,0.0,15519.169263000002,14940.728141,7008.104767,4374.548058,7253.963093
2025-07-16,3,B,55059.34694,0.0,20276.43578,13548.700971999999,4374.548058,7569.228069,3692.057801
2025-07-17,3,B,53754.354108,0.0,18943.816557000002,14465.166573000002,7569.228069,8546.255666,942.4558470000004
2025-07-18,3,B,28913.679609,0.0,20191.032283,16263.90107,8546.255666,8647.183531,2702.565166
2025-07-19,3,B,27310.36743,197.878701,16756.922109,17535.790523,8647.183531,4244.201735,7525.9443599999995
2025-07-20,3,B,53414.370074,739.368866,18664.076362,16024.927746000001,4244.201735,3236.395189,8399.357418
2025-07-21,3,B,55106.446183,932.147176,22220.039642999996,17387.354354,3236.395189,3915.148251,8397.44756
2025-07-22,3,B,61060.303917,25.798347,20264.318421000004,15336.833005999999,3915.148251,5112.109267,11989.187916
2025-07-23,3,B,58056.91085,0.0,24618.297301,16515.485385,5112.109267,8918.037523,4555.715955999999
2025-07-24,3,B,54832.756024,499.92612199999996,14168.348686999998,15610.192312000001,8918.037523,4324.893217,11625.858687
2025-07-25,3,B,30077.620572,0.0,21295.672937,13803.318444999999,4324.893217,8153.978367,2308.464219
2025-07-26,3,B,25918.058794,0.0,16703.868386,17451.36407,8153.978367,3797.055391,5860.657800999999
2025-07-27,3,B,56150.902061,0.0,22380.653907,15622.457738,3797.055391,6581.357532,6088.223495000001
2025-07-28,3,B,56112.061991,0.0,20503.21546,14591.693485999998,6581.357532,8821.258684,2557.855208
2025-07-29,3,B,52628.655608,188.877926,16698.722057,17104.911771,8821.258684,4844.651012,6947.994430999999
2025-07-30,3,B,57876.303936,0.0,23930.655289,15340.931384,4844.651012,9336.761459,10138.698041
2025-07-31,3,B,48470.664947,2089.780548,14811.321433000001,16204.654944,9336.761459,4661.778586,5123.537066
2025-08-01,3,B,27017.3242,22.017445,19984.105355,14289.196972,4661.778586,6770.587882,2790.683824
2025-08-02,3,B,25616.867722,0.152141,19642.384327,16388.345573,6770.587882,6239.460916,3697.520944
2025-08-03,3,B,49858.638857,0.0,17715.07478,15098.026171,6239.460916,5407.443583,8513.551771999999
2025-08-04,3,B,50747.236431,47.051943,20832.040688999998,15745.340911000001,5407.443583,6661.456969,4368.057712000001
2025-08-05,3,B,51269.634947,0.0,19291.477898999998,14302.501352,6661.456969,8132.118909,3265.811625
2025-08-06,3,B,49998.767779,1488.205236,18344.241459999997,17624.509069,8132.118909,5059.148367,9620.373401
2025-08-07,3,B,53592.648147,0.0,21163.086843,14462.021871,5059.148367,8037.013336,5583.790514
2025-08-08,3,B,24541.93376,1993.75357,19473.07369,18684.421416999998,8037.013336,4802.311416,6111.429756
2025-08-09,3,B,25389.840789,0.0,19350.636197,14316.972772,4802.311416,6310.13647,2760.882092
2025-08-10,3,B,50145.086261,0.0,20060.315961999997,13484.708804999998,6310.13647,9381.411052,1658.020553
2025-08-11,3,B,47548.382567,399.304989,15574.274365000001,15878.46377,9381.411052,5755.520458,5589.510022
2025-08-12,3,B,51935.391105,399.042909,17703.916073,14897.108303999998,5755.520458,5136.702365,5773.171871
2025-08-13,3,B,49492.17595,545.394563,17987.024134,15617.008259999999,5136.702365,3972.792684,11577.930067000001
2025-08-14,3,B,50163.419018,1900.268575,22308.476577,16829.849330999998,3972.792684,5350.589014,10891.276033000002
2025-08-15,3,B,24270.168354,1658.7436679999998,20915.378158,15853.919901,5350.589014,6558.962799,4042.121529
2025-08-16,3,B,25512.742912,777.713492,21653.687027,16359.854093999998,6558.962799,7869.665462,2472.800143
2025-08-17,3,B,47981.357002,0.0,17777.289463,15304.609976000002,7869.665462,6864.103782,4119.115995
2025-08-18,3,B,48704.606375,0.0,20293.253308000003,14427.057916000002,6864.103782,9097.96741,1232.71861
2025-08-19,3,B,48827.404836,0.0,16413.914647999998,14162.141393999998,9097.96741,8134.777934,3564.155173
2025-08-20,3,B,51781.281404,612.352697,20587.494809,16566.408693999998,8134.777934,8256.402492,5419.818035
2025-08-21,3,B,47495.688692,1360.493756,16828.501293999998,15924.282747000001,8256.402492,5708.40616,6272.571441
2025-08-22,3,B,25161.587736,729.238205,21411.622801,16811.186107,5708.40616,6299.771008,3023.5223370000003
2025-08-23,3,B,24124.031951,137.928591,16575.677456,15406.653832,6299.771008,4099.376462,5563.124777000001
2025-08-24,3,B,51020.993147,0.0,25454.525011,16116.558406999999,4099.376462,9101.161853,4088.5418529999997
2025-08-25,3,B,55050.774532,57.618918,13795.435935000001,15725.269036,9101.161853,4044.533042,20185.737836
2025-08-26,3,B,51455.665137,0.0,22682.674823,15251.477675999999,4044.533042,7512.854076,4093.6907739999997
2025-08-27,3,B,50287.845367,1193.745526,17067.664156,15597.103452000001,7512.854076,5543.636869,9461.153504
2025-08-28,3,B,54407.031999,0.0,23346.986284,15947.604535,5543.636869,8836.36393,7670.92143
2025-08-29,3,B,24876.73977,23.97369,19824.040179,19254.483289,8836.36393,5284.129771,4439.222869000001
2025-08-30,3,B,27294.288444,0.0,22850.308224,17102.227481,5284.129771,6846.932194,4043.213289
2025-08-31,3,B,48862.618508,0.0,22508.054865,15962.399891000001,6846.932194,9368.181695,2745.8128720000004
2025-09-01,3,B,48728.29113,0.0,18492.600371,13690.369829,9368.181695,10800.0,7437.630671
2025-09-02,3,B,44404.837559,311.552969,14511.860821999999,15335.261525,10800.0,6821.495268,9001.442469
2025-09-03,3,B,46211.006294,0.0,19446.339499,15876.639652,6821.495268,6682.490092,5043.503836000001
2025-09-04,3,B,45649.525979,0.0,17260.179644,15947.88391,6682.490092,4496.78076,9226.981746000001
2025-09-05,3,B,23886.90852,0.0,23016.028299999998,15475.926354000001,4496.78076,8015.732502,3786.783354
2025-09-06,3,B,18281.737342,722.644811,19027.633592,14649.360633,8015.732502,8863.535364,1158.1487799999995
2025-09-07,3,B,41121.964182,0.0,19919.447895999998,16588.374701,8863.535364,8359.511025,4916.161928
2025-09-08,3,B,40715.443564,7179.985601,17663.731585,15528.814141,8359.511025,7002.631517,9455.453757
2025-09-09,3,B,39941.144141,5436.055199,16344.688696000001,13728.500895999998,7002.631517,6458.961459,6952.757207999999
2025-09-10,3,B,40807.811826,2321.213442,14957.108078,14385.392783,6458.961459,3936.58897,4012.136777
2025-09-11,3,B,38062.328426,2145.943364,21334.165096999997,17319.456706,3936.58897,3893.496772,6835.513630999999
2025-09-12,3,B,16437.764538,1575.0080400000002,13650.479178,11894.934489,3893.496772,2962.334155,1852.5448039999999
2025-09-13,3,B,18926.822506,49.124967,15431.082267000002,11952.109089,2962.334155,3570.186985,1129.084072
2025-09-14,3,B,42683.775821,1235.3667,18785.215928,15122.767182,3570.186985,3673.806673,8624.250333
2025-09-15,3,B,39001.493408,105.104106,21261.546143,16805.214215,3673.806673,4136.737964,823.67894
2025-09-16,3,B,45518.350675,75.886441,19692.472575999996,16354.670973999999,4136.737964,3688.106645,9299.901085000001
2025-09-17,3,B,41445.85113,2016.608699,21844.464151,16851.504639000002,3688.106645,4624.230336,4785.818569999999
2025-09-18,3,B,42427.025904,446.509722,19301.361716,15675.693023999998,4624.230336,4578.019188,4214.783997
2025-09-19,3,B,18639.335559,66.09089,15653.997534,12404.132952000002,4578.019188,4884.247021,1332.6035969999998
2025-09-20,3,B,17830.931874,1747.282384,14542.481114,12261.671331,4884.247021,4348.400767,3350.15059
2025-09-21,3,B,43103.702858,175.528858,20538.249781000002,15996.97963,4348.400767,5058.403759,3828.503749
2025-09-22,3,B,46061.978817,257.381733,20130.543646,16442.293162,5058.403759,4906.678417,9413.932707
2025-09-23,3,B,44355.014197,767.372304,20488.706296,16252.901684,4906.678417,5287.734433,5768.286068
2025-09-24,3,B,43141.120453,0.0,20592.071831,16982.085592,5287.734433,4951.615089,4745.638155
2025-09-25,3,B,42831.200543,1340.907154,20398.732874999998,16667.832786,4951.615089,4790.660469,4744.592789
2025-09-26,3,B,18248.954363,0.0,15900.817078999999,12844.193135000001,4790.660469,4830.070133,1334.6039300000002
2025-09-27,3,B,19477.860346,2367.896745,15522.125453999999,13017.110540999998,4830.070133,4336.526885,2600.011244
2025-09-28,3,B,45513.381,0.0,19919.014799,15703.916266,4336.526885,4814.844353,3188.7316
2025-09-29,3,B,43769.562338,558.183416,20607.119915,16390.452547,4814.844353,5149.638335,4848.823889
2025-09-30,3,B,46586.845464,668.763805,19317.211195,15855.205093999999,5149.638335,4918.233862,6024.629094
2025-10-01,3,B,40108.33848,409.510065,21028.768239999998,16529.535141,4918.233862,5477.975121,6450.791022
2025-10-02,3,B,43166.297883,0.0,20693.200934,14758.579387,5477.975121,7703.43442,7654.549185000001
2025-10-03,3,B,14820.321264,713.752761,15411.928505,14630.897309,7703.43442,5317.617509,2084.269486
2025-10-04,3,B,17649.648734,0.0,16382.084906,12878.402349,5317.617509,5752.157981,2583.71679
2025-10-05,3,B,41830.816014,0.0,20726.803491,15237.179283,5752.157981,7476.081919,6642.608635999999
2025-10-06,3,B,39851.263759,0.0,18060.749971,15630.367931,7476.081919,6363.681417,2628.867872
2025-10-07,3,B,39489.880596,93.886428,20485.867094,17264.882003,6363.681417,5617.759575,3600.100358
2025-10-08,3,B,36202.130252,1385.318054,20338.550788,16859.936228,5617.759575,5189.19281,1260.8421099999998
2025-10-09,3,B,39214.225698,3256.445108,21572.27617,17730.159703999998,5189.19281,4904.063912,11667.230074
2025-10-10,3,B,16966.243646,72.83570399999999,15801.573239,13229.0165,4904.063912,4426.572605,2117.367289
2025-10-11,3,B,15747.966427,1495.139491,17197.749364,13484.141703,4426.572605,4922.167362,1532.8431839999998
2025-10-12,3,B,39339.839324,207.876393,19547.639750000002,16114.209447,4922.167362,4610.365974,1817.9891240000002
2025-10-13,3,B,39351.392084,227.50082700000002,21704.77839,17339.461837,4610.365974,4878.597819,4232.134313999999
2025-10-14,3,B,41549.798712,927.6929670000001,21031.490205000002,17228.799976000002,4878.597819,4663.827917,5276.551296
2025-10-15,3,B,42940.397684,1498.522958,18945.682803,15356.02966,4663.827917,4652.687262,9869.056169
2025-10-16,3,B,44772.108412,2006.732477,20365.554522,16142.71351,4652.687262,5045.337987,4666.647124
2025-10-17,3,B,16371.233698,155.210925,16143.866216999999,13286.990225,5045.337987,4811.49511,466.678702
2025-10-18,3,B,20102.397706,0.0,17168.652964999997,13550.985082,4811.49511,5206.632687,4059.760022
2025-10-19,3,B,49224.745358,1657.7336990000001,19951.469399,15334.316079,5206.632687,6124.82617,10760.059584
2025-10-20,3,B,46171.124733,28.422705,18777.301046,15745.414085,6124.82617,5529.492571,8167.454152
2025-10-21,3,B,45799.358824,1693.841267,19940.331921999998,16519.53404,5529.492571,5120.753477,7156.457025
2025-10-22,3,B,43636.873499,2833.1293779999996,19311.319889000002,15652.112207999999,5120.753477,5109.70559,5115.920770000001
2025-10-23,3,B,49201.516191,127.20521,19954.886493,15983.084377000001,5109.70559,5310.120793,16887.840669
2025-10-24,3,B,16912.226301,610.622146,16802.491732,14028.765604,5310.120793,4844.846015,644.551551
2025-10-25,3,B,18067.163022,447.856075,16792.761902,13793.805878000001,4844.846015,4631.880751,1639.261956
2025-10-26,3,B,45298.420873,277.203399,21237.791781,16770.457056,4631.880751,5112.05218,6718.33728
2025-10-27,3,B,46976.213107,290.479542,21113.350951,16560.798237000003,5112.05218,5713.181106,3586.0911720000004
2025-10-28,3,B,46457.05329,183.70056899999997,18306.698226999997,14847.445490999999,5713.181106,5692.047854,2782.7561410000003
2025-10-29,3,B,49765.984123,561.861977,19694.727374,16312.474902,5692.047854,5292.330378,7213.9620190000005
2025-10-30,3,B,44132.556517,665.301406,20485.402392,16321.476672,5292.330378,5594.21845,1586.564932
2025-10-31,3,B,22146.146174,202.450997,16379.071320000001,13674.836350000001,5594.21845,5141.120028,4787.568173
2025-11-01,3,B,20214.251946,0.0,16793.951343,13333.084090999999,5141.120028,5441.138357,2643.1889060000003
2025-11-02,3,B,51684.633942,384.68905099999995,18374.758772,15512.783497,5441.138357,4741.995143,10666.05033
2025-11-03,3,B,51158.724147,304.221089,20402.154422,15891.423999,4741.995143,5446.796345,8769.172492999998
2025-11-04,3,B,46455.329141,197.401396,20678.783068,16569.550288,5446.796345,5647.089676,2931.788525
2025-11-05,3,B,49920.223171,0.0,20950.438458,16823.688944,5647.089676,5809.496573,7735.8615119999995
2025-11-06,3,B,49215.600175,342.367486,20067.504136,16676.422543,5809.496573,5340.891915,3036.7516100000003
2025-11-07,3,B,18001.014627,84.634751,17984.124941000002,14817.942067999998,5340.891915,5062.224287,439.4426130000001
2025-11-08,3,B,18349.853687,183.62022000000002,19381.196415,15540.124899999999,5062.224287,5238.495614,816.0535460000001
2025-11-09,3,B,51197.585929,399.44023,20556.483025,16102.090164,5238.495614,5848.119044,6518.750089
2025-11-10,3,B,53277.117925,594.32113,18966.18389,15651.448030000001,5848.119044,5527.186734,7590.163845
2025-11-11,3,B,51567.742497,219.827163,20376.211788,16320.310730000001,5527.186734,5732.098755,6814.781137
2025-11-12,3,B,50842.360246,462.81020900000004,20193.700687,16676.013613,5732.098755,5377.525359,7327.797415
2025-11-13,3,B,51334.20777,611.096363,18670.057059000002,14801.337457999998,5377.525359,5734.646204,2545.9001990000006
2025-11-14,3,B,20587.278704,946.12111,16859.800809,14013.584453,5734.646204,5337.81754,2931.772528
2025-11-15,3,B,20832.776833,119.454661,19466.172364,15988.942563,5337.81754,5091.88093,2524.2764989999996
2025-11-16,3,B,51607.959032,1227.084097,20743.241200000004,16494.080616,5091.88093,5434.041768,4175.346771
2025-11-17,3,B,50908.019038,301.850184,20856.109122,16483.490577,5434.041768,5889.550447,2570.5158900000006
2025-11-18,3,B,54405.675862,544.969358,20901.038357999998,16651.340485,5889.550447,6198.995543,6924.008192000001
2025-11-19,3,B,51806.165643,39.647492,21092.485161000004,18083.806233000003,6198.995543,5089.114151,2553.4095369999995
2025-11-20,3,B,54069.892991,514.714713,20975.386556,16343.877714999999,5089.114151,5807.097924,5963.507858999999
2025-11-21,3,B,21062.847661,46.420774,18412.424673999998,15334.06689,5807.097924,5340.428029,2755.178969
2025-11-22,3,B,20716.667294,7.82471,20932.489726,17144.130762000004,5340.428029,5130.634603,1768.708862
2025-11-23,3,B,51228.953435,418.12749500000007,22834.380288,18102.535635999997,5130.634603,5567.648379,687.9879569999998
2025-11-24,3,B,51787.010802,501.9500090000001,20220.30779,16821.849592,5567.648379,5074.981397,4213.361747
2025-11-25,3,B,56769.660622,425.28340099999997,20050.297331,16122.136401,5074.981397,5206.764105,12582.93146
2025-11-26,3,B,55303.233252,311.82678599999997,23193.869409,18072.897061,5206.764105,6000.249838,6230.789185999999
2025-11-27,3,B,54905.713413,325.695991,20380.049481000002,16757.345364,6000.249838,5723.021745,7808.315998
2025-11-28,3,B,20621.743942,681.5510730000001,19724.504792000003,16352.051409999998,5723.021745,5306.130046,2171.858135
2025-11-29,3,B,26486.570134,558.506,19127.127818,15578.389056000002,5306.130046,5211.22391,9409.594796999998
2025-11-30,3,B,58963.868808,820.620165,21531.887898,17003.181661000002,5211.22391,5697.49895,8011.505431
2025-12-01,3,B,61175.039457,595.07914,22689.820447,19548.419609,5697.49895,4397.87112,5757.161871
2025-12-02,3,B,61451.204891,2075.113603,23421.107777999998,19297.460407000002,4397.87112,4035.245445,5971.637829999999
2025-12-03,3,B,64938.4182,377.35003599999993,22627.566530000004,18400.012851,4035.245445,3955.596599,10336.796878000001
2025-12-04,3,B,59834.502804,2672.47511,23711.767488999998,19178.525537,3955.596599,3986.714518,4167.543531
2025-12-05,3,B,28188.904896,542.438406,23000.468811,14908.228721,3986.714518,8122.437868,2975.5028119999997
2025-12-06,3,B,25535.804125,220.21515200000002,14805.248951000001,15869.836279000001,8122.437868,3814.010504,4786.752015
2025-12-07,3,B,64202.721287,467.540169,29661.935441,19786.819026,3814.010504,8524.397928,4473.1597440000005
2025-12-08,3,B,61634.7177,463.300514,18738.702753999998,18693.801050000002,8524.397928,4618.340351,5754.160150000001
2025-12-09,3,B,64121.010037,111.935395,28462.631918999996,19719.98969,4618.340351,8323.609423,4474.0119939999995
2025-12-10,3,B,61941.861726,315.947059,17479.663689,18094.840525,8323.609423,3949.928382,5022.7697069999995
2025-12-11,3,B,64150.782504,0.0,29424.10495,19720.931767000002,3949.928382,8519.47643,6161.758798
2025-12-12,3,B,27166.010546,240.650414,18604.139990999996,15707.582537999999,8519.47643,7810.332935,3293.5964920000006
2025-12-13,3,B,26528.478087,35.926933,13349.240313,15576.478048,7810.332935,2517.451385,3197.892608
2025-12-14,3,B,64419.388815,69.812265,24943.080853,18332.083284,2517.451385,4597.242724,857.685813
2025-12-15,3,B,62909.668306,116.638716,22209.999430000003,18348.605776,4597.242724,4198.902459,2757.8270100000004
2025-12-16,3,B,64478.269817,0.0,27745.356602999997,18987.459485,4198.902459,8072.546196,3101.0738249999995
2025-12-17,3,B,60600.443235,63.153739,18920.737161,18462.425515000003,8072.546196,4587.403511,5553.699395
2025-12-18,3,B,61687.407923,0.0,23477.145139,18907.291774,4587.403511,4708.732165,1606.5614939999996
2025-12-19,3,B,28604.522501,101.262057,22569.332422,15198.788955000002,4708.732165,8133.588063,3407.541274
2025-12-20,3,B,23519.341038,17.198228,15430.527721999999,16362.081567,8133.588063,3840.972384,2474.090552
2025-12-21,3,B,64059.545675,7.762638,29321.463073,19462.100721,3840.972384,8605.732793,2352.1434449999997
2025-12-22,3,B,59997.468673,70.831378,18951.420976999998,19402.978104,8605.732793,4103.147112,1156.4350760000002
2025-12-23,3,B,61846.762826,0.0,23538.830326,18903.423712,4103.147112,4284.290279,4540.8167300000005
2025-12-24,3,B,61104.643934,63.378883,23361.424080999997,19229.292929000003,4284.290279,3943.690921,2906.956011
2025-12-25,3,B,60246.918264,345.848543,24108.759113,19234.129041,3943.690921,4270.319633,1756.688059
2025-12-26,3,B,26043.04672,149.20238,18429.592641,15327.440321000002,4270.319633,3826.463763,1968.437534
2025-12-27,3,B,27506.780798,655.385454,19258.744161000002,15396.702551,3826.463763,4051.886229,3996.94309
2025-12-28,3,B,62159.917647,0.0,27798.333354000002,18507.707624000002,4051.886229,8506.266665,2121.6777400000005
2025-12-29,3,B,57871.552407,200.296829,18458.510756000003,19034.137522,8506.266665,3969.884654,1651.7670619999994
2025-12-30,3,B,61768.503339,0.0,24039.735181000004,19276.79151,3969.884654,4186.989084,3744.9314860000004
2025-12-31,3,B,62008.133958,64.982814,24093.756918000006,19346.790627,4186.989084,4374.936279,3469.183267999999
2025-02-01,4-2,B,21592.075553,0.0,23379.393039000002,19018.575672000003,10259.212555,10168.915544,0.0
2025-02-02,4-2,B,64578.293322,0.0,24017.504468,19948.097433,10168.915544,9620.116862,0.0
2025-02-03,4-2,B,64323.120106,0.0,18613.649493,18635.932027000003,9620.116862,5665.810264,0.0
2025-02-04,4-2,B,71396.234131,0.0,26882.065115,19357.149327000003,5665.810264,8351.725172,0.0
2025-02-05,4-2,B,63587.558694,0.0,23492.548692999997,20246.268874,8351.725172,6999.164691,0.0
2025-02-06,4-2,B,70327.148328,0.0,26192.629980000005,21137.703876,6999.164691,7086.194034,0.0
2025-02-07,4-2,B,21486.373074,736.810578,27177.259124,19799.66411,7086.194034,9546.100458,0.0
2025-02-08,4-2,B,15462.193441,78.493615,24388.817911,20274.60947,9546.100458,8968.692724,0.0
2025-02-09,4-2,B,62835.911001,0.0,21054.299399,19205.819089,8968.692724,6577.763194,0.0
2025-02-10,4-2,B,60499.407955,0.0,21418.972736,15811.073504999998,6577.763194,8286.979205,0.0
2025-02-11,4-2,B,58212.126162,59.993092,23283.984720999997,20037.614292000002,8286.979205,6978.549574,0.0
2025-02-12,4-2,B,67943.97445,0.0,24824.788150000004,19556.646986,6978.549574,7591.251146,0.0
2025-02-13,4-2,B,56788.221693,0.0,19996.4239,14158.449537999999,7591.251146,9856.422059,0.0
2025-02-14,4-2,B,15717.509508,323.89769,23355.555174999998,19399.400323,9856.422059,9321.53247,0.0
2025-02-15,4-2,B,22554.563619,0.0,26901.273408,21397.495132,9321.53247,9757.683946,0.0
2025-02-16,4-2,B,60225.802578,0.0,21244.098277,17678.829029,9757.683946,9234.22903,0.0
2025-02-17,4-2,B,58522.402232,0.0,20955.160505,18084.174233000005,9234.22903,8000.34656,0.0
2025-02-18,4-2,B,52187.098133,0.0,19041.496844,15709.323138,8000.34656,7682.890233,0.0
2025-02-19,4-2,B,50433.748541,0.0,17055.495621000002,18081.622535,7682.890233,2942.144587,0.0
2025-02-20,4-2,B,55812.97278,10.082618,24192.467832,16807.488958,2942.144587,6040.377903,0.0
2025-02-21,4-2,B,16229.869808,27.66855,24961.134693,17242.460117,6040.377903,9347.110108,0.0
2025-02-22,4-2,B,15910.871687,38.66882,22490.113256,17687.266954000002,9347.110108,9935.693201,0.0
2025-02-23,4-2,B,51773.31441,174.90316399999998,19076.825343,18118.545278999998,9935.693201,6973.119034,0.0
2025-02-24,4-2,B,52335.626324,5.284901,21623.806052,18811.965399,6973.119034,5532.360702,0.0
2025-02-25,4-2,B,56517.832152,19.555028,21636.054773000003,15667.805003000001,5532.360702,7596.137775,0.0
2025-02-26,4-2,B,46818.105929,611.824386,21509.44223,19626.377768,7596.137775,5147.549373,0.0
2025-02-27,4-2,B,48594.557462,0.0,25429.026179,18072.429855000002,5147.549373,7953.195319,0.0
2025-02-28,4-2,B,14503.470127,0.0,25256.993019,18756.201354,7953.195319,9844.265309,0.0
2025-03-01,4-2,B,16122.983953,1480.8848819999998,25803.922570000002,20954.458085,9844.265309,9785.064417,0.0
2025-03-02,4-2,B,56721.582896,0.0,19958.727895,17737.079061999997,9785.064417,8040.053896,0.0
2025-03-03,4-2,B,55250.550718,0.0,21925.613512,20995.143017999995,8040.053896,4445.16937,0.0
2025-03-04,4-2,B,50004.108027,0.0,21889.622305,16683.952539,4445.16937,5608.104401,0.0
2025-03-05,4-2,B,53446.066026,0.0,24161.712354,17398.076177,5608.104401,8022.449769,0.0
2025-03-06,4-2,B,45329.308709,1331.668227,27576.314069,20806.61795,8022.449769,9722.668042,0.0
2025-03-07,4-2,B,14408.481076,177.053383,23516.33905,18604.271113,9722.668042,10215.960839,0.0
2025-03-08,4-2,B,12437.573717,1613.814263,22336.446174,17933.237338,10215.960839,10392.943132,0.0
2025-03-09,4-2,B,44354.332336,87.90768,23608.785499999998,20481.140167,10392.943132,8884.027673,0.0
2025-03-10,4-2,B,44918.451805,2423.279763,19749.240060999997,17511.860352,8884.027673,7200.721114,0.0
2025-03-11,4-2,B,39897.659688,5727.13319,17182.763505,13291.074683,7200.721114,7897.34751,0.0
2025-03-12,4-2,B,45810.433519,0.0,22764.529603,19349.592434,7897.34751,6885.877004,0.0
2025-03-13,4-2,B,46315.264977,878.8044580000001,21510.811926000002,17273.545627,6885.877004,7052.779262,0.0
2025-03-14,4-2,B,13430.055571,224.964887,23911.389818,16261.554547,7052.779262,10504.636156,0.0
2025-03-15,4-2,B,12486.973005,416.32579499999997,23421.966864,19656.124818000004,10504.636156,9744.267647,0.0
2025-03-16,4-2,B,43959.931008,94.182488,20844.832302,18452.321577000002,9744.267647,8002.037189,0.0
2025-03-17,4-2,B,38973.281071,0.0,19733.87592,18204.710261,8002.037189,5535.069671,0.0
2025-03-18,4-2,B,47172.377894,0.0,23036.078964,16044.539941,5535.069671,8440.274138,0.0
2025-03-19,4-2,B,36551.75024,2809.3900280000003,15730.763224,15715.537058,8440.274138,5136.2532,0.0
2025-03-20,4-2,B,44357.807673,0.0,22644.948847,17401.884627000003,5136.2532,6181.279801,0.0
2025-03-21,4-2,B,13429.207184,205.424319,27141.302597,18334.563334000002,6181.279801,10236.7151,0.0
2025-03-22,4-2,B,12903.750872,0.0,23965.181043,19486.076902,10236.7151,10154.181481,0.0
2025-03-23,4-2,B,42005.038184,0.0,16451.157424,17051.644572,10154.181481,6013.951417,0.0
2025-03-24,4-2,B,41113.178375,0.0,21140.216385,17512.014156999998,6013.951417,5582.352656,0.0
2025-03-25,4-2,B,46200.192035,599.494528,24537.251965999996,20133.16152,5582.352656,5295.699958,0.0
2025-03-26,4-2,B,39580.533045,92.667185,24777.936719999998,17894.740601,5295.699958,7712.797895,0.0
2025-03-27,4-2,B,41741.260375,0.0,19987.062752,15826.12743,7712.797895,8116.568339,0.0
2025-03-28,4-2,B,12844.847771,252.34191,26657.709042000002,19417.288213000003,8116.568339,10533.741795,0.0
2025-03-29,4-2,B,11200.453665,815.196646,23975.740909,19916.455448,10533.741795,9982.513672,0.0
2025-03-30,4-2,B,38287.953955,0.0,18327.972793,16751.716927999998,9982.513672,7864.670377,0.0
2025-03-31,4-2,B,33878.237882,3885.039715,14940.140747999998,13958.396001000001,7864.670377,5801.46816,0.0
2025-04-01,4-2,B,43317.966916,0.0,21053.218426,16780.725722,5801.46816,6104.113942,0.0
2025-04-02,4-2,B,41105.556184,47.0875,21339.40239,15643.205281999999,6104.113942,7928.23689,0.0
2025-04-03,4-2,B,40775.861919,0.0,17513.167902,15765.369989,7928.23689,6173.010236,0.0
2025-04-04,4-2,B,12172.386931,125.064725,26309.602729,17854.762827,6173.010236,10013.027329,0.0
2025-04-05,4-2,B,11204.363062,155.147732,22903.860417,18755.157545000002,10013.027329,9787.437765,0.0
2025-04-06,4-2,B,37418.752502,4.455944,19495.933590999997,18154.320660999998,9787.437765,7162.310595,0.0
2025-04-07,4-2,B,32142.991058,1878.616323,16080.787733,15218.079436,7162.310595,4726.042403,0.0
2025-04-08,4-2,B,41488.785878,0.0,23132.366659,17036.543515,4726.042403,6615.679601,0.0
2025-04-09,4-2,B,38073.212384,1315.548655,19694.123331000003,15228.057094000002,6615.679601,7420.327161,0.0
2025-04-10,4-2,B,37095.724057,0.0,21378.953248,17858.798531,7420.327161,6818.275604,0.0
2025-04-11,4-2,B,11653.787975,483.73535300000003,24317.107333,16763.614043,6818.275604,10077.434378,0.0
2025-04-12,4-2,B,11677.075329,0.0,23951.551493,19132.005398,10077.434378,10376.046947,0.0
2025-04-13,4-2,B,33644.76872,1149.056784,18638.457484,17476.144152,10376.046947,7732.720738,0.0
2025-04-14,4-2,B,37042.378533,0.0,19104.559124,16386.547495000003,7732.720738,6719.548955,0.0
2025-04-15,4-2,B,32470.291162,1632.080514,21400.061366,16259.219847,6719.548955,7913.804357,0.0
2025-04-16,4-2,B,34301.836198,435.485682,17227.779042000002,17333.923836,7913.804357,4158.890121,0.0
2025-04-17,4-2,B,33666.879769,1930.2531880000001,19806.947037,15259.777531,4158.890121,5029.834086,0.0
2025-04-18,4-2,B,12250.775722,0.0,25756.003838999997,15793.540622,5029.834086,10661.859072,0.0
2025-04-19,4-2,B,9708.965698,34.108041,22546.875097,19623.671389,10661.859072,9149.967339,0.0
2025-04-20,4-2,B,31904.285652,0.0,17210.291848,17605.598362000004,9149.967339,5077.454044,0.0
2025-04-21,4-2,B,34226.845345,0.0,19523.996107,16301.226871,5077.454044,4536.576239,0.0
2025-04-22,4-2,B,34077.495407,1592.8715539999998,22227.335674,15473.127531,4536.576239,7348.814423,0.0
2025-04-23,4-2,B,31415.862429,2409.2243049999997,17001.335688,14604.317358,7348.814423,6422.997255,0.0
2025-04-24,4-2,B,31703.582168,0.0,17965.582253,15723.393715000002,6422.997255,5121.583823,0.0
2025-04-25,4-2,B,11639.790307,0.0,26745.277242999997,17484.363652,5121.583823,9765.262618,0.0
2025-04-26,4-2,B,10341.355205,129.415394,23948.490506000002,19334.76596,9765.262618,9835.830785,0.0
2025-04-27,4-2,B,29483.022184,602.233657,17436.750079,18050.300818,9835.830785,5473.016058,0.0
2025-04-28,4-2,B,38225.329081,29.561741,21880.468579,16719.004073,5473.016058,6588.766587,0.0
2025-04-29,4-2,B,31016.460057,88.624101,16683.21157,15343.156535,6588.766587,4555.705294,0.0
2025-04-30,4-2,B,32195.099444,575.404905,21939.122462,14932.344941,4555.705294,7709.421129,0.0
2025-05-01,4-2,B,32297.968463,2221.0797190000003,19707.972479999997,17576.155359,7709.421129,5917.534851,0.0
2025-05-02,4-2,B,12929.769189,2135.684589,23460.204707,15902.326744999998,5917.534851,9362.467148,0.0
2025-05-03,4-2,B,10878.189383,1750.802989,24022.448372,19882.9311,9362.467148,8890.525017,0.0
2025-05-04,4-2,B,34632.28101,1216.760894,17595.674763000003,16432.474553,8890.525017,6468.327245,0.0
2025-05-05,4-2,B,36133.742761,781.816072,19481.088581,16546.522709999997,6468.327245,5616.281734,0.0
2025-05-06,4-2,B,33116.732542,4607.660953,19985.289855,16247.451378999998,5616.281734,5550.31885,0.0
2025-05-07,4-2,B,35473.665673,2700.016063,18415.950908000003,14769.870350000001,5550.31885,5713.707613,0.0
2025-05-08,4-2,B,38401.048313,0.0,19889.17521,17106.748986000002,5713.707613,4606.466428,0.0
2025-05-09,4-2,B,14460.714782,0.0,26273.502326,16683.676373,4606.466428,9715.200331,0.0
2025-05-10,4-2,B,13420.239873,0.0,22100.282694,17780.851619,9715.200331,9848.952957,0.0
2025-05-11,4-2,B,35860.297802,17.733333,14603.797473999999,17087.092167,9848.952957,4006.71272,0.0
2025-05-12,4-2,B,33860.691748,2283.7320799999998,16337.734427,13343.468691999999,4006.71272,3884.597379,0.0
2025-05-13,4-2,B,38948.572093,147.800523,21082.833269000002,17044.720047000003,3884.597379,3920.569491,0.0
2025-05-14,4-2,B,39185.963191,93.424926,20494.342959999998,13304.017267000001,3920.569491,7583.236749,0.0
2025-05-15,4-2,B,37074.595698,1277.151455,16062.193267999999,13822.82396,7583.236749,6680.517399,0.0
2025-05-16,4-2,B,13620.752834,0.0,24148.38194,16415.500821999998,6680.517399,10174.615787,0.0
2025-05-17,4-2,B,12796.825858,144.856383,21277.499368999997,17436.376246,10174.615787,9950.613836,0.0
2025-05-18,4-2,B,37929.17849,0.0,14970.899134,15593.001102,9950.613836,6098.866275,0.0
2025-05-19,4-2,B,34951.72423,0.0,14783.129585,13277.438381,6098.866275,4650.973589,0.0
2025-05-20,4-2,B,34085.5433,2147.676148,16842.308108999998,14762.526305,4650.973589,3406.243882,0.0
2025-05-21,4-2,B,34514.526915,1537.3502039999998,17217.819564999998,13953.062542000001,3406.243882,3398.878668,0.0
2025-05-22,4-2,B,34802.160806,0.0,20681.396627000002,16325.881641,3398.878668,3872.267143,0.0
2025-05-23,4-2,B,13223.906941,247.243944,25653.253744,14993.041881999998,3872.267143,10301.260086,0.0
2025-05-24,4-2,B,12052.677986,0.0,23091.734127,18991.992534000005,10301.260086,9981.606873,0.0
2025-05-25,4-2,B,33052.448532,0.0,13754.119580999999,15540.707370999999,9981.606873,5092.861862,0.0
2025-05-26,4-2,B,34522.344045,2019.7164779999998,14920.50686,13432.097910999999,5092.861862,3596.7648,0.0
2025-05-27,4-2,B,33813.638211,1842.0365000000002,18422.03176,13572.479096,3596.7648,5096.061055,0.0
2025-05-28,4-2,B,36674.454988,0.0,17123.612283000002,14504.627609000001,5096.061055,4391.05921,0.0
2025-05-29,4-2,B,36123.302869,20.745276,18598.388512,15406.593674000002,4391.05921,4011.171453,0.0
2025-05-30,4-2,B,14479.124548,0.0,25921.615758,15467.900435000001,4011.171453,10154.069596,0.0
2025-05-31,4-2,B,12328.458251,0.0,25460.907573,20395.004127999997,10154.069596,10407.770715,0.0
2025-06-01,4-2,B,48144.507575,2511.131317,19251.941819,22400.462326,10407.770715,2845.11577,0.0
2025-06-02,4-2,B,52495.879888,1949.991454,23677.325722999998,19406.090598000003,2845.11577,2592.386034,0.0
2025-06-03,4-2,B,46803.99886,2516.554886,22671.130815,18643.971424,2592.386034,2280.879963,0.0
2025-06-04,4-2,B,53826.752257,877.090456,22355.929541999998,18915.331723000003,2280.879963,1384.181303,0.0
2025-06-05,4-2,B,48026.024691,5664.013814,20036.587073000002,14675.378819000001,1384.181303,3111.133203,0.0
2025-06-06,4-2,B,19954.197459,3314.294997,14714.545491,10869.314565,3111.133203,4277.207962,0.0
2025-06-07,4-2,B,20829.315785,166.749326,23411.739674999997,16632.245322,4277.207962,6867.501092,0.0
2025-06-08,4-2,B,52431.310094,0.0,15191.904423,13908.436578,6867.501092,5086.396654,0.0
2025-06-09,4-2,B,61281.713298,0.0,21036.808317,16027.968154999999,5086.396654,6210.670635,0.0
2025-06-10,4-2,B,55502.615,0.0,21011.198343999997,17491.650553,6210.670635,5685.581863,0.0
2025-06-11,4-2,B,59195.752703,0.0,23012.263545,19458.860813000003,5685.581863,4775.662594,0.0
2025-06-12,4-2,B,58738.508919,0.0,22136.254119999998,15824.651694999999,4775.662594,7115.344974,0.0
2025-06-13,4-2,B,22530.220211,83.54037399999999,20535.569873,15165.450552999999,7115.344974,8746.857244,0.0
2025-06-14,4-2,B,22439.526265,0.0,20856.438288,16187.894720999999,8746.857244,9531.102013,0.0
2025-06-15,4-2,B,52006.106027,154.800287,18119.176055999997,19245.853237,9531.102013,4454.07909,0.0
2025-06-16,4-2,B,57132.976846,0.0,21901.697807,16723.075276,4454.07909,5584.412366,0.0
2025-06-17,4-2,B,56208.959812,1304.511637,18323.3464,15283.047363,5584.412366,5094.260391,0.0
2025-06-18,4-2,B,57826.364859,555.996526,19688.357551,14546.531493999999,5094.260391,6650.969416,0.0
2025-06-19,4-2,B,53090.428939,0.0,18604.628509,15038.406285000001,6650.969416,6685.794758,0.0
2025-06-20,4-2,B,21774.832272,0.0,19538.846801,13498.433527000001,6685.794758,9272.497405,0.0
2025-06-21,4-2,B,18909.728514,151.821666,18538.401879999998,16335.748223999999,9272.497405,7806.227735,0.0
2025-06-22,4-2,B,49043.435063,695.541992,16012.717475000001,14907.915643000002,7806.227735,5653.322748,0.0
2025-06-23,4-2,B,52423.536476,0.0,18086.697636,14198.773333,5653.322748,6154.935806,0.0
2025-06-24,4-2,B,60387.82117,0.0,21253.179883,17096.479065,6154.935806,6286.709851,0.0
2025-06-25,4-2,B,51212.658861,0.0,14077.175573,12937.406582000001,6286.709851,4581.271664,0.0
2025-06-26,4-2,B,51201.355681,0.0,16067.896719999999,12738.739276,4581.271664,4888.223961,0.0
2025-06-27,4-2,B,21848.106533,0.0,24207.707113,14766.660436,4888.223961,10267.759879,0.0
2025-06-28,4-2,B,19399.625029,0.0,21098.759786000002,17661.163018,10267.759879,9633.129222,0.0
2025-06-29,4-2,B,46654.935672,1794.741377,14901.296071,17920.395779,9633.129222,3132.744819,0.0
2025-06-30,4-2,B,55038.623574,0.0,20611.640059999998,13976.797799,3132.744819,6153.445541,0.0
2025-07-01,4-2,B,50448.632003,11996.545627,8992.515958000002,11725.357356999999,6153.445541,1218.535062,0.0
2025-07-02,4-2,B,52579.395747,8167.8886840000005,12235.718793,9737.588805999998,1218.535062,1411.138858,0.0
2025-07-03,4-2,B,59000.585097,7115.360815999999,15718.929885999998,12209.278452,1411.138858,1992.310809,0.0
2025-07-04,4-2,B,24014.068016,3701.00726,19815.564971,12363.448074,1992.310809,6089.154756,0.0
2025-07-05,4-2,B,21933.659056,3735.0995519999997,19053.118952999997,15593.217975,6089.154756,5911.164065,0.0
2025-07-06,4-2,B,53754.785916,11073.905571,10951.156113000003,13110.48411,5911.164065,1200.0,0.0
2025-07-07,4-2,B,59423.453623,597.1505520000001,20200.600671,15636.71157,1200.0,2006.416636,0.0
2025-07-08,4-2,B,69425.719926,0.0,21441.66739,14452.096727,2006.416636,5246.032035,0.0
2025-07-09,4-2,B,69434.603805,0.0,19038.646935,14987.924554,5246.032035,5727.564772,0.0
2025-07-10,4-2,B,70691.606905,0.0,18780.767971,14810.234713999998,5727.564772,6174.439596,0.0
2025-07-11,4-2,B,31573.5166,0.0,24571.799543,16591.247396,6174.439596,9854.339856,0.0
2025-07-12,4-2,B,28422.658678,0.0,23469.821936,18816.042833,9854.339856,10070.46534,0.0
2025-07-13,4-2,B,63636.638298,0.0,17439.983908,18075.831775,10070.46534,5682.193329,0.0
2025-07-14,4-2,B,61588.736755,0.0,17319.74115,14336.447109,5682.193329,5340.574689,0.0
2025-07-15,4-2,B,65457.613469,0.0,21210.385044,16530.228516,5340.574689,6063.000655,0.0
2025-07-16,4-2,B,62100.378361,0.0,19395.272481,15660.043565,6063.000655,6118.697483,0.0
2025-07-17,4-2,B,60954.856278,0.0,18827.979268,15502.580122,6118.697483,5838.789799,0.0
2025-07-18,4-2,B,30727.603127,0.0,26664.934754,18914.951452,5838.789799,8820.618353,0.0
2025-07-19,4-2,B,29234.533619,134.800991,26080.247671999998,20757.1809,8820.618353,9229.306927,0.0
2025-07-20,4-2,B,63180.84446,0.0,17456.581087000002,16414.200424,9229.306927,6702.229434,0.0
2025-07-21,4-2,B,65037.789952,0.0,20658.353819,17345.734299,6702.229434,6021.709761,0.0
2025-07-22,4-2,B,65843.051115,107.312105,21073.673724,17639.824021,6021.709761,5388.211644,0.0
2025-07-23,4-2,B,68832.072096,0.0,19587.978753,15692.446859,5388.211644,5581.340458,0.0
2025-07-24,4-2,B,69740.380075,0.0,23530.904965,17857.711178999998,5581.340458,6917.253616,0.0
2025-07-25,4-2,B,26380.093171,0.0,22408.953688,16278.151582999999,6917.253616,8998.476841,0.0
2025-07-26,4-2,B,27753.954858,0.0,25285.631097999998,19741.502774,8998.476841,9820.541746,0.0
2025-07-27,4-2,B,59029.350634,0.0,16586.837429000003,17284.306803,9820.541746,5543.910097,0.0
2025-07-28,4-2,B,63663.018527,0.0,20549.106154,16846.104782000002,5543.910097,5320.211436,0.0
2025-07-29,4-2,B,61466.760353,0.0,20729.427170000003,17462.800596,5320.211436,4573.584114,0.0
2025-07-30,4-2,B,58713.512782,2206.711033,15938.802472,13410.055329,4573.584114,4018.444863,0.0
2025-07-31,4-2,B,59153.901486,1396.445859,19344.940180999998,15126.692375999999,4018.444863,4621.455051,0.0
2025-08-01,4-2,B,28429.038119,60.053777,24637.007151,16492.191143999997,4621.455051,8470.10466,0.0
2025-08-02,4-2,B,27107.509919,0.0,25493.659576,20229.410298,8470.10466,8937.275725,0.0
2025-08-03,4-2,B,50641.679923,153.766717,15304.522743999998,16120.23673,8937.275725,4799.972051,0.0
2025-08-04,4-2,B,57383.789895,0.0,20068.483463,15394.563065999999,4799.972051,5756.537096,0.0
2025-08-05,4-2,B,54111.764084,77.250617,19810.979130000003,16467.688225,5756.537096,5288.98695,0.0
2025-08-06,4-2,B,59766.528113,66.581808,18128.582542,14927.649014999999,5288.98695,5018.434554,0.0
2025-08-07,4-2,B,61143.72888,0.0,20090.342574000002,15167.492799999998,5018.434554,6246.973093,0.0
2025-08-08,4-2,B,27320.69745,333.757987,23480.284717000002,16121.588185999999,6246.973093,9466.353575,0.0
2025-08-09,4-2,B,25817.340943,0.0,27437.845124999996,22118.662009,9466.353575,9584.123067,0.0
2025-08-10,4-2,B,57280.814035,0.0,17413.270585,16602.668888,9584.123067,6808.656717,0.0
2025-08-11,4-2,B,52582.930079,0.0,16810.755676,15301.428635,6808.656717,4936.749454,0.0
2025-08-12,4-2,B,57262.137929,0.0,16969.473463000002,13700.943947,4936.749454,4986.004518,0.0
2025-08-13,4-2,B,53907.029584,0.0,18493.850545,14525.377841000001,4986.004518,5491.161298,0.0
2025-08-14,4-2,B,56556.527995,0.0,21876.794876,17199.025077000002,5491.161298,6070.248824,0.0
2025-08-15,4-2,B,26963.967108,65.707277,25691.063114000004,18037.23788,6070.248824,9150.830204,0.0
2025-08-16,4-2,B,26870.530549,210.878382,27826.502371000002,21766.820072000002,9150.830204,10009.326702,0.0
2025-08-17,4-2,B,52309.812198,0.0,14981.940433,16495.328878000004,10009.326702,5164.929893,0.0
2025-08-18,4-2,B,54469.492707,0.0,19359.009335,15972.566176000002,5164.929893,4840.742543,0.0
2025-08-19,4-2,B,55273.189869,0.0,17553.400203,13754.718335,4840.742543,5355.782354,0.0
2025-08-20,4-2,B,59418.241189,0.0,17743.836945,15136.524704,5355.782354,4506.874823,0.0
2025-08-21,4-2,B,58058.915351,0.0,20140.039716000003,14759.117653000001,4506.874823,6233.89095,0.0
2025-08-22,4-2,B,26211.052436,0.0,24720.819410999997,18670.481067,6233.89095,7737.649456,0.0
2025-08-23,4-2,B,22700.128138,90.708638,24074.637201999998,19137.189356000003,7737.649456,8141.279209,0.0
2025-08-24,4-2,B,53943.323585,0.0,17681.30712,16837.489057,8141.279209,5346.134442,0.0
2025-08-25,4-2,B,69163.303588,0.0,24411.977611000002,20058.018472999996,5346.134442,5030.227102,0.0
2025-08-26,4-2,B,54085.480802,0.0,17995.265897999998,14470.712422999999,5030.227102,5147.397052,0.0
2025-08-27,4-2,B,54467.239853,0.0,18482.877056,15927.803329999999,5147.397052,4084.427147,0.0
2025-08-28,4-2,B,53869.616025,2258.043006,16241.398458,13876.790177,4084.427147,3283.030007,0.0
2025-08-29,4-2,B,29335.368028,0.0,29292.641411000004,17199.478326,3283.030007,10535.875805,0.0
2025-08-30,4-2,B,25576.301157,0.0,27379.248071,22368.615191999997,10535.875805,10323.182189,0.0
2025-08-31,4-2,B,50569.687211,0.0,15721.992762000002,17887.231257,10323.182189,4598.274278,0.0
2025-09-01,4-2,B,51540.236401,0.0,23779.27821,15709.288047,4598.274278,8544.860171,0.0
2025-09-02,4-2,B,44280.677937,0.0,19882.864894,17093.806699999997,8544.860171,7446.32002,0.0
2025-09-03,4-2,B,49428.54456,0.0,19063.509084,14984.128655,7446.32002,7954.446357,0.0
2025-09-04,4-2,B,49116.667373,0.0,22325.656514,16909.725929,7954.446357,9258.952854,0.0
2025-09-05,4-2,B,20576.516171,0.0,26087.113705000003,19743.619669,9258.952854,10800.0,0.0
2025-09-06,4-2,B,14260.342788,722.644811,19708.894986,17781.605013999997,10800.0,8780.666584,0.0
2025-09-07,4-2,B,37261.455648,979.562207,20313.111448,17474.054808,8780.666584,7646.850435,0.0
2025-09-08,4-2,B,34846.760355,10091.353014,19927.13728,15296.442069,7646.850435,8585.227245,0.0
2025-09-09,4-2,B,35839.81224,3353.611112,15766.815841,16356.665912,8585.227245,4601.288266,0.0
2025-09-10,4-2,B,41851.519724,2581.0175910000003,20410.858699,17626.857446,4601.288266,3385.663931,0.0
2025-09-11,4-2,B,42799.180612,914.479375,24577.97266,18481.122702,3385.663931,4971.258544,0.0
2025-09-12,4-2,B,15126.568293,346.588702,18697.377956,14123.601587000001,4971.258544,6106.008051,0.0
2025-09-13,4-2,B,14523.828497,20.599561,19087.034675000003,15660.072971,6106.008051,5884.258179,0.0
2025-09-14,4-2,B,45152.421908,0.0,21484.234304999998,18846.622666,5884.258179,4279.377203,0.0
2025-09-15,4-2,B,40238.668411,149.279433,22923.626229999998,18697.406689,4279.377203,4135.744487,0.0
2025-09-16,4-2,B,46907.996013,4.854483,21832.450145,18502.18727,4135.744487,3226.963762,0.0
2025-09-17,4-2,B,47209.492491,0.0,23508.578429999998,17022.751446000002,3226.963762,5470.516077,0.0
2025-09-18,4-2,B,39705.198251,1905.5455720000002,18163.590116,15416.529307,5470.516077,4688.270172,0.0
2025-09-19,4-2,B,15806.747989,309.937917,20738.559897,15487.022871000001,4688.270172,6145.170889,0.0
2025-09-20,4-2,B,15107.215671,263.131517,21111.318396000002,16793.922334,6145.170889,6485.443739,0.0
2025-09-21,4-2,B,42277.200574,0.0,19784.986896000002,16862.739150999998,6485.443739,5555.555112,0.0
2025-09-22,4-2,B,47165.53619,0.0,18517.327271000002,17048.573626,5555.555112,3278.290071,0.0
2025-09-23,4-2,B,48360.577236,0.0,23182.628036,17902.6089,3278.290071,4250.867635,0.0
2025-09-24,4-2,B,41187.661957,2597.047422,19341.399039,15998.745798000002,4250.867635,3881.742548,0.0
2025-09-25,4-2,B,45739.685571,16.5147,22768.561936,17426.469344,3881.742548,5010.704576,0.0
2025-09-26,4-2,B,16055.178798,0.0,19410.255397,14406.314656999999,5010.704576,6472.918147,0.0
2025-09-27,4-2,B,15581.85186,1779.4394450000002,18334.663496,15354.349502,6472.918147,5913.726957,0.0
2025-09-28,4-2,B,45797.136519,0.0,20875.697588000003,17183.833001000003,5913.726957,5608.707007,0.0
2025-09-29,4-2,B,48439.650731,20.394633,22804.25476,18338.422296,5608.707007,5756.511518,0.0
2025-09-30,4-2,B,47451.965144,530.562024,19388.892123,16537.706756,5756.511518,4831.284699,0.0
2025-10-01,4-2,B,41392.087447,0.0,21596.478011000003,15424.547622000002,4831.284699,7129.728663,0.0
2025-10-02,4-2,B,44594.864581,0.0,21675.997317,16253.639152999998,7129.728663,8578.527189,0.0
2025-10-03,4-2,B,12775.845311,438.086934,21515.432292999998,17189.604327999998,8578.527189,8842.855888,0.0
2025-10-04,4-2,B,14568.564299,0.0,19872.802452,16109.874098,8842.855888,8828.517985,0.0
2025-10-05,4-2,B,43372.81763,0.0,18601.918634,16245.186497000002,8828.517985,7520.037537,0.0
2025-10-06,4-2,B,39567.342763,0.0,16475.565242999997,15526.247356,7520.037537,5096.660305,0.0
2025-10-07,4-2,B,42740.686619,0.0,23886.118248000002,17055.289203,5096.660305,7643.845391,0.0
2025-10-08,4-2,B,36628.101927,667.271589,19539.502948,18009.034014,7643.845391,5219.360251,0.0
2025-10-09,4-2,B,45749.611551,238.018166,25204.223694,19825.687401,5219.360251,5874.620019,0.0
2025-10-10,4-2,B,13605.620015,133.055132,22793.189054,16777.02277,5874.620019,7747.353756,0.0
2025-10-11,4-2,B,12531.277182,182.169646,19829.225377,17275.680527,7747.353756,6398.456011,0.0
2025-10-12,4-2,B,39289.787594,285.580041,18239.117322000002,16686.256686,6398.456011,4273.376393,0.0
2025-10-13,4-2,B,43204.475201,0.0,23322.050705,17433.805295,4273.376393,5892.327254,0.0
2025-10-14,4-2,B,44713.207323,455.763007,22229.50789,18709.983337,5892.327254,5110.013983,0.0
2025-10-15,4-2,B,45676.039505,19.874197,22462.97056,18170.619283999997,5110.013983,5137.110503,0.0
2025-10-16,4-2,B,45118.274264,386.01918800000004,22471.527792,17905.057428,5137.110503,5466.977264,0.0
2025-10-17,4-2,B,13347.501425,791.131543,21746.724325,15804.063298,5466.977264,7478.958825,0.0
2025-10-18,4-2,B,14321.128781,333.539769,21211.821745,17044.997274999998,7478.958825,7630.712535,0.0
2025-10-19,4-2,B,45287.90002,1004.3235890000001,19740.23487,17991.673922,7630.712535,5406.175115,0.0
2025-10-20,4-2,B,50207.722852,0.0,23250.943156999998,18310.961843,5406.175115,5986.510798,0.0
2025-10-21,4-2,B,48678.860957,0.0,22759.230967000003,18314.234777,5986.510798,6120.668915,0.0
2025-10-22,4-2,B,47316.820977,1328.483188,23089.712821,18644.677545,6120.668915,6185.102071,0.0
2025-10-23,4-2,B,53154.735585,0.0,21201.239956,18104.797854,6185.102071,5149.775971,0.0
2025-10-24,4-2,B,14475.224307,771.487202,22458.725187,15620.497791,5149.775971,8006.519981,0.0
2025-10-25,4-2,B,13423.052216,1034.5900139999999,21654.484915999998,17718.60638,8006.519981,7808.215983,0.0
2025-10-26,4-2,B,48898.545728,0.0,19882.327203,17715.910856,7808.215983,6017.965067,0.0
2025-10-27,4-2,B,44180.054422,187.524271,19210.878090000002,16420.609019,6017.965067,5062.634216,0.0
2025-10-28,4-2,B,46110.610626,589.262658,19048.766105,15536.338012,5062.634216,4943.925919,0.0
2025-10-29,4-2,B,51007.676424,809.132651,21996.394666,17059.355432,4943.925919,5785.841749,0.0
2025-10-30,4-2,B,44929.561293,959.80639,21290.928238,17547.445115000002,5785.841749,5450.515926,0.0
2025-10-31,4-2,B,15817.132866,847.947624,21341.465567,15092.823751999998,5450.515926,7888.030768,0.0
2025-11-01,4-2,B,14306.914875,860.80164,19911.059864,15912.494882,7888.030768,8127.434775,0.0
2025-11-02,4-2,B,47709.811853,384.527595,17842.354106,17781.294472999998,8127.434775,4428.559609,0.0
2025-11-03,4-2,B,54047.910064,0.0,21816.883374,16323.553070000002,4428.559609,5926.473456,0.0
2025-11-04,4-2,B,47754.306495,1.982767,20819.87385,17821.178475,5926.473456,4863.050503,0.0
2025-11-05,4-2,B,55244.020265,0.0,22394.757944,17389.295847,4863.050503,5696.892824,0.0
2025-11-06,4-2,B,52192.62172,0.0,21864.754090000002,17699.530469,5696.892824,5709.02654,0.0
2025-11-07,4-2,B,15418.126164,260.026293,24561.198523,16823.334534999998,5709.02654,9121.511282,0.0
2025-11-08,4-2,B,14329.583637,0.0,21233.895323999997,17614.239111,9121.511282,8660.640283,0.0
2025-11-09,4-2,B,53079.970313,0.0,18989.902281,17575.909889000002,8660.640283,6222.76357,0.0
2025-11-10,4-2,B,53745.378063,128.198266,20025.091007,18012.152927000003,6222.76357,4231.842223,0.0
2025-11-11,4-2,B,56556.406304,0.0,22110.95041,17390.931260999998,4231.842223,4808.440635,0.0
2025-11-12,4-2,B,53123.708066,0.0,21255.048884999997,17004.064161,4808.440635,5044.580006,0.0
2025-11-13,4-2,B,51297.68209,1683.896475,18467.939078,15858.348349,5044.580006,4045.338123,0.0
2025-11-14,4-2,B,16757.882046,597.4465749999999,23971.484355,15359.054065,4045.338123,8554.058415,0.0
2025-11-15,4-2,B,16198.169958,86.46504300000001,19986.584536,16735.193678999996,8554.058415,7947.324855,0.0
2025-11-16,4-2,B,54454.846005,0.0,19944.543717,18693.114432,7947.324855,5127.287054,0.0
2025-11-17,4-2,B,52254.332796,1536.790774,20042.760322,16083.134569999998,5127.287054,5295.621821,0.0
2025-11-18,4-2,B,55512.682569,0.0,21311.438321,17519.327461,5295.621821,5009.996909,0.0
2025-11-19,4-2,B,54458.079798,2022.8838620000001,20977.105675,16911.005294000002,5009.996909,5099.386134,0.0
2025-11-20,4-2,B,54330.033537,395.723347,20193.571022,16688.885484,5099.386134,4730.39396,0.0
2025-11-21,4-2,B,16941.731598,105.748476,23144.700535999997,14887.483268999998,4730.39396,9018.976365,0.0
2025-11-22,4-2,B,16232.369883,0.0,21219.037567,17728.632792,9018.976365,8417.629294,0.0
2025-11-23,4-2,B,53372.341848,800.930392,16976.445828,17007.30925,8417.629294,4799.420262,0.0
2025-11-24,4-2,B,53993.304339,892.306826,21630.346292000002,17336.449737,4799.420262,5004.009996,0.0
2025-11-25,4-2,B,62663.668981,0.0,23226.128428999997,17632.575244000003,5004.009996,6315.775312,0.0
2025-11-26,4-2,B,58541.031106,0.0,19818.561239000002,17316.329911,6315.775312,4912.113859,0.0
2025-11-27,4-2,B,58560.561336,0.0,22926.312419,17780.791488,4912.113859,5789.360048,0.0
2025-11-28,4-2,B,16982.117564,949.139911,26662.222627000003,17730.262483,5789.360048,10085.068764,0.0
2025-11-29,4-2,B,19920.517492,1391.6656329999998,22600.849729999998,19445.813864,10085.068764,8819.373671,0.0
2025-11-30,4-2,B,57782.482959,637.943596,19260.755318,18941.697222000003,8819.373671,5107.72321,0.0
2025-12-01,4-2,B,66288.252512,3887.18895,21953.239337,17919.963461,5107.72321,4954.568103,0.0
2025-12-02,4-2,B,71646.105517,3942.5007060000003,23022.463231,17348.195459000002,4954.568103,6399.012279,0.0
2025-12-03,4-2,B,63209.109967,8016.647206999999,16843.607625,14007.566362,6399.012279,5994.296516,0.0
2025-12-04,4-2,B,67965.333317,4006.958402,19460.847741,16079.206030000001,5994.296516,5643.275008,0.0
2025-12-05,4-2,B,21432.915586,3056.714524,24167.056987,16613.474482,5643.275008,8934.210203,0.0
2025-12-06,4-2,B,21021.386464,3164.193082,21070.296623000002,16869.251578,8934.210203,9153.8643,0.0
2025-12-07,4-2,B,70123.87148,1957.2996120000003,18069.046754,17777.252942,9153.8643,5663.503111,0.0
2025-12-08,4-2,B,75896.269448,0.0,23317.175113999998,20016.580805,5663.503111,4408.315374,0.0
2025-12-09,4-2,B,74016.382922,0.0,22364.499292,19157.935832,4408.315374,3249.769368,0.0
2025-12-10,4-2,B,73147.536688,238.066437,28353.275103,18829.381556,3249.769368,7846.181898,0.0
2025-12-11,4-2,B,73127.154034,0.0,25608.642913999996,19815.639220999998,7846.181898,8876.583608,0.0
2025-12-12,4-2,B,24645.964184,0.0,24486.226606999997,18714.914998,8876.583608,10119.837557,0.0
2025-12-13,4-2,B,22866.971879,482.54943099999997,20835.537055,17076.710768,10119.837557,9897.697831,0.0
2025-12-14,4-2,B,68249.725517,1352.431856,20229.192472,20154.369176,9897.697831,5710.227525,0.0
2025-12-15,4-2,B,73102.006965,866.016252,21929.386351,17035.438348000003,5710.227525,6518.41041,0.0
2025-12-16,4-2,B,77355.652817,0.0,27060.939535999998,19219.735456,6518.41041,9517.994376,0.0
2025-12-17,4-2,B,72019.515047,0.0,19265.628742,18785.304579,9517.994376,5984.499602,0.0
2025-12-18,4-2,B,70509.599466,0.0,24234.002988,18226.932211,5984.499602,7542.95539,0.0
2025-12-19,4-2,B,22539.363861,0.0,24094.354559,17592.914135000003,7542.95539,9680.192122,0.0
2025-12-20,4-2,B,25216.987677,0.0,21606.502109,17264.784748000002,9680.192122,9942.949855,0.0
2025-12-21,4-2,B,72114.878761,0.0,20665.911641,19898.43275,9942.949855,6432.900609,0.0
2025-12-22,4-2,B,72838.88644,0.0,20939.64595,17439.961656,6432.900609,5900.84679,0.0
2025-12-23,4-2,B,73787.186307,0.0,23626.101037,18397.98651,5900.84679,6722.13049,0.0
2025-12-24,4-2,B,75257.381693,0.0,22345.892198,17623.97961,6722.13049,7251.233902,0.0
2025-12-25,4-2,B,70434.262392,0.0,23783.636720000002,19701.307819999998,7251.233902,6766.164928,0.0
2025-12-26,4-2,B,23118.713952,252.418315,25388.772906000002,17694.291902999998,6766.164928,9955.736207,0.0
2025-12-27,4-2,B,21595.69693,183.085065,21671.900987,17639.685172,9955.736207,9860.796904,0.0
2025-12-28,4-2,B,68482.434491,0.0,19195.159637,18566.786716,9860.796904,6506.67756,0.0
2025-12-29,4-2,B,71463.566693,0.0,22463.070730000003,17719.724575,6506.67756,7034.858357,0.0
2025-12-30,4-2,B,71219.016178,0.0,23539.508756,19558.225223,7034.858357,6489.054878,0.0
2025-12-31,4-2,B,74529.96896,0.0,24727.096029000004,19123.151897,6489.054878,7495.494751,0.0
2025-02-01,4-3,B,19204.64222,1098.495915,19857.611703,16488.826819,7600.773474,7151.705318,11775.100839
2025-02-02,4-3,B,61888.695499,547.813714,22610.078777999996,19370.978377,7151.705318,5977.46691,5302.0528540000005
2025-02-03,4-3,B,67612.005436,84.129942,20913.731645,18697.970654,5977.46691,4024.302443,11982.538688
2025-02-04,4-3,B,67262.668911,0.0,25224.358906,19341.443729,4024.302443,5235.732426,8718.485736
2025-02-05,4-3,B,63631.667656,175.076839,25636.172917000004,21042.911184,5235.732426,4927.275627,2708.6139220000005
2025-02-06,4-3,B,66987.863495,676.107488,25895.377461,20474.596281000002,4927.275627,5483.563917,11941.71311
2025-02-07,4-3,B,20049.989789,337.184398,26460.053134,17762.391982,5483.563917,9561.620646,3352.1007529999997
2025-02-08,4-3,B,17278.399531,0.0,24293.144309999996,19849.842381000002,9561.620646,9370.070102,2136.924863
2025-02-09,4-3,B,59871.671446,1326.9611209999998,18817.692954,19285.903524,9370.070102,4877.212067,5902.0157420000005
2025-02-10,4-3,B,60454.682339,933.097935,21872.986532000003,19443.064565000004,4877.212067,2959.494873,12207.901945
2025-02-11,4-3,B,58965.389823,192.72271999999998,24948.646144,19655.335661,2959.494873,3574.014558,3791.782684
2025-02-12,4-3,B,58775.599624,104.811226,26226.894313999997,19946.647675,3574.014558,5015.277579,5162.941874
2025-02-13,4-3,B,55705.657983,114.623402,20773.877373000003,17592.354735,5015.277579,4164.706399,5158.870364
2025-02-14,4-3,B,16284.081272,2156.620742,24364.247267,17496.32949,4164.706399,6652.162839,5547.648774000001
2025-02-15,4-3,B,16615.143297,485.125848,23703.535893,19137.666266,6652.162839,6721.271516,5362.567429000001
2025-02-16,4-3,B,57938.095783,535.946293,21008.226796000003,18555.002526,6721.271516,5012.006159,8213.403939
2025-02-17,4-3,B,57120.007483,642.514624,22122.346381000003,18040.317812999998,5012.006159,4877.320332,7569.679023
2025-02-18,4-3,B,53485.030981,629.703563,21728.210221,18811.477131,4877.320332,3531.068274,5908.606002
2025-02-19,4-3,B,54329.410843,1037.848078,22319.731091,17863.948565000002,3531.068274,3769.994516,4509.769313000001
2025-02-20,4-3,B,54884.497928,117.90910500000001,21769.169559,17638.263013,3769.994516,3764.177104,1795.9686120000001
2025-02-21,4-3,B,19277.469517,0.0,24734.506912999997,16785.236956,3764.177104,7374.970041,6291.322094
2025-02-22,4-3,B,17765.709379,0.0,23460.520958,16824.252826999997,7374.970041,9795.82465,1981.3617569999997
2025-02-23,4-3,B,55280.976873,1190.402123,17765.448098,20444.115938,9795.82465,3069.043561,9066.998063
2025-02-24,4-3,B,51264.361534,1486.012946,21916.697592999997,16880.171029,3069.043561,4038.325807,3763.3958669999997
2025-02-25,4-3,B,52531.710137,690.988306,22645.094614,18043.513621,4038.325807,4370.562492,4114.845606000001
2025-02-26,4-3,B,54900.767487,0.0,25939.903441,19585.797440000002,4370.562492,5954.478432,6964.2883200000015
2025-02-27,4-3,B,49384.787891,1772.529127,22177.158845,20227.602715,5954.478432,3438.807266,10258.005433999999
2025-02-28,4-3,B,15908.268735,120.59935399999999,24569.817769,17268.154228,3438.807266,6364.805225,4315.201112999999
2025-03-01,4-3,B,16221.767698,2134.132617,21647.524567,17650.872291,6364.805225,6235.497013,15104.047634
2025-03-02,4-3,B,55838.215221,1501.98299,21921.937724,18962.845894000002,6235.497013,4895.412193,9873.826754
2025-03-03,4-3,B,54781.617418,1332.719111,22460.347445,19338.115372,4895.412193,3622.930036,11966.815671
2025-03-04,4-3,B,49727.043309,486.845006,23004.95928,17875.6453,3622.930036,4465.565278,1859.0819170000004
2025-03-05,4-3,B,51046.004791,528.673151,24475.178103000002,17862.072172,4465.565278,6646.478713,6302.147959
2025-03-06,4-3,B,48804.66347,0.0,27370.492695,19887.25013,6646.478713,9182.97755,3424.2584450000004
2025-03-07,4-3,B,13766.12093,1035.767697,22214.680537,18783.004286,9182.97755,8306.185272,4800.711813000001
2025-03-08,4-3,B,14343.241614,1017.174538,22735.160578000003,18254.034430999996,8306.185272,8485.569316,4106.8776530000005
2025-03-09,4-3,B,48904.680827,500.060629,26332.380920000003,21178.628783,8485.569316,8652.902384,6680.588625
2025-03-10,4-3,B,53398.587713,0.0,22803.780378,19307.373177,8652.902384,7723.66786,8796.182051
2025-03-11,4-3,B,48226.505685,0.0,21003.899309,16298.616053,7723.66786,8517.603847,7896.798794
2025-03-12,4-3,B,44568.480343,0.0,21495.109619,18987.049387000003,8517.603847,6766.480965,773.5269289999997
2025-03-13,4-3,B,51377.812141,0.0,23044.534261,18406.144473,6766.480965,7055.290161,5741.13275
2025-03-14,4-3,B,13269.386057,239.624381,20790.606114,16577.35928,7055.290161,7347.547575,4529.311503000001
2025-03-15,4-3,B,15310.034216,842.811867,23139.844186000002,19123.189566,7347.547575,6925.418936,6567.680149
2025-03-16,4-3,B,49059.183702,1.64,20664.09883,17018.774492,6925.418936,6613.358449,6623.840027
2025-03-17,4-3,B,42089.027183,0.0,18942.066998,17106.583805000002,6613.358449,4653.903409,4073.2322399999994
2025-03-18,4-3,B,45373.191843,1631.3086480000002,21366.177603,16394.606445999998,4653.903409,5667.233867,6599.966957000001
2025-03-19,4-3,B,44738.463442,0.0,22398.367998,17886.407634000003,5667.233867,5951.978803,7850.435745999999
2025-03-20,4-3,B,44693.642943,567.360561,22920.282286,18947.712089,5951.978803,5527.219428,2026.9794170000002
2025-03-21,4-3,B,13962.568989,298.492625,27231.265281,18114.636973,5527.219428,9907.983767,505.04371499999985
2025-03-22,4-3,B,13551.062554,0.0,24329.235595,19759.15287,9907.983767,9849.681503,1053.921226
2025-03-23,4-3,B,42934.650639,0.0,17445.369485,17091.805265,9849.681503,6559.619299,1588.6106899999997
2025-03-24,4-3,B,43183.045818,0.0,21896.030173,18416.908182,6559.619299,5802.81514,3493.7095099999997
2025-03-25,4-3,B,44352.529213,632.721821,23188.826208000002,19393.018333,5802.81514,5124.96058,7217.294214000001
2025-03-26,4-3,B,42647.383692,106.77237300000002,23214.066823,17752.495336,5124.96058,6292.625902,4847.434417
2025-03-27,4-3,B,43043.16558,11.270872,21835.253752999997,16865.703015,6292.625902,7204.684263,2530.4242900000004
2025-03-28,4-3,B,13137.848044,198.82623,24438.258503999998,18795.553579,7204.684263,8315.168494,2948.137942
2025-03-29,4-3,B,11712.300225,708.615532,23493.668858,19041.131412,8315.168494,8302.657786,1900.5729330000004
2025-03-30,4-3,B,39915.875774,0.0,20393.646835,17193.869361,8302.657786,7552.640648,1513.5700710000003
2025-03-31,4-3,B,45269.478184,279.451947,19553.023192,17870.266387,7552.640648,5294.509979,11954.034999999998
2025-04-01,4-3,B,47327.122327,0.0,22270.780893,17648.904466000004,5294.509979,5728.318932,5432.450814
2025-04-02,4-3,B,46041.401047,259.550455,22371.593662,16560.804121,5728.318932,7461.859761,5664.593069
2025-04-03,4-3,B,40145.962638,647.5557150000001,17589.351006999997,16301.959773,7461.859761,5178.98703,2015.8263250000002
2025-04-04,4-3,B,12840.400917,7.23671,26014.275511,16644.843519000002,5178.98703,10097.564414,375.982762
2025-04-05,4-3,B,12057.486447,58.668284,21247.426088,18730.994797,10097.564414,8408.031452,3283.980744
2025-04-06,4-3,B,38153.576784,240.596482,20581.843652,17875.632892999998,8408.031452,7069.876414,1664.069608
2025-04-07,4-3,B,41094.069032,0.0,15248.384903,14819.973581999999,7069.876414,4326.785513,7168.010695
2025-04-08,4-3,B,40101.546609,0.0,23119.640130000003,18560.515487,4326.785513,4511.666645,2554.9113050000005
2025-04-09,4-3,B,45742.794426,91.474661,23975.687123,17175.791201,4511.666645,7005.572609,5010.051052000001
2025-04-10,4-3,B,39530.944991,2382.003363,19149.723817,16779.547023,7005.572609,5596.382907,7577.832109000001
2025-04-11,4-3,B,12227.852479,281.896248,23097.524009,15272.056252000002,5596.382907,9415.203123,1111.83736
2025-04-12,4-3,B,13496.041295,0.0,23721.814194,18201.80827,9415.203123,10540.604486,1958.309972
2025-04-13,4-3,B,36427.850108,0.0,16059.637153,17300.005276,10540.604486,5772.04984,4724.126423
2025-04-14,4-3,B,37695.739325,203.67193600000002,20358.102871000003,16508.357122,5772.04984,5751.7234,4279.486747
2025-04-15,4-3,B,40020.417471,0.0,20751.374243,15134.856376,5751.7234,7611.453134,6770.904314
2025-04-16,4-3,B,39749.488413,0.0,14986.147754999998,14979.329308,7611.453134,4455.286882,4942.286184
2025-04-17,4-3,B,37364.717783,867.6639379999999,17944.268427,14974.995550999998,4455.286882,3966.244523,5943.745422
2025-04-18,4-3,B,13846.346391,0.0,27302.71896,16392.280005,3966.244523,10325.047135,1706.5742759999998
2025-04-19,4-3,B,10217.597785,1050.64283,19374.266064,18999.923855,10325.047135,6650.860089,5584.257627000001
2025-04-20,4-3,B,36740.367446,867.681372,18835.968361,17085.216131,6650.860089,4619.658137,7654.908273
2025-04-21,4-3,B,34184.537065,139.555788,19145.590834000002,16310.050081000001,4619.658137,3728.412018,1187.718347
2025-04-22,4-3,B,41721.887382,0.0,21364.492946,14730.737515,3728.412018,6588.969542,7681.434272
2025-04-23,4-3,B,36313.862037,0.0,17589.796732000003,15328.099842,6588.969542,5388.564554,5200.126939
2025-04-24,4-3,B,34277.130899,152.754365,19020.903373,15780.839585,5388.564554,4973.111384,4441.368446
2025-04-25,4-3,B,11939.288787,221.11899,24799.359084,17129.759635,4973.111384,8259.468298,2764.9258390000005
2025-04-26,4-3,B,10242.130417,964.95309,21511.271479,17393.198635,8259.468298,8293.836368,2782.390862
2025-04-27,4-3,B,32711.982336,85.80884900000001,16621.262353000002,16329.140845000002,8293.836368,5109.482658,1933.2944000000002
2025-04-28,4-3,B,43721.543151,0.0,22041.035678,16772.781476,5109.482658,6309.990907,9087.695312
2025-04-29,4-3,B,32968.403965,0.0,15655.344941000001,14538.576477999999,6309.990907,4245.827489,1886.918022
2025-04-30,4-3,B,36521.234324,2076.942983,20117.955373,14796.575289,4245.827489,5911.348114,10498.837891
2025-05-01,4-3,B,36214.431928,1317.024974,20115.737814,17014.737792,5911.348114,5110.247933,4076.5261360000004
2025-05-02,4-3,B,14767.761794,1860.935858,20367.432846,17016.666596,5110.247933,4533.530164,8728.518576
2025-05-03,4-3,B,13865.375627,2033.813556,21765.177056,16072.196994999998,4533.530164,6264.192851,5616.881494
2025-05-04,4-3,B,40846.629169,1168.6802269999998,19231.091604,15441.208238000001,6264.192851,6415.277254,6491.019231
2025-05-05,4-3,B,35624.488092,2141.071196,17625.279585,16626.426693,6415.277254,3804.221442,3859.5007280000004
2025-05-06,4-3,B,40728.979289,1445.439424,20323.370133,16301.132340999999,3804.221442,3982.885297,9142.596081
2025-05-07,4-3,B,39617.652935,1572.194467,18264.065703,14328.173811,3982.885297,4500.351306,6614.728596000001
2025-05-08,4-3,B,39981.235439,0.0,18701.408327,15903.272074,4500.351306,3661.316496,5084.534665
2025-05-09,4-3,B,14849.426456,0.0,25841.755542,16104.257497999999,3661.316496,9025.277042,1262.0756099999999
2025-05-10,4-3,B,15869.138357,0.0,22845.415961,17991.787362,9025.277042,9595.27656,3004.243285
2025-05-11,4-3,B,38335.61575,17.733333,13914.203779,16581.236233000003,9595.27656,3694.464147,4393.9943029999995
2025-05-12,4-3,B,43845.43752,0.0,18953.630308,14170.854939,3694.464147,5007.337047,9049.215152
2025-05-13,4-3,B,39365.007885,0.0,17055.033185,15349.475564,5007.337047,3301.894065,4673.358191
2025-05-14,4-3,B,43091.849773,0.0,20871.745546,14479.37109,3301.894065,5998.274957,5512.908039
2025-05-15,4-3,B,43895.452575,0.0,15439.403438999998,12760.924308000001,5998.274957,5714.933264,7421.4375629999995
2025-05-16,4-3,B,14684.163918,0.0,23308.668007,15505.021007000001,5714.933264,9464.933353,2049.7222890000003
2025-05-17,4-3,B,14583.493013,0.0,20360.073841,19485.794066000002,9464.933353,6138.117514,7024.594734
2025-05-18,4-3,B,40653.989581,0.0,16372.341692999998,14630.608132,6138.117514,4616.993779,5148.3089
2025-05-19,4-3,B,35167.805317,0.0,16615.534075,13613.093044000001,4616.993779,4445.315508,837.3480919999998
2025-05-20,4-3,B,40715.323443,0.0,18710.836653,15485.486291,4445.315508,4078.972618,4985.083614
2025-05-21,4-3,B,39623.506233,0.0,15905.217611,12946.965696999998,4078.972618,4008.151027,5343.875631000001
2025-05-22,4-3,B,35445.86983,2.57,18254.427996,14997.428647,4008.151027,3773.326615,1275.3459460000001
2025-05-23,4-3,B,15234.297806,96.52003,23777.035574,16376.542405,3773.326615,6976.500404,6993.520273
2025-05-24,4-3,B,14098.399602,0.0,22028.055250999998,15974.364066999999,6976.500404,9052.456721,2657.450454
2025-05-25,4-3,B,37147.681913,0.0,14921.240157000002,15573.847715,9052.456721,5177.297625,3682.328724
2025-05-26,4-3,B,39212.661041,0.0,18101.545672,15013.904473,5177.297625,4786.572649,6530.950612000001
2025-05-27,4-3,B,45607.694579,0.0,17654.945964,13717.365901,4786.572649,5434.506349,11031.169308999999
2025-05-28,4-3,B,37834.144999,0.0,15722.118139999999,14317.880003,5434.506349,3675.657116,3783.776312
2025-05-29,4-3,B,40389.405325,7.246733,17906.308973,14045.253716,3675.657116,4185.497729,4278.58368
2025-05-30,4-3,B,13824.935346,0.0,21875.220351,15537.620324,4185.497729,6609.173462,4529.9481240000005
2025-05-31,4-3,B,14653.400347,0.0,24191.711683,17077.534721,6609.173462,9406.675398,4509.431680000001
2025-06-01,4-3,B,55014.457879,1532.134278,21613.756647,23652.498445,9406.675398,2578.502552,9521.699708
2025-06-02,4-3,B,55052.011184,1627.902262,20320.355309,17382.801093000002,2578.502552,1552.598895,9757.578632
2025-06-03,4-3,B,51283.780447,2734.721553,22456.177307,18139.065663,1552.598895,1608.641067,5518.7728
2025-06-04,4-3,B,52415.725703,1642.9806330000001,20570.680105000003,16562.537917999998,1608.641067,1719.433252,7710.8664180000005
2025-06-05,4-3,B,56258.521625,1251.641073,21507.871625999996,16742.033973,1719.433252,2474.257746,8347.167249000002
2025-06-06,4-3,B,25795.065653,877.920151,16336.981045,11560.793342,2474.257746,4332.21475,6290.8097960000005
2025-06-07,4-3,B,21453.324798,22.848994,24230.136519,17629.292461,4332.21475,6551.234883,2347.704057
2025-06-08,4-3,B,53728.021333,0.0,16432.019987999996,14873.751313,6551.234883,4813.662525,3815.1878070000002
2025-06-09,4-3,B,60760.101483,0.0,21330.254102000003,16951.318904,4813.662525,5176.092434,2041.538833
2025-06-10,4-3,B,56206.710192,0.0,20606.151303,17077.710755,5176.092434,4746.394435,3211.8198140000004
2025-06-11,4-3,B,61259.363274,0.0,23803.510382,18843.833909,4746.394435,5231.960547,1515.1530439999995
2025-06-12,4-3,B,57353.462801,0.0,20063.641567,16138.078345,5231.960547,5358.039796,2133.7281990000006
2025-06-13,4-3,B,22357.083338,83.54037399999999,20103.01865,13668.346505,5358.039796,8263.704908,389.012586
2025-06-14,4-3,B,23204.426614,0.0,19787.999576000002,15406.341482,8263.704908,8954.747325,1541.7643779999999
2025-06-15,4-3,B,55375.250172,0.0,17979.578132,17433.211853,8954.747325,5766.132253,4791.853751
2025-06-16,4-3,B,60369.634903,0.0,20813.728145999998,16613.719262000002,5766.132253,6038.799514,5203.852694000001
2025-06-17,4-3,B,61925.555083,0.0,19352.549295,17012.655232,6038.799514,4553.14362,7556.901787000001
2025-06-18,4-3,B,62049.937438,0.0,19624.778317999997,15082.424269,4553.14362,5457.19492,6278.0132969999995
2025-06-19,4-3,B,55032.338895,0.0,19071.854537000003,14894.196988999998,5457.19492,6072.756238,3390.562073
2025-06-20,4-3,B,21176.034927,0.0,16317.537858,14585.575186000002,6072.756238,4552.34566,6828.988493999999
2025-06-21,4-3,B,21005.308308,224.437287,19993.239175,12993.596486,4552.34566,8108.931489,968.500914
2025-06-22,4-3,B,52758.00278,0.0,16100.387933999998,15384.67908,8108.931489,5505.192761,4104.898993000001
2025-06-23,4-3,B,50776.598123,0.0,18447.852128,15694.730108,5505.192761,4669.670667,1766.6121519999997
2025-06-24,4-3,B,59890.320951,0.0,22842.994277,17390.326053999997,4669.670667,5905.781014,1080.7421450000002
2025-06-25,4-3,B,51705.90766,0.0,16109.222033,15029.285479,5905.781014,3704.874757,3539.900993
2025-06-26,4-3,B,55356.26534,0.0,18108.70946,13469.203431999998,3704.874757,5036.93168,5532.154466
2025-06-27,4-3,B,19896.25246,325.664063,22512.133354999998,16401.46323,5036.93168,7074.003667,4956.877306999999
2025-06-28,4-3,B,19762.224219,0.0,20558.036706,14765.345766999999,7074.003667,9170.296961,1447.4496869999998
2025-06-29,4-3,B,51678.089818,0.0,19893.006174,19552.056413000002,9170.296961,5349.495393,3956.4742829999996
2025-06-30,4-3,B,49380.478502,1147.807069,16677.919347,16576.881215,5349.495393,1940.865899,4266.3281289999995
2025-07-01,4-3,B,64585.76275,3065.1211009999997,21456.290162,18046.374339,1940.865899,1200.0,11623.63144
2025-07-02,4-3,B,60911.774669,2687.918526,19685.808899999996,15938.255641,1200.0,1208.055075,11239.035306000002
2025-07-03,4-3,B,66000.022603,2790.367245,19235.777949000003,14931.405585000002,1208.055075,1929.80458,7662.452994
2025-07-04,4-3,B,22416.299425,6376.512839000001,17976.006098,12513.112512000002,1929.80458,4204.751723,4746.098836
2025-07-05,4-3,B,23861.341305,3161.2529750000003,18339.203145000003,13465.324489999999,4204.751723,5748.562897,873.8878090000001
2025-07-06,4-3,B,66080.959052,2613.0788930000003,17323.247085000003,17792.470779,5748.562897,1570.073298,12693.183469
2025-07-07,4-3,B,67765.197823,198.32991700000002,22057.216166,17398.654803,1570.073298,2089.729177,12971.824096
2025-07-08,4-3,B,71995.61891,0.0,25170.77783,17499.815321000002,2089.729177,5299.189978,3741.926563
2025-07-09,4-3,B,65475.954436,0.0,19358.253293,15784.115042000001,5299.189978,5183.71234,1044.861665
2025-07-10,4-3,B,68644.419547,0.0,18779.609148,14757.668974,5183.71234,5687.950602,4588.012476
2025-07-11,4-3,B,30900.07532,0.0,22918.421196000003,15623.645680999998,5687.950602,8954.923364,888.2376420000003
2025-07-12,4-3,B,26381.946017,578.540236,19150.224966,20420.896670000002,8954.923364,3500.240644,7463.16281
2025-07-13,4-3,B,67061.54912,0.0,23571.528798,17941.753131,3500.240644,4779.335304,5392.560288000001
2025-07-14,4-3,B,64917.458301,0.0,18786.775886,14771.192643000002,4779.335304,5274.997331,4174.623635
2025-07-15,4-3,B,61642.844372,0.0,18250.361193000004,16791.145984,5274.997331,3043.493534,4493.04321
2025-07-16,4-3,B,64884.833487,0.0,20736.413317,14954.125899,3043.493534,5090.570077,1382.844334
2025-07-17,4-3,B,64101.83074,0.0,19906.235957,14866.999070000002,5090.570077,6487.294582,2425.977797
2025-07-18,4-3,B,28466.864256,0.0,22687.947141,16339.070168999999,6487.294582,8751.924598,1232.797183
2025-07-19,4-3,B,25641.440943,134.800991,19665.708439,19817.455156,8751.924598,4431.667576,5149.820589
2025-07-20,4-3,B,59984.624333,1874.655714,19279.831685999998,16246.092847,4431.667576,3732.30182,5184.124871999999
2025-07-21,4-3,B,64236.530979,321.225458,22584.384665999998,18479.089353,3732.30182,3525.926516,4950.301088
2025-07-22,4-3,B,69866.916804,1087.892893,22475.748725999998,18419.307525,3525.926516,3288.20312,12567.627790999999
2025-07-23,4-3,B,67607.59188,0.0,20446.216237999997,14903.32777,3288.20312,5130.544656,7683.781423
2025-07-24,4-3,B,65325.765837,328.995061,20052.777260000003,17680.753525,5130.544656,3532.762495,9206.059188000001
2025-07-25,4-3,B,27982.752121,0.0,23848.270524999996,15948.885713,3532.762495,7275.221843,2819.8815079999995
2025-07-26,4-3,B,25530.50905,0.0,20231.797797000003,19768.767519,7275.221843,3518.542617,6621.357571
2025-07-27,4-3,B,62925.405737,0.0,20091.993062999998,16049.238119,3518.542617,3768.849575,3899.868337
2025-07-28,4-3,B,64294.594512,0.0,19677.724587,15118.807697,3768.849575,4680.126486,928.9748909999998
2025-07-29,4-3,B,63119.03201,127.795495,21298.249632,18414.174834,4680.126486,3388.356895,4789.527781000001
2025-07-30,4-3,B,65032.616922,0.0,21831.512652999998,15490.802251000001,3388.356895,5824.715782,7397.387063000001
2025-07-31,4-3,B,57776.015483,1762.067042,19149.795958,17076.559149,5824.715782,4085.577535,3627.6857130000003
2025-08-01,4-3,B,25444.741856,215.015666,21749.416193,16189.331322999999,4085.577535,5671.906193,3488.921824
2025-08-02,4-3,B,24945.951515,158.243503,22834.751178,18298.53381,5671.906193,5891.47802,4113.156636
2025-08-03,4-3,B,55464.184957,0.0,17003.801093000002,15715.818977,5891.47802,3732.877919,6554.650142
2025-08-04,4-3,B,56889.571263,399.901311,19112.40791,16146.618975,3732.877919,2993.357289,5717.119701
2025-08-05,4-3,B,58412.383259,0.0,21093.501597,15357.051925000002,2993.357289,4914.1177,4421.1656060000005
2025-08-06,4-3,B,57101.85745,2259.873668,16145.144736,15376.705132,4914.1177,2359.520036,10384.972349999998
2025-08-07,4-3,B,59544.502881,0.0,20960.413865,14815.684645999998,2359.520036,4762.020684,2112.719436
2025-08-08,4-3,B,25854.977062,322.141591,23348.331953,17709.16728,4762.020684,6098.666908,3219.967467
2025-08-09,4-3,B,25673.467168,0.0,24343.212594999997,19302.772765,6098.666908,6560.032948,3158.8078429999996
2025-08-10,4-3,B,56973.791999,0.0,18016.945724,14895.123493,6560.032948,6225.146887,437.32408499999997
2025-08-11,4-3,B,52637.566916,291.72835299999997,17368.057172,17233.902079,6225.146887,2707.618253,2855.189194
2025-08-12,4-3,B,58077.026311,813.895153,17463.516701,14390.216479,2707.618253,2435.653862,5809.495595000001
2025-08-13,4-3,B,58678.099023,10.909332,18605.680453,14381.931047999999,2435.653862,3200.842883,9055.752092
2025-08-14,4-3,B,58672.852341,959.613939,22959.403572,18292.151424,3200.842883,3539.693405,7616.0754019999995
2025-08-15,4-3,B,25465.642634,508.666336,21273.336254,16561.504783999997,3539.693405,4284.024051,7062.447297000001
2025-08-16,4-3,B,27145.212283,327.71515,25771.12387,18344.328983,4284.024051,7095.447775,5385.010405999999
2025-08-17,4-3,B,54822.687774,0.0,15779.994972999999,15885.300381000001,7095.447775,3647.109495,2956.8711540000004
2025-08-18,4-3,B,56411.548015,0.0,20780.631917,15734.557036999999,3647.109495,4866.837068,2835.755865
2025-08-19,4-3,B,56285.97468,0.0,17215.70629,14413.118622999998,4866.837068,4346.396482,1336.3552180000001
2025-08-20,4-3,B,60487.056827,491.935357,21799.875076,17906.970325,4346.396482,4069.650354,5378.1671799999995
2025-08-21,4-3,B,55565.314001,942.533823,20060.694961,16886.364111,4069.650354,3361.64903,5155.300558
2025-08-22,4-3,B,26079.117181,181.380453,19802.898802,15057.17095,3361.64903,4454.068005,4638.497128
2025-08-23,4-3,B,24307.40635,233.262478,21346.892557,16533.959231,4454.068005,5295.205495,4850.759699
2025-08-24,4-3,B,57673.085702,0.0,22058.8506,18017.363227,5295.205495,5128.87856,784.573422
2025-08-25,4-3,B,62717.474938,382.874358,17701.336518,16601.456795,5128.87856,2614.018321,13704.831398999999
2025-08-26,4-3,B,56914.715424,0.0,21471.089256000003,16060.112549000001,2614.018321,4093.429153,3254.624356
2025-08-27,4-3,B,56372.741189,1099.594564,18253.521023,16026.014707,4093.429153,2714.915065,6846.18247
2025-08-28,4-3,B,61771.086055,0.0,23369.416336999995,16571.875262999998,2714.915065,5334.195032,7788.3609160000005
2025-08-29,4-3,B,25627.115912,0.0,22657.64744,18908.323481,5334.195032,4716.829418,7671.744481
2025-08-30,4-3,B,27182.931743,0.0,27295.594638000002,18519.654888,4716.829418,8705.470272,2340.0304339999993
2025-08-31,4-3,B,53784.508997,0.0,18455.294329,18139.598109,8705.470272,5160.126157,3644.845766
2025-09-01,4-3,B,50226.334504,0.0,19333.099345,12985.030332,5160.126157,8132.104088,8987.74562
2025-09-02,4-3,B,45678.530109,0.0,19476.795814,18368.836252,8132.104088,5251.402262,6200.517726
2025-09-03,4-3,B,47245.115869,0.0,18859.104949,16247.648920000001,5251.402262,4171.653473,4462.187197
2025-09-04,4-3,B,49528.577689,0.0,23896.608395,16842.718949000002,4171.653473,6964.468862,2925.9942600000004
2025-09-05,4-3,B,19920.4692,0.0,24870.405255000005,18093.776937,6964.468862,9243.636995,3594.073015
2025-09-06,4-3,B,15250.778834,726.66551,20946.182311,17122.598466,9243.636995,9070.091667,1976.1565209999997
2025-09-07,4-3,B,42947.062897,0.0,21954.724312000002,19046.592577000003,9070.091667,7666.462905,5943.573118
2025-09-08,4-3,B,43193.221005,6185.337366,22687.010614,17669.497620000002,7666.462905,8451.997323,8991.65568
2025-09-09,4-3,B,40702.238115,4874.620871,18994.762684999998,16234.660568999998,8451.997323,7508.771997,6998.272009
2025-09-10,4-3,B,41956.158439,2850.59152,17408.875079,17777.497777999997,7508.771997,3423.98426,4079.0803389999996
2025-09-11,4-3,B,40301.607889,2581.372067,24225.311978,19181.362925999998,3423.98426,3914.139567,4587.535337
2025-09-12,4-3,B,14564.282942,1589.33681,18771.578202999997,13899.21599,3914.139567,5364.986628,1908.797634
2025-09-13,4-3,B,15159.094239,0.0,20057.153440000002,15676.021754,5364.986628,5998.622774,616.360617
2025-09-14,4-3,B,43340.836177,1251.60549,20018.841149,18561.555145,5998.622774,3391.629646,8136.157083
2025-09-15,4-3,B,40511.444479,312.513167,24424.870456,19524.185986999997,3391.629646,3680.473073,638.9591660000001
2025-09-16,4-3,B,47928.44896,4.854483,20618.078891,17362.023423000002,3680.473073,2945.606937,8272.283
2025-09-17,4-3,B,42855.989812,1902.557163,22480.015858,16988.823686000003,2945.606937,4301.150447,3788.896097
2025-09-18,4-3,B,44126.611645,549.186371,20390.681038,16560.352798,4301.150447,4252.371384,4117.313005
2025-09-19,4-3,B,15692.909005,174.548773,21124.993416,15486.766151999998,4252.371384,6057.347512,603.2868420000002
2025-09-20,4-3,B,15899.196422,1311.294955,20583.976158999998,16400.398647,6057.347512,6360.260893,3227.7718990000003
2025-09-21,4-3,B,43537.239218,147.448572,20957.795245,18391.957549,6360.260893,4786.768225,3720.581354
2025-09-22,4-3,B,47360.746812,341.949499,19976.806172,17240.950113,4786.768225,3609.282544,8630.798147
2025-09-23,4-3,B,46294.199857,658.488573,21961.452087,17458.459873,3609.282544,3976.300675,5705.833210000001
2025-09-24,4-3,B,44669.995438,84.698094,21320.439690999996,17402.611694,3976.300675,3828.461182,4499.355303
2025-09-25,4-3,B,44962.976553,636.7267179999999,21882.832480999998,17339.590433999998,3828.461182,4256.798822,4451.4433690000005
2025-09-26,4-3,B,15660.614793,0.0,20082.897432,14674.702187,4256.798822,6026.181861,1648.9590379999997
2025-09-27,4-3,B,16429.686341,2550.263846,18697.700710999998,15570.950913,6026.181861,5553.055929,2767.6724190000004
2025-09-28,4-3,B,48072.68543,0.0,20227.404654,16842.134455999996,5553.055929,5044.237391,4315.205515
2025-09-29,4-3,B,45705.794292,452.724163,21229.380325,17771.765494,5044.237391,4404.273579,5248.894764999999
2025-09-30,4-3,B,49522.72039,307.333064,18721.884982,15402.896826,4404.273579,4139.640257,6039.647225
2025-10-01,4-3,B,40421.757027,671.017294,20565.740944999994,17066.507878999997,4139.640257,3686.020575,6340.455724
2025-10-02,4-3,B,43592.308578,0.0,22338.247742,14405.576420000001,3686.020575,7784.24752,7378.648827
2025-10-03,4-3,B,12066.880945,1034.984249,21460.459559,18109.390585,7784.24752,6977.116028,2338.0761
2025-10-04,4-3,B,14420.938487,0.0,20379.844021999997,15727.062376000002,6977.116028,7844.461899,1769.3941329999998
2025-10-05,4-3,B,41641.409738,0.0,16877.620926,14842.455674,7844.461899,6542.703316,7944.616573
2025-10-06,4-3,B,41164.133674,0.0,18366.012027999997,15307.089446999998,6542.703316,6064.236978,1562.852589
2025-10-07,4-3,B,41286.292562,0.0,22495.949642000003,18523.187895,6064.236978,5729.271771,3788.904536
2025-10-08,4-3,B,38660.95796,280.508814,21400.345401000002,18167.889333,5729.271771,4803.038927,1995.6134700000002
2025-10-09,4-3,B,41477.226962,1675.333928,23139.959395,17816.960333,4803.038927,5832.37979,10573.784223
2025-10-10,4-3,B,14057.29712,240.89435699999999,23510.812233,17082.008975,5832.37979,8012.100825,1469.019806
2025-10-11,4-3,B,12469.097115,1309.939144,20646.016475,17464.947845000002,8012.100825,7188.018047,1758.8364890000003
2025-10-12,4-3,B,39177.958627,291.645048,17669.570913000003,16339.633302,7188.018047,4935.483756,2598.1032009999994
2025-10-13,4-3,B,40548.179002,8.320873,21600.773618,17457.654298999998,4935.483756,4978.786348,4927.821634
2025-10-14,4-3,B,42977.884417,1485.23755,21272.282534,17623.202955,4978.786348,4542.504011,6483.375266999999
2025-10-15,4-3,B,43637.773019,1675.921683,20780.215094,16457.774717,4542.504011,4958.281244,7283.046693
2025-10-16,4-3,B,47055.725792,1533.1081120000001,19811.211574,15616.044412,4958.281244,5437.211202,7362.824032
2025-10-17,4-3,B,14429.930189,232.85994800000003,21605.059934,15227.636263999999,5437.211202,7962.169294,428.62119399999995
2025-10-18,4-3,B,18086.915074,69.641777,22186.739981,18139.156037,7962.169294,7775.617459,5869.749794
2025-10-19,4-3,B,50883.60641,546.823685,18600.876789,17385.2344,7775.617459,5199.479456,11512.014674
2025-10-20,4-3,B,50195.739033,0.0,22239.819046,16630.125546,5199.479456,6737.399323,10317.919301
2025-10-21,4-3,B,48503.65295,1694.539187,19005.832881,16409.609368,6737.399323,5609.749619,7324.844314
2025-10-22,4-3,B,45187.041988,3035.0144229999996,22201.398903,18369.898874000002,5609.749619,5180.009882,4017.8303480000004
2025-10-23,4-3,B,50526.781986,22.559747,18377.165208,16138.906732,5180.009882,3787.339978,16430.352486
2025-10-24,4-3,B,14887.858983,680.929736,23839.917027,15755.597599,3787.339978,7737.045748,295.300124
2025-10-25,4-3,B,15213.182186,287.090587,21017.623374,17244.038874,7737.045748,7492.863592,1963.934025
2025-10-26,4-3,B,45870.274955,381.060465,15921.556126,15988.417588,7492.863592,4057.355674,6055.237499000001
2025-10-27,4-3,B,49807.925294,282.388287,21485.813482000005,16535.929003,4057.355674,5021.333359,4847.778546
2025-10-28,4-3,B,48688.179556,19.630645,18789.588571,14823.993658000001,5021.333359,5460.859008,2308.132533
2025-10-29,4-3,B,52679.426313,54.005776,18662.846163000002,15319.064282000001,5460.859008,5236.23802,7024.200360000001
2025-10-30,4-3,B,47003.963746,441.901443,20218.013863,16175.819318,5236.23802,5459.317921,1022.7449039999998
2025-10-31,4-3,B,19590.210625,135.926203,21189.541118999998,14769.478068,5459.317921,8119.373742,5264.651748
2025-11-01,4-3,B,16976.555259,0.0,22128.335656000003,17217.150299999998,8119.373742,8904.708832,2855.7506089999997
2025-11-02,4-3,B,53706.208489,245.541745,15932.281273,16443.937746,8904.708832,4972.720037,9727.096201
2025-11-03,4-3,B,54308.015919,165.637822,16633.880286,14199.106194,4972.720037,4166.427634,9441.737447
2025-11-04,4-3,B,49753.153564,295.674576,21152.125766000005,17170.537519999998,4166.427634,4124.965801,3818.1682720000013
2025-11-05,4-3,B,53960.013278,0.0,20405.845956,16238.025014,4124.965801,4447.977147,8391.420408
2025-11-06,4-3,B,52730.507457,347.222821,21914.646875000006,17120.515575999998,4447.977147,5148.364252,1805.4413329999998
2025-11-07,4-3,B,15754.599177,48.981837,24633.696852,16833.90517,5148.364252,8614.352341,39.511319999999955
2025-11-08,4-3,B,14878.453933,48.442234,21381.111992,17759.542343999998,8614.352341,8124.528307,1012.0009039999999
2025-11-09,4-3,B,54234.729876,379.734876,14463.133328,15119.844729,8124.528307,4341.520826,8706.305811
2025-11-10,4-3,B,57557.274102,870.580482,21282.795369,16489.627599,4341.520826,5174.228213,6615.1893
2025-11-11,4-3,B,54981.285211,0.0,17965.488097,15751.427103,5174.228213,3841.58183,7278.553845
2025-11-12,4-3,B,56037.675089,315.716172,20406.325029,16191.335858999999,3841.58183,4216.901179,7617.089588000001
2025-11-13,4-3,B,55063.702026,666.6541299999999,19137.374092000002,15590.461277999999,4216.901179,4117.803111,3123.268787
2025-11-14,4-3,B,18238.164766,188.698028,24677.925338,16621.254133,4117.803111,7859.875767,2461.061635
2025-11-15,4-3,B,17420.369068,300.623733,22245.899336,17129.84852,7859.875767,8848.020148,3360.005472
2025-11-16,4-3,B,53793.161063,834.4326140000001,18188.095686,17978.261652,8848.020148,5241.459987,2435.532782
2025-11-17,4-3,B,54929.458349,55.09123,20470.343374999997,16800.920543,5241.459987,4997.079531,1993.9069369999997
2025-11-18,4-3,B,58286.630598,829.3758949999999,19835.802168,16236.033742,4997.079531,4809.263992,6812.765815
2025-11-19,4-3,B,59133.896131,0.0,22863.608347999998,17288.71075,4809.263992,6176.832895,3159.667985
2025-11-20,4-3,B,56668.550946,37.863865000000004,16894.469505,15595.894941999999,6176.832895,4053.08329,4633.076132
2025-11-21,4-3,B,19326.945593,0.0,25470.482329,15359.55009,4053.08329,9910.350618,2361.70643
2025-11-22,4-3,B,16365.556377,2.321719,21151.936254,18455.844197,9910.350618,8440.599697,1864.3293950000002
2025-11-23,4-3,B,54916.508098,0.0,17364.076969,17356.329145,8440.599697,4783.458808,1222.325084
2025-11-24,4-3,B,56920.892815,289.713743,20304.731855,16394.762854,4783.458808,4841.314307,4039.9365849999995
2025-11-25,4-3,B,59590.148473,28.04589,18836.075824,16990.915753,4841.314307,2914.987267,9100.338116
2025-11-26,4-3,B,61521.27195,230.75373499999998,19801.455644,15221.514652,2914.987267,3823.50329,6919.40751
2025-11-27,4-3,B,60304.771378,35.32216,20915.926911000002,16587.966031,3823.50329,4216.764143,5686.459081999999
2025-11-28,4-3,B,17757.746638,637.473673,26645.308773,16861.241255,4216.764143,9462.829533,1662.5035649999998
2025-11-29,4-3,B,21177.365017,833.534221,21571.584078,18119.133277,9462.829533,8744.884896,9591.012247
2025-11-30,4-3,B,61473.168934,888.380132,15780.355313,16532.527344000002,8744.884896,4577.729851,6210.021771999999
2025-12-01,4-3,B,72652.283834,457.96605,21909.339415999995,17695.460011,4577.729851,4634.513089,3891.717488
2025-12-02,4-3,B,74819.750042,1151.714643,20318.179621000003,17124.796869,4634.513089,3893.32267,5231.410576
2025-12-03,4-3,B,78254.094366,454.93235699999997,20356.281746,15772.947550999997,3893.32267,4688.478962,9625.393484
2025-12-04,4-3,B,71101.507057,2220.481791,20748.323595,17702.662048000002,4688.478962,3692.3457,3916.431609
2025-12-05,4-3,B,25918.478569,498.18602,23773.893830999998,13643.166394,3692.3457,9929.776377,2836.191968
2025-12-06,4-3,B,22670.329661,1885.9247239999997,20668.107044999997,17239.694693,9929.776377,9375.856391,1559.4768870000003
2025-12-07,4-3,B,71949.250456,218.384883,19480.080089,19877.002646,9375.856391,4822.369976,4273.033399000001
2025-12-08,4-3,B,77338.500606,286.112521,20445.374687000003,17316.469850999998,4822.369976,3982.685139,7988.21454
2025-12-09,4-3,B,72857.351261,390.465174,20428.699421,17582.61791,3982.685139,2832.272498,3379.8081880000004
2025-12-10,4-3,B,77900.673747,398.333172,26385.264816000003,17654.231835,2832.272498,6963.197682,7598.894076
2025-12-11,4-3,B,70934.985743,0.0,25464.607879,19089.521012,6963.197682,8670.765872,5804.884037
2025-12-12,4-3,B,23103.695694,469.356147,22426.128753999998,17653.211892,8670.765872,9239.601869,2998.8553839999995
2025-12-13,4-3,B,25360.274859,3.778944,21365.487896,16815.090816,9239.601869,9785.106736,4077.0955729999996
2025-12-14,4-3,B,71985.066833,22.766064999999998,21436.278742000002,20579.294495,9785.106736,6211.874833,647.1202679999998
2025-12-15,4-3,B,74615.604617,158.428359,23733.641723,17421.90396,6211.874833,8214.481317,1918.638963
2025-12-16,4-3,B,72404.260241,0.0,24015.085271,19747.816404,8214.481317,7886.039834,1747.9982060000007
2025-12-17,4-3,B,72543.120837,0.0,20268.744709,18040.9419,7886.039834,6082.419071,4980.522315
2025-12-18,4-3,B,71017.926169,0.0,22560.99441,18256.301787,6082.419071,6102.534276,1611.678632
2025-12-19,4-3,B,24266.268989,29.5978,23102.578559999998,15732.310633000001,6102.534276,9414.509832,2552.435756
2025-12-20,4-3,B,22885.036727,0.0,21759.835267000002,17777.416508000002,9414.509832,9245.676564,3891.6286440000003
2025-12-21,4-3,B,70239.863072,0.0,21008.587547000003,19634.076136,9245.676564,6337.765206,511.6168170000001
2025-12-22,4-3,B,71640.700795,6.690134,20847.098719999998,18170.396796,6337.765206,4910.824281,731.768488
2025-12-23,4-3,B,72080.323041,0.0,20925.132704,17722.235935999997,4910.824281,4052.070452,4689.234491
2025-12-24,4-3,B,74598.7821,73.591848,24966.138232000005,17559.350263,4052.070452,7011.20568,3559.3449219999998
2025-12-25,4-3,B,69926.908148,121.220993,21745.054823,18670.681721,7011.20568,5836.553108,513.2627440000001
2025-12-26,4-3,B,25997.728734,420.175467,23642.873498,15520.333465,5836.553108,9870.324297,4443.656241
2025-12-27,4-3,B,22580.783634,354.389246,20763.326242000003,16747.724073,9870.324297,9948.735612,4004.007645
2025-12-28,4-3,B,67611.249071,0.0,17880.899236999998,18403.863757,9948.735612,5592.807418,2168.1222369999996
2025-12-29,4-3,B,70572.580414,206.697505,22906.844705,17861.826365,5592.807418,6362.493914,2037.4196390000002
2025-12-30,4-3,B,70655.613433,0.0,23749.781857,19347.126643,6362.493914,6240.490205,3969.8650809999995
2025-12-31,4-3,B,72123.380506,0.0,23779.594684,19164.781302,6240.490205,6347.923974,3580.4948080000004
2025-02-01,3,C,24005.403804,884.254506,18222.588191,16163.402446,3856.906571,2297.899891,7774.398427
2025-02-02,3,C,64471.399905,540.6247099999999,28553.407384,21969.796131,2297.899891,3585.081948,8275.651339999999
2025-02-03,3,C,58434.03223,71.11806,24634.351107,19399.79769,3585.081948,4200.667178,3973.586046
2025-02-04,3,C,60885.594824,322.98976899999997,23918.629499,19676.236717,4200.667178,3864.948486,6671.351146
2025-02-05,3,C,57324.885141,171.07304,25955.267998999996,20375.01181,3864.948486,4585.787675,992.0030059999999
2025-02-06,3,C,59503.584276,693.562264,23701.157794,19678.614432000002,4585.787675,4051.702542,7695.845352
2025-02-07,3,C,22378.430391,331.03905199999997,20359.652998,17955.020609,4051.702542,2425.36734,4557.77156
2025-02-08,3,C,21497.454947,53.037383,19211.383463,15281.993638,2425.36734,2735.619527,2445.714075
2025-02-09,3,C,56541.527022,742.5855809999999,24434.19598,18782.466908999995,2735.619527,3856.988232,1869.4898429999998
2025-02-10,3,C,52059.39475,1200.204799,23565.365174000002,19366.823565,3856.988232,3547.12404,2695.1278250000005
2025-02-11,3,C,53208.652387,457.815768,24469.794672,19327.814507,3547.12404,4094.589794,2749.3926989999995
2025-02-12,3,C,53369.360318,93.377284,23312.400883000002,19136.297154,4094.589794,3813.198196,2621.881606
2025-02-13,3,C,53983.776873,306.780895,27994.431522,19066.709443,3813.198196,7822.953851,2705.8221010000007
2025-02-14,3,C,16343.341328,867.989094,14054.035927,15912.424214,7822.953851,2791.114839,1071.5208539999999
2025-02-15,3,C,21594.825188,677.956196,19927.776148999998,15629.557416,2791.114839,3359.938465,6168.6448629999995
2025-02-16,3,C,52640.473476,2681.6919829999997,24531.528233,19475.236928000002,3359.938465,3799.161732,4896.605323
2025-02-17,3,C,52440.50591,850.871954,21607.097861,17810.799377,3799.161732,3455.772723,5065.763943
2025-02-18,3,C,52875.742416,194.738517,22891.934211,18130.833699,3455.772723,3913.142735,5816.716702
2025-02-19,3,C,52411.909196,888.626327,24432.487078,19612.544568,3913.142735,4110.664919,9283.496985
2025-02-20,3,C,49277.061232,1164.19551,22492.600086,18590.360341,4110.664919,3698.049063,2823.8812049999997
2025-02-21,3,C,20307.627699,5.680533,19771.461353,16108.317833,3698.049063,3594.233355,2784.077926
2025-02-22,3,C,19858.891046,16.712633,18454.690078,14449.366438000001,3594.233355,4148.602828,1321.391238
2025-02-23,3,C,52638.731884,491.092564,23560.165312999998,19064.390603,4148.602828,4170.095383,6970.928286
2025-02-24,3,C,47440.907395,1648.222856,22810.841505999997,18906.134217000003,4170.095383,3693.036941,2275.2611070000003
2025-02-25,3,C,51019.784969,557.063716,23154.76123,19033.691023,3693.036941,3383.776467,3208.303088
2025-02-26,3,C,54139.72322,3.991667,25528.462032,19147.494533,3383.776467,5084.398373,9319.609177
2025-02-27,3,C,46353.752552,1767.483724,21350.715430000004,18420.082195,5084.398373,3833.284265,4807.558872
2025-02-28,3,C,17486.117431,448.88145599999996,18280.880093,16101.182381999999,3833.284265,2395.873702,1594.779921
2025-03-01,3,C,18601.993414,2609.548076,23990.613967,18983.506644999998,2395.873702,2894.64111,2879.8413689999998
2025-03-02,3,C,54745.081108,1837.113249,25408.320309000002,19527.207928999997,2894.64111,4065.23169,8117.542051999999
2025-03-03,3,C,51756.386585,2537.279122,21751.285076,18513.190767,4065.23169,3071.176295,10956.436705
2025-03-04,3,C,47724.846062,544.6040989999999,23821.127606000002,18405.911495,3071.176295,4059.178368,937.31457
2025-03-05,3,C,48182.860352,931.325883,23184.273255999997,18620.626155,4059.178368,4235.439682,4213.21969
2025-03-06,3,C,50096.372672,199.59808399999997,26895.419579,18035.289566,4235.439682,8402.106673,4353.310307
2025-03-07,3,C,17066.992547,1037.627223,21028.003276,17386.2938,8402.106673,8009.205399,2804.42212
2025-03-08,3,C,17172.801309,1397.071414,19384.598643999998,16482.896466000002,8009.205399,7141.014773,3065.304184
2025-03-09,3,C,47394.49608,2036.619051,24534.569684,17997.568938,7141.014773,9224.828669,2432.3320670000003
2025-03-10,3,C,48942.804721,295.335621,22800.237686,18626.335046,9224.828669,9049.114758,6351.469591
2025-03-11,3,C,52385.160838,0.0,22442.230148000002,18061.092415,9049.114758,9179.241431,13544.504264
2025-03-12,3,C,44889.387619,695.5364050000001,22881.484495,18921.943447,9179.241431,8748.19587,1164.9850539999995
2025-03-13,3,C,51460.335134,0.0,23799.354978,19353.784188999998,8748.19587,8663.410695,7542.7780569999995
2025-03-14,3,C,15895.585239,1119.326566,18467.857710999997,17254.775624,8663.410695,6112.509719,4263.14201
2025-03-15,3,C,19420.031315,1454.7933819999998,18180.754515,14490.969471000002,6112.509719,6374.111595,6272.1145209999995
2025-03-16,3,C,49194.653393,85.24865700000001,19729.287666,16567.490584000003,6374.111595,5722.147624,7415.8596529999995
2025-03-17,3,C,43266.550369,379.633852,24408.239881999998,18246.919196,5722.147624,7415.208855,5365.905536
2025-03-18,3,C,45416.312171,1634.8625989999998,22969.75586,18789.567266,7415.208855,7210.692167,5071.265483000001
2025-03-19,3,C,45077.65029,644.014994,19173.067386,16572.861673,7210.692167,6052.162067,12067.976064999999
2025-03-20,3,C,43183.688309,2722.5696290000005,23775.904148999998,17728.954566,6052.162067,7751.637396,3931.811081
2025-03-21,3,C,16110.272157,1924.227752,21228.894334,16961.652607999997,7751.637396,8011.361621,773.8339390000001
2025-03-22,3,C,17010.853299,988.821316,20816.891558,15775.729112,8011.361621,9217.976122,382.8025399999999
2025-03-23,3,C,44881.872438,38.521667,21685.763121,18235.323263000002,9217.976122,8473.692638,2582.592102
2025-03-24,3,C,43989.985077,0.0,20434.326753,17655.721533,8473.692638,7247.118346,5748.476731999999
2025-03-25,3,C,44991.738532,1136.549764,21916.739775,18358.849273,7247.118346,6573.462726,9347.056259
2025-03-26,3,C,43639.128618,84.05796000000001,22066.473274,17575.507978999998,6573.462726,6904.946475,7182.644146999999
2025-03-27,3,C,45094.038682,5.448757,23558.093821,18218.026334,6904.946475,7864.979431,3976.2702990000007
2025-03-28,3,C,16205.430391,775.8058120000001,20581.279148,16657.680080000002,7864.979431,7879.597242,1819.087157
2025-03-29,3,C,14730.068735,1612.235444,19822.33299,16364.502553999999,7879.597242,7536.916318,1355.5381320000001
2025-03-30,3,C,41806.298238,28.396406,21953.179251999998,16960.555976,7536.916318,8449.715449,1874.6470470000004
2025-03-31,3,C,48038.122134,513.678901,21314.317163,17674.730191,8449.715449,7994.011793,13624.693981
2025-04-01,3,C,49882.078828,122.79444,24965.908726999998,19233.924434,7994.011793,9092.302498,8548.709586
2025-04-02,3,C,46335.873331,889.620926,22469.739632,18801.204740999998,9092.302498,8424.840676,7063.651718000001
2025-04-03,3,C,40323.010518,618.576666,21693.092119,19180.84398,8424.840676,6636.574715,2974.21509
2025-04-04,3,C,16486.989244,1003.72239,22126.279563,15832.651974,6636.574715,8958.390795,1569.728596
2025-04-05,3,C,15367.287883,379.595287,19402.274263,16774.526197,8958.390795,7782.07519,2267.4868020000004
2025-04-06,3,C,39285.757383,531.270571,22375.828006999996,18015.43708,7782.07519,7903.168085,1499.7340989999996
2025-04-07,3,C,44707.986149,0.0,21777.494396000002,17301.649257,7903.168085,8278.858314,10078.840950000002
2025-04-08,3,C,41079.288818,68.775893,23801.082293,19197.698759,8278.858314,8369.055979,2895.076607
2025-04-09,3,C,46627.569904,365.612058,20533.654277,17324.05543,8369.055979,7600.394351,9947.532418
2025-04-10,3,C,42773.603293,2491.755046,21571.009249000002,18098.385013,7600.394351,6904.985994,10994.981676
2025-04-11,3,C,14645.105916,684.06983,21078.916285,16188.948631000001,6904.985994,7888.289948,1011.5470279999998
2025-04-12,3,C,16515.37168,0.0,20912.73036,15831.070077,7888.289948,9119.669408,1366.6927810000002
2025-04-13,3,C,40768.95763,186.008378,20553.230179,17770.189703,9119.669408,7872.921345,6293.5444849999985
2025-04-14,3,C,38153.724759,474.400471,23054.173492,18098.194033,7872.921345,8512.573005,651.0478050000002
2025-04-15,3,C,43405.217599,0.0,22652.811811,17972.507719,8512.573005,8930.650614,9971.878057000002
2025-04-16,3,C,42454.704142,55.79692,19945.933291999998,16399.842596000002,8930.650614,8659.943248,5485.699290999999
2025-04-17,3,C,42097.076448,1291.105527,19552.408428000002,17541.452267999997,8659.943248,6766.608314,12705.426956
2025-04-18,3,C,15989.433353,99.354358,21329.208509,15018.366843,6766.608314,9275.821703,1473.7239049999998
2025-04-19,3,C,13287.051047,1052.486157,17373.249219,17117.332328,9275.821703,5892.487859,5628.167463000001
2025-04-20,3,C,39126.007448,888.663789,19585.975357,17487.166544,5892.487859,4089.680632,11604.546701
2025-04-21,3,C,38181.631718,725.841146,25045.862139999997,17854.010382,4089.680632,6793.167245,2570.627139
2025-04-22,3,C,43599.101436,397.14071300000006,21245.876184,16656.428341,6793.167245,7407.313212,10454.310369
2025-04-23,3,C,41036.223524,0.0,21000.684140999998,16793.457186,7407.313212,7648.532065,9282.524068
2025-04-24,3,C,38379.243345,395.67931,21776.079705,18227.349195,7648.532065,6994.393584,7352.474922
2025-04-25,3,C,13888.722915,501.749437,22456.219647,17866.125335,6994.393584,7353.740894,2735.8407310000002
2025-04-26,3,C,12647.763337,766.638957,19765.642627,16521.600476,7353.740894,6785.485396,2422.075902
2025-04-27,3,C,38643.098133,110.899935,22591.735941,16856.131305,6785.485396,8389.012959,4741.945106
2025-04-28,3,C,45182.276001,590.951788,22046.026918,18310.354211,8389.012959,7885.599173,8426.907958
2025-04-29,3,C,37636.17031,0.0,19368.176105000002,15362.665404000001,7885.599173,8247.32944,5098.249984
2025-04-30,3,C,39899.380597,1830.852548,19222.571288,18097.240744,8247.32944,5439.598327,15381.657651000001
2025-05-01,3,C,35777.509306,2126.70393,22871.663667,17263.245173,5439.598327,6842.712101,2738.943846
2025-05-02,3,C,17559.038431,2496.7314130000004,15436.410042000001,15338.095013000002,6842.712101,3693.153347,8682.202806000001
2025-05-03,3,C,18374.201971,1884.247243,19897.862819,13417.677726999998,3693.153347,6692.699077,4290.234531
2025-05-04,3,C,41001.697295,1107.427742,24203.326293,18643.059887,6692.699077,7761.181755,6143.221963
2025-05-05,3,C,37531.216919,2459.6970420000002,16398.50431,17249.894644,7761.181755,3353.286031,8029.625209
2025-05-06,3,C,44739.265909,1032.1567380000001,22830.664793,16780.801165,3353.286031,5255.549718,13044.81167
2025-05-07,3,C,41594.443958,1948.784357,18934.329131,16069.722823,5255.549718,4441.198353,11001.173251999999
2025-05-08,3,C,45286.09594,712.586006,21668.979172,16985.958107,4441.198353,5069.99282,12443.188901
2025-05-09,3,C,16872.996276,108.524943,19901.405579,13283.874378,5069.99282,8221.397418,1069.141957
2025-05-10,3,C,21117.296122,259.375262,21328.559213,17219.871457999998,8221.397418,8283.910203,3767.124604
2025-05-11,3,C,43257.031096,40.45035,20345.042760999997,16744.162359,8283.910203,7989.823843,5568.274087000001
2025-05-12,3,C,46489.879129,0.0,19800.259564,16357.077647000002,7989.823843,7635.526732,12280.732845999999
2025-05-13,3,C,41922.213239,0.0,19610.024854,16698.956916,7635.526732,6730.152526,9364.439675000001
2025-05-14,3,C,43874.801294,0.0,21225.747849,16357.725761000002,6730.152526,7658.074745,6663.518921999999
2025-05-15,3,C,46070.016571,0.0,20380.495503000002,15681.731574,7658.074745,8576.374504,8502.78881
2025-05-16,3,C,19181.592552,8.494843,19435.169055,16309.637022,8576.374504,7946.207739,2807.021296
2025-05-17,3,C,18880.019431,1145.713559,18247.060569,16129.454966000001,7946.207739,6446.945623,4521.0805820000005
2025-05-18,3,C,46260.644889,15.309783,24000.709638000004,17354.016926,6446.945623,8765.343268,8230.677456000001
2025-05-19,3,C,35125.469676,56.191667,18991.95963,16036.927242,8765.343268,8039.298887,1746.6034619999998
2025-05-20,3,C,43641.319452,0.0,17121.707421,15203.086803,8039.298887,6556.516897,8278.552914
2025-05-21,3,C,42675.80767,102.406667,19238.389809,13896.213162,6556.516897,8430.83088,7283.319627999999
2025-05-22,3,C,37870.723474,38.06488,18774.571906999998,16049.928794,8430.83088,7494.691381,5081.71568
2025-05-23,3,C,18744.334769,210.936235,18087.935303000002,14852.833811,7494.691381,7270.684476,4526.2815200000005
2025-05-24,3,C,16681.155655,0.0,20147.268453999997,15751.016567,7270.684476,7902.096565,2865.846314
2025-05-25,3,C,42044.250217,0.0,23593.839038,18138.168965,7902.096565,8983.030628,6813.650694
2025-05-26,3,C,40542.062316,0.0,18235.200593,15477.138077,8983.030628,8197.891075,6493.017883999999
2025-05-27,3,C,48354.073843,0.0,21367.59964,17749.667364,8197.891075,7706.878124,14428.287422999998
2025-05-28,3,C,42376.90947,0.0,21951.782881,17218.844417,7706.878124,8331.433365,7243.115088
2025-05-29,3,C,45164.997087,0.0,22222.834691,17742.727801,8331.433365,8617.842585,8955.654337
2025-05-30,3,C,15177.732442,88.27968100000001,18406.243158,16691.995371,8617.842585,6636.799904,2381.6875520000003
2025-05-31,3,C,19044.72671,206.225665,21117.923454,15480.520120000001,6636.799904,8442.353102,3405.9233799999997
2025-06-01,3,C,54084.059554,2595.9736280000006,20589.889825,18305.025757999996,8442.353102,6634.336435,8961.158210000001
2025-06-02,3,C,53634.770635,3388.752042,18272.962635,17056.105155,6634.336435,4128.774856,12016.987982999999
2025-06-03,3,C,49860.54632,2422.1287829999997,23044.118367000003,17659.717203,4128.774856,5246.573383,6113.46467
2025-06-04,3,C,52228.702197,1759.089892,20237.560697,16224.737344000001,5246.573383,5432.892073,7801.010168
2025-06-05,3,C,52049.766246,1325.226003,17991.891389,17301.332994999997,5432.892073,2401.890996,10299.785328
2025-06-06,3,C,30241.595346,689.140415,17572.898905000002,8798.707181,2401.890996,8441.158699,5342.185747
2025-06-07,3,C,26547.561839,117.51835700000001,17286.757997,14606.228418,8441.158699,7770.09821,3852.144048
2025-06-08,3,C,53530.979951,0.0,22281.245561,16569.878217999998,7770.09821,9412.243416,6063.89442
2025-06-09,3,C,56601.896044,0.0,24730.235870999997,19525.203284,9412.243416,9974.785384,1812.374179
2025-06-10,3,C,51825.562197,366.969825,20125.069768999998,17303.858983000002,9974.785384,8860.838194,2360.629407
2025-06-11,3,C,57149.183951,1976.068705,24361.306202,19546.077105,8860.838194,9068.150328,2273.9398490000003
2025-06-12,3,C,54806.61899,0.0,22754.339263,18474.938507,9068.150328,9019.346212,907.161338
2025-06-13,3,C,25234.655505,136.480935,21155.63841,16908.088166,9019.346212,9272.656151,268.7469969999999
2025-06-14,3,C,25288.623305,0.0,21513.387758,17576.43471,9272.656151,9105.333233,1666.6407319999998
2025-06-15,3,C,54452.892358,0.0,21232.542398,16668.398888999996,9105.333233,9694.178182,5903.006056
2025-06-16,3,C,56699.085342,0.0,21366.23679,17286.311214,9694.178182,9716.77883,4745.101701000001
2025-06-17,3,C,60675.77213,8.127661,21571.529405,19227.741016,9716.77883,7766.99861,8692.607125
2025-06-18,3,C,59274.157154,0.0,21179.798122,16034.073291,7766.99861,9013.17993,7591.786289000001
2025-06-19,3,C,51582.027528,0.0,19547.703283,15775.567973000001,9013.17993,9077.704028,3861.871338
2025-06-20,3,C,23260.733353,0.0,18824.270948999998,19496.208133,9077.704028,4357.094401,5718.566779999999
2025-06-21,3,C,24647.98329,470.40942099999995,22264.987986,13481.010376,4357.094401,9416.683169,695.9270670000001
2025-06-22,3,C,54068.975185,0.0,20585.774501,17064.580023000002,9416.683169,8983.235751,7052.481227
2025-06-23,3,C,50191.206423,0.0,18169.076329,15265.649167000001,8983.235751,8373.572038,1365.8165200000003
2025-06-24,3,C,58777.71923,1185.3310809999998,21028.022021,16291.060086000001,8373.572038,9197.613982,3208.446253
2025-06-25,3,C,51945.905726,0.0,17114.670394,18432.399449,9197.613982,4120.373505,10300.844951
2025-06-26,3,C,54769.000775,0.0,25161.12442,15870.204683,4120.373505,9131.824723,6258.308914
2025-06-27,3,C,21824.044964,0.0,22197.314908,19530.893214999996,9131.824723,7408.415678,2760.303975
2025-06-28,3,C,22755.50131,268.778494,19943.499794,15397.889726000001,7408.415678,8248.79913,619.7504190000002
2025-06-29,3,C,50672.742743,0.0,20032.552696,15388.304982999998,8248.79913,9179.979906,5289.845197999999
2025-06-30,3,C,46951.231787,418.028089,14415.382863000003,17881.414956,9179.979906,2285.585641,7274.618922000001
2025-07-01,3,C,54775.849279,5505.772523,20049.528009,16380.6823,2285.585641,2129.402738,16528.87784
2025-07-02,3,C,52080.794264,4470.642078,21358.26655,14920.510775,2129.402738,4773.497329,9290.721442000002
2025-07-03,3,C,55426.099431,2556.059248,18747.919973,15292.708775,4773.497329,4654.726668,5466.313421000001
2025-07-04,3,C,21588.08583,4886.0299540000005,15831.403502000001,14485.500958,4654.726668,2807.988756,2798.064695
2025-07-05,3,C,24431.727634,3228.398017,17995.078322,12817.840204,2807.988756,4761.514576,482.070912
2025-07-06,3,C,57048.292717,5431.316861,17467.880678,17202.820268,4761.514576,1368.362444,19332.852571000003
2025-07-07,3,C,58404.178712,1083.94131,23770.701686999997,17154.994885,1368.362444,3700.888533,12903.219298
2025-07-08,3,C,59120.561311,0.0,24770.769511,17174.852084000002,3700.888533,6911.412113,3212.2488179999996
2025-07-09,3,C,57815.586956,0.0,22246.676104,17593.622152,6911.412113,7384.95155,3571.210768
2025-07-10,3,C,58641.223541,5.314626,23663.813493,17717.120078,7384.95155,8996.694718,5722.0455170000005
2025-07-11,3,C,31554.564632,48.33246,20970.241683,17146.432887,8996.694718,8818.320137,1556.0854060000006
2025-07-12,3,C,25693.161407,1248.9783400000001,15970.178222999999,18876.439805,8818.320137,2217.658534,8148.591125999999
2025-07-13,3,C,62196.945717,373.008347,30197.33751,19673.559422,2217.658534,7535.751825,5938.605906
2025-07-14,3,C,58250.909785,0.0,22646.502676,18273.339929,7535.751825,7613.893202,2712.294667
2025-07-15,3,C,56710.823406,26.825,19292.469710999998,18538.088891,7613.893202,4379.239396,7252.123423999999
2025-07-16,3,C,54655.8985,0.0,23156.529087999996,15923.008367,4379.239396,7527.884056,3518.0143869999997
2025-07-17,3,C,54531.523847,0.0,19669.042547999998,15130.929319,7527.884056,8417.878661,4084.531918
2025-07-18,3,C,30328.777272,134.700118,22810.196504,18395.806403000002,8417.878661,8507.270622,756.498709
2025-07-19,3,C,27849.943072,545.579829,17656.916557,19768.767069,8507.270622,2433.198781,7983.796069999999
2025-07-20,3,C,53914.327056,154.179111,21891.550642000002,17547.46919,2433.198781,2638.406369,7884.120919
2025-07-21,3,C,55521.01418,948.752473,24484.760535,18644.317557,2638.406369,3958.782455,6885.925620000001
2025-07-22,3,C,64107.663925,1087.222186,24617.295027,18826.227881,3958.782455,5196.317001,13645.099831
2025-07-23,3,C,59566.646592,0.0,24797.879304,17200.585791999998,5196.317001,8402.646384,5973.240927000001
2025-07-24,3,C,56837.974664,1421.179225,20114.458093,19488.782629999998,8402.646384,4851.455744,9536.590606999998
2025-07-25,3,C,29120.794116,254.531836,20217.968118,15346.355833000001,4851.455744,5996.120569,3662.9427860000005
2025-07-26,3,C,27434.459637,710.541348,21306.041445000003,17494.295249,5996.120569,5733.452036,4452.323837
2025-07-27,3,C,54707.752446,34.762454,23167.765070000005,16514.006755,5733.452036,8235.544204,3554.5814950000004
2025-07-28,3,C,55712.556249,0.0,18930.457581000002,15938.332684,8235.544204,7563.69749,2360.7200180000004
2025-07-29,3,C,54616.353016,556.808474,19014.358219,16712.355988,7563.69749,6107.335456,8208.612328000001
2025-07-30,3,C,58024.310736,199.86463500000002,23371.837981000004,16651.489027999996,6107.335456,8640.335165,7318.450913000001
2025-07-31,3,C,52017.515916,2208.3418380000003,16040.164873,16918.040418,8640.335165,4278.660865,7794.367112999999
2025-08-01,3,C,27104.383732,1166.4002619999999,22037.537792000003,15889.234233000001,4278.660865,6457.740173,2896.048046
2025-08-02,3,C,27536.421179,311.40768,21525.656618999998,18756.558253,6457.740173,4990.21085,5922.514366
2025-08-03,3,C,50661.360343,352.394328,21892.837411000004,16203.332336000001,4990.21085,6690.061925,6788.474696
2025-08-04,3,C,52330.482287,0.0,22046.171994000004,18161.344814,6690.061925,6352.344705,8126.710099
2025-08-05,3,C,53922.689846,0.0,24136.863512,17134.481859,6352.344705,9037.208688,7862.293256
2025-08-06,3,C,52714.65813,2319.004083,19016.706937,18818.579015,9037.208688,5242.712692,10995.525432
2025-08-07,3,C,52592.916253,81.722919,23583.212916000004,16177.646524,5242.712692,8492.441512,1735.4649679999998
2025-08-08,3,C,24730.279859,1477.006367,20490.358922,20194.200213,8492.441512,4495.764305,5646.203893
2025-08-09,3,C,27134.674973,252.751985,22105.933036000002,15515.996796999998,4495.764305,7151.107596,1921.0684389999997
2025-08-10,3,C,52375.299338,0.0,22822.958806,17135.862250000002,7151.107596,8651.923577,2465.735644
2025-08-11,3,C,48552.073835,134.43612,17801.932006000003,16805.508027,8651.923577,6000.875685,6202.384550999999
2025-08-12,3,C,50433.854091,1454.0610140000001,19605.576641,16587.980766999997,6000.875685,5214.804921,7527.066984
2025-08-13,3,C,50838.935754,1069.674498,20957.321357,16189.020605000002,5214.804921,6088.59347,10131.740636999999
2025-08-14,3,C,51278.247318,1080.757317,22253.902401,18378.098203,6088.59347,5696.996516,7089.701336
2025-08-15,3,C,25464.109879,2035.070804,22247.524159,18217.826917,5696.996516,5477.738351,4905.821655
2025-08-16,3,C,26625.883329,1265.8825689999999,23142.790632,16718.422914,5477.738351,7730.22446,2824.2092410000005
2025-08-17,3,C,48392.062867,0.0,21355.421168999997,17855.864369000003,7730.22446,7110.254215,1933.232051
2025-08-18,3,C,50555.658565,106.805112,21330.362259999998,15875.017820999998,7110.254215,8668.671558,2792.1650629999995
2025-08-19,3,C,49934.993134,11.903433,18665.922079,16519.101672,8668.671558,7113.444016,4925.249433
2025-08-20,3,C,51388.164785,1204.54653,22466.410260999997,18105.700224,7113.444016,7215.768556,3971.648689
2025-08-21,3,C,47452.399906,971.324717,20532.268513000003,17296.214394000002,7215.768556,6476.794223,3332.6671180000003
2025-08-22,3,C,25764.220006,695.573039,21426.108733,18157.123467999998,6476.794223,5585.710453,3557.5613110000004
2025-08-23,3,C,24349.271403,877.303426,17744.763061999998,16339.400431000002,5585.710453,3401.107842,7366.485408999999
2025-08-24,3,C,51749.400213,858.198774,27230.844485,17204.234876000002,3401.107842,8793.051348,2043.8594659999999
2025-08-25,3,C,57224.593713,898.739412,19873.366160999998,18486.528405,8793.051348,6138.493775,7501.754884000001
2025-08-26,3,C,51057.743442,3.558291,22638.266136,16728.86319,6138.493775,7925.307529,4604.237080999999
2025-08-27,3,C,53609.525946,1219.105977,19891.591715,18866.248323,7925.307529,4865.241936,14022.158566999999
2025-08-28,3,C,56557.423756,0.0,25202.593969,17153.738759000003,4865.241936,8487.866776,8114.36143
2025-08-29,3,C,26521.833389,673.2545640000001,20032.795958000002,18337.678872,8487.866776,6142.184392,5455.185317
2025-08-30,3,C,27267.692477,502.385404,21397.745035,17579.944583,6142.184392,5866.883164,2038.9187780000002
2025-08-31,3,C,49777.285717,0.0,22636.85346,16111.428456,5866.883164,8338.464106,2766.0512119999994
2025-09-01,3,C,49510.687206,0.0,24692.254354999997,17785.343721999998,8338.464106,10800.0,7229.157831999999
2025-09-02,3,C,44672.057172,276.297523,17309.031493000002,18973.241495,10800.0,5296.748906,11030.32428
2025-09-03,3,C,46953.991526,98.686245,22087.523935,17756.38613,5296.748906,5446.202525,4142.870795
2025-09-04,3,C,48812.277738,248.083709,27987.188606,21289.223231,5446.202525,6979.979791,6276.641496
2025-09-05,3,C,24567.011224,59.220566,27994.361177,20254.223868,6979.979791,9670.211665,3348.5597479999997
2025-09-06,3,C,17593.814394,1067.611312,19472.624277000003,16454.300522,9670.211665,8913.017379,1212.9636309999996
2025-09-07,3,C,44189.378584,235.999615,21075.600656,17474.066893,8913.017379,8465.428091,5913.556436000001
2025-09-08,3,C,40537.724858,6938.404840000001,17348.42389,15368.740267000001,8465.428091,7002.631517,7894.6718949999995
2025-09-09,3,C,39564.42115,5756.827362,19132.530705,15851.223308999999,7002.631517,6609.438808,6841.059292
2025-09-10,3,C,41649.545983,4924.342264000001,15381.681315,13227.811427,6609.438808,5755.383739,6977.046969
2025-09-11,3,C,38881.057577,4688.807706,18796.551895,16973.000387000004,5755.383739,3813.391126,2750.301835
2025-09-12,3,C,17250.494699,2485.146122,14288.054175,11873.27975,3813.391126,3480.106829,700.9783589999998
2025-09-13,3,C,21327.078646,612.659759,16319.092994999999,13071.271119,3480.106829,3643.655949,2627.296991
2025-09-14,3,C,46428.854015,2069.151607,19395.893277000003,15700.753219999999,3643.655949,3654.678542,5622.740726
2025-09-15,3,C,46474.126049,665.185403,21361.556053,16523.049721,3654.678542,4521.134854,6121.99803
2025-09-16,3,C,51461.415495,371.39945299999994,22574.126433999998,18893.076385999997,4521.134854,3845.541547,12385.480896000001
2025-09-17,3,C,43002.23423,2300.3755229999997,22365.101804,17627.990425,3845.541547,4387.477143,2460.475726
2025-09-18,3,C,43237.209263,859.32269,21017.894115,16703.942366,4387.477143,4743.645884,3215.9585490000004
2025-09-19,3,C,20419.301645,989.2351570000001,14377.041992,11545.916523,4743.645884,4854.18754,2204.960381
2025-09-20,3,C,18749.137947,1969.421526,14491.676762000001,11995.970312,4854.18754,4567.840724,3456.3200619999993
2025-09-21,3,C,45426.815848,173.926409,22406.244433999997,17748.147461,4567.840724,5013.296869,3436.9236479999995
2025-09-22,3,C,48549.72307,687.040764,19791.100057,16398.993005,5013.296869,4604.18358,9107.544170000001
2025-09-23,3,C,48048.245543,917.2105690000001,22516.559123,17791.032873,4604.18358,5101.272487,4358.268724
2025-09-24,3,C,43243.401246,756.809407,21342.931265,17152.601348,5101.272487,5251.464683,3976.4929299999994
2025-09-25,3,C,44962.749396,729.135361,21267.991506000002,17702.259163000002,5251.464683,4723.480191,3105.286647
2025-09-26,3,C,22076.458008,366.68727900000005,14759.839601,11953.448337,4723.480191,4725.726567,3577.637795
2025-09-27,3,C,19753.715389,3620.649826,13952.798202,11448.455509,4725.726567,4562.738827,1979.5480729999997
2025-09-28,3,C,50941.169587,476.75183400000003,21630.710077,17168.42334,4562.738827,4954.351962,8453.250136
2025-09-29,3,C,45065.588046,1362.910851,19598.731160000003,15580.946592,4954.351962,5281.047124,4331.848480000001
2025-09-30,3,C,48238.499975,1333.128472,18929.748793,15710.007826,5281.047124,4862.256785,3745.6115099999997
2025-10-01,3,C,42381.922147,407.987846,24082.252953000003,19104.059946,4862.256785,5309.551169,6813.548514
2025-10-02,3,C,44775.895761,0.0,26093.236777,19022.418482,5309.551169,7657.443733,4268.035562
2025-10-03,3,C,15105.523796,1041.434249,15763.418603000002,14697.062805,7657.443733,5514.450693,1711.8006990000003
2025-10-04,3,C,18502.701617,29.473483,16135.547547999999,12099.140493,5514.450693,6592.95405,866.057709
2025-10-05,3,C,43385.998322,6.774183,21720.511799,16893.489808,6592.95405,7370.870438,3491.914605
2025-10-06,3,C,42591.325654,0.0,18779.130313999998,16183.853904000001,7370.870438,6290.027827,4711.851258999999
2025-10-07,3,C,40530.516091,1101.270767,20844.786239,17803.440791,6290.027827,5268.734562,2999.3947359999997
2025-10-08,3,C,38648.665918,1373.9812520000003,21424.798901,17534.131702,5268.734562,5068.685015,2458.1974109999996
2025-10-09,3,C,40490.046471,1884.61279,22486.88326,17915.535976,5068.685015,5400.728865,6965.492823
2025-10-10,3,C,16221.690518,968.4802439999999,16097.447171,13940.285991,5400.728865,4399.224663,1671.926025
2025-10-11,3,C,16160.174714,1788.463624,17811.405231,13642.312342,4399.224663,5271.364547,875.181622
2025-10-12,3,C,43728.877539,271.642858,21565.078592000005,18010.217232000003,5271.364547,4668.5828,5483.338855
2025-10-13,3,C,43039.993427,896.6574079999999,20775.573822,16536.420712000003,4668.5828,4992.798447,6470.082679000001
2025-10-14,3,C,43626.48248,1531.1338190000001,20207.6939,16013.332711,4992.798447,5387.131055,6087.62436
2025-10-15,3,C,43206.264027,2878.6260939999997,19344.923036,15618.327118,5387.131055,5443.86499,7535.314009000001
2025-10-16,3,C,49871.689645,2141.338603,19006.789822,15857.412406,5443.86499,4930.628713,6447.866623999999
2025-10-17,3,C,17126.278845,829.374848,15189.11882,12599.974279,4930.628713,4600.86423,924.6228359999999
2025-10-18,3,C,22149.970534,808.5029260000001,14753.325565,11758.201986,4600.86423,4814.188367,5080.768087
2025-10-19,3,C,50737.75216,1890.3509940000001,23300.890847000002,18028.725604,4814.188367,5753.072792,7648.340305
2025-10-20,3,C,48547.564736,267.37312199999997,19946.66813,16942.004950000002,5753.072792,4880.624164,5275.951431
2025-10-21,3,C,48875.332228,1864.4683759999998,20101.117207,16039.345539,4880.624164,5150.134606,5661.132181000001
2025-10-22,3,C,44542.384813,3883.8651800000002,19331.234018,15691.844921999998,5150.134606,5112.861976,2109.3707520000003
2025-10-23,3,C,51497.598687,309.605823,20307.223316,15884.154648999998,5112.861976,5740.302238,14730.314715
2025-10-24,3,C,17562.508467,2738.611377,15822.892971000001,13193.064733,5740.302238,5321.945098,1243.1127220000003
2025-10-25,3,C,18918.974865,1857.432576,15089.394864,12375.870056999998,5321.945098,5151.433743,1843.300805
2025-10-26,3,C,46963.660732,352.64975799999996,20245.821454999998,16131.632842999998,5151.433743,5448.636562,5631.933540999999
2025-10-27,3,C,52433.751466,1034.1254259999998,20308.201922,15590.882243999999,5448.636562,6402.815799,6058.157487
2025-10-28,3,C,49801.305213,802.2864519999999,18241.598308,15336.105680999997,6402.815799,5780.136851,4090.334275
2025-10-29,3,C,53197.683419,389.591071,20343.280166,16593.92355,5780.136851,5651.396167,7198.390184999999
2025-10-30,3,C,49103.103016,1110.776823,18912.087230999998,15108.467319,5651.396167,5885.088765,3907.166166
2025-10-31,3,C,22568.659336,652.617158,14680.566949,12652.188929999998,5885.088765,5039.61132,4897.893935
2025-11-01,3,C,22042.912248,2184.495983,15338.815006,12039.762857999998,5039.61132,5467.030539,3961.2425590000003
2025-11-02,3,C,52834.001502,447.01391,21309.121098,17071.612029,5467.030539,5676.781719,6630.90138
2025-11-03,3,C,56484.221758,240.715241,19763.218426,15704.478898,5676.781719,6014.257304,9796.429579
2025-11-04,3,C,49992.504608,564.1389569999999,20231.593423,16846.17633,6014.257304,5504.717686,3285.164148
2025-11-05,3,C,53617.134668,286.62982300000004,21392.795464,17036.205138999998,5504.717686,5829.116783,8642.541652
2025-11-06,3,C,53570.891478,1081.9264750000002,18634.309282000002,15664.948436000002,5829.116783,5194.496874,5628.551805
2025-11-07,3,C,18979.752579,1366.846251,17978.377591999997,14468.991455,5194.496874,5298.379532,840.275158
2025-11-08,3,C,20202.962528,990.746769,17166.044201,14012.387759,5298.379532,5178.499583,1138.8995770000001
2025-11-09,3,C,56324.077324,1025.378014,21353.284637999997,17129.991221,5178.499583,5363.132179,4943.112381
2025-11-10,3,C,56772.874014,784.8997929999999,21316.904883,17025.098991,5363.132179,5631.569916,6722.509529
2025-11-11,3,C,54392.463512,79.406667,20659.623496,16846.505126,5631.569916,5506.892032,4564.811919
2025-11-12,3,C,55541.086865,941.022833,21310.974574,16689.68927,5506.892032,6142.669961,7628.327737
2025-11-13,3,C,58573.521349,638.2972530000001,17719.941889,14608.324883000001,6142.669961,5859.145569,6890.097694
2025-11-14,3,C,24121.438692,1879.0272140000002,14920.796753999999,12481.823572999998,5859.145569,5419.169789,3610.348127
2025-11-15,3,C,23237.631804,649.0908820000001,18266.879068000002,15018.895521999999,5419.169789,5171.699258,1949.855284
2025-11-16,3,C,55608.439239,927.7590130000001,20464.958098,16680.684729,5171.699258,5056.067403,4142.334757
2025-11-17,3,C,56420.478418,137.722023,20257.047007,15765.482796000002,5056.067403,5770.206602,4268.780916
2025-11-18,3,C,56480.64358,640.614524,19921.885539000003,16140.243695000001,5770.206602,5766.299482,6213.769940000001
2025-11-19,3,C,58368.546943,630.5606869999998,19510.694389999997,16040.475965,5766.299482,5503.17336,5092.642148999999
2025-11-20,3,C,59091.883052,274.878285,20221.680613999997,16359.833965999998,5503.17336,5525.092617,5915.643882
2025-11-21,3,C,25981.419311,1383.364243,16651.350918,13984.214264,5525.092617,4973.292593,4366.595674
2025-11-22,3,C,22986.634174,1180.270859,19731.955524999998,15781.442789,4973.292593,5197.116134,2680.075769
2025-11-23,3,C,55660.968898,917.8813789999999,22796.819216999997,18056.451719,5197.116134,5651.529299,3348.5828949999996
2025-11-24,3,C,56907.298442,630.046335,20625.52369,17301.909322,5651.529299,4990.156925,4652.242397999999
2025-11-25,3,C,60782.690472,658.0563729999999,21964.741634,17025.926046,4990.156925,5840.728789,9841.480072000002
2025-11-26,3,C,61422.119932,1188.270544,21293.451686,17077.166239,5840.728789,6030.20615,10193.79107
2025-11-27,3,C,61486.859909,502.95892699999996,21099.654807000003,16791.513296,6030.20615,6362.658479,5829.298532000001
2025-11-28,3,C,22950.069855,1461.253368,16530.423806,14329.042067,6362.658479,5318.882051,2204.237978
2025-11-29,3,C,32319.185099,486.149028,17161.527895,13958.654601,5318.882051,5254.640933,9664.429784
2025-11-30,3,C,64143.842753,294.04789500000004,20966.830757,16807.974586,5254.640933,5449.261297,8559.18032
2025-12-01,3,C,65376.130056,635.078475,22097.159446,18621.62573,5449.261297,4646.009542,8875.400771
2025-12-02,3,C,63608.681754,2201.8739219999998,22207.892183,18699.388983,4646.009542,3856.013638,6984.141887000001
2025-12-03,3,C,64354.70434,981.744246,22284.324643,18034.748086,3856.013638,3873.296832,10105.985423
2025-12-04,3,C,63509.250231,2345.633446,23927.141215,18751.084805,3873.296832,4573.185253,5995.08819
2025-12-05,3,C,29190.111954,1389.6783429999998,20844.704836,13680.467508999998,4573.185253,8132.90015,4319.891246
2025-12-06,3,C,26430.704116,2499.4944110000006,13198.198118,14554.285515000001,8132.90015,3839.850106,3776.114211
2025-12-07,3,C,66491.425713,761.791683,23950.839154,18767.133497,3839.850106,4543.234792,4053.089688
2025-12-08,3,C,68108.060847,391.431014,24231.082516,19498.491541999996,4543.234792,4686.218455,7337.829369
2025-12-09,3,C,66360.3754,445.45248300000003,28595.255203999997,19850.115627,4686.218455,8366.264107,3361.5375280000003
2025-12-10,3,C,69000.190472,634.5298940000001,20854.059671,20466.495856999998,8366.264107,4394.366859,7413.98194
2025-12-11,3,C,63105.157533,4.967753,24729.696094000003,19800.010306,4394.366859,4651.081891,1263.733975
2025-12-12,3,C,29783.959396,277.07496699999996,16452.36716,15341.245683000001,4651.081891,2412.383798,1889.0687320000002
2025-12-13,3,C,30726.607545,238.20956600000002,20724.767641,15469.297630999998,2412.383798,3876.566194,3777.093371
2025-12-14,3,C,69054.960929,130.071232,29732.350910999998,19898.458817,3876.566194,8526.283329,4233.443206999999
2025-12-15,3,C,61941.82352,240.60869499999998,18652.742811,18971.294280000002,8526.283329,4234.535991,3728.231465
2025-12-16,3,C,63552.129122,136.4529,24493.631457000003,19430.44988,4234.535991,4689.415548,1075.0168200000003
2025-12-17,3,C,64932.681317,244.981499,24562.817880000002,20166.152472,4689.415548,4389.11556,2593.117645
2025-12-18,3,C,64191.350631,53.103933,23772.884302,18993.524884,4389.11556,4680.794894,3743.2021240000004
2025-12-19,3,C,29561.083139,88.914595,16882.643809,14548.564634999999,4680.794894,3710.102504,3477.891704
2025-12-20,3,C,29030.22937,547.341421,21285.781071,17231.050387,3710.102504,3721.693926,2239.223295
2025-12-21,3,C,68406.151963,28.075,27564.836873,18069.04698,3721.693926,8453.328245,2523.2591559999996
2025-12-22,3,C,61093.019165,366.74961900000005,23236.728502,18869.181032,8453.328245,8400.627195,596.458963
2025-12-23,3,C,61453.697816,397.499004,25076.803267000003,20415.554062,8400.627195,8285.801178,1937.1044600000002
2025-12-24,3,C,61337.222919,287.76897099999996,19162.250493,19286.474166999997,8285.801178,4102.410878,2076.135547
2025-12-25,3,C,64987.918085,227.947609,28648.84482,19271.034905,4102.410878,8474.110211,3075.413909
2025-12-26,3,C,27101.88608,73.978208,13863.970146,15021.431025999998,8474.110211,4261.204425,3051.939534
2025-12-27,3,C,27275.906547,599.781624,16890.848980000002,14903.680619,4261.204425,2903.323375,2806.0316729999995
2025-12-28,3,C,63464.225195,0.0,25348.241742,19530.522593,2903.323375,4016.160283,1720.3621290000006
2025-12-29,3,C,61423.904295,40.671857,24041.46488,19446.211135999998,4016.160283,4046.577414,1639.07204
2025-12-30,3,C,64730.143965,49.507,29418.797692,19890.752917,4046.577414,8422.658763,2205.296745
2025-12-31,3,C,62505.834539,573.660862,23765.066334,19490.632706,8422.658763,8154.959902,2005.9570789999998
2025-02-01,4-2,C,24173.717889,843.980026,25871.727284,20347.109769,8918.113423,9594.768236,0.0
2025-02-02,4-2,C,73925.01841,0.0,25751.013322000003,22290.401796,9594.768236,8003.567119,0.0
2025-02-03,4-2,C,67626.963231,436.753766,22614.5715,18582.323718,8003.567119,7709.655115,0.0
2025-02-04,4-2,C,70648.3583,76.849856,25603.606881,21990.558571,7709.655115,6318.947343,0.0
2025-02-05,4-2,C,64691.867781,93.050485,25368.521494,20647.722461999998,6318.947343,6208.702842,0.0
2025-02-06,4-2,C,70238.161646,20.023432,26988.944162999996,21099.620165,6208.702842,7054.730184,0.0
2025-02-07,4-2,C,24857.852629,1701.37361,25548.723315999996,19052.195921,7054.730184,8879.474589,0.0
2025-02-08,4-2,C,15757.4258,676.799974,23652.062626,19188.426516000003,8879.474589,8845.857047,0.0
2025-02-09,4-2,C,62360.933426,24.025033,20451.886597999997,19001.107610000003,8845.857047,6140.213195,0.0
2025-02-10,4-2,C,60910.588823,429.482398,23145.040079,18048.403325,6140.213195,6916.967794,0.0
2025-02-11,4-2,C,59689.620906,1614.6467109999999,21754.841532,19964.387285,6916.967794,4313.672633,0.0
2025-02-12,4-2,C,65641.129304,272.920294,24963.998396000003,19715.027927,4313.672633,4875.684603,0.0
2025-02-13,4-2,C,57110.115021,0.0,22726.846665999998,15085.912196999998,4875.684603,8567.721939,0.0
2025-02-14,4-2,C,19012.687653,2631.0676350000003,24848.26761,20082.954112,8567.721939,8616.769329,0.0
2025-02-15,4-2,C,17697.348723,2033.9745120000002,26818.579012000002,21249.468904,8616.769329,9142.969434,0.0
2025-02-16,4-2,C,61315.831776,608.955505,20042.76168,18887.286919,9142.969434,6195.580592,0.0
2025-02-17,4-2,C,60289.509149,1154.015538,24348.851826000002,20062.064653999998,6195.580592,5818.364287,0.0
2025-02-18,4-2,C,51186.950334,699.105746,19752.50198,16333.388170000002,5818.364287,5447.406991,0.0
2025-02-19,4-2,C,52489.001251,123.526141,20914.600808999996,17513.35508,5447.406991,4811.264297,0.0
2025-02-20,4-2,C,55295.395593,1013.7097110000001,24056.941104999998,19401.689827,4811.264297,4905.07815,0.0
2025-02-21,4-2,C,18451.528874,114.327785,25295.623041,16405.775070000003,4905.07815,9442.49992,0.0
2025-02-22,4-2,C,16846.785528,1575.613859,24857.710511999998,20358.753021,9442.49992,9193.602691,0.0
2025-02-23,4-2,C,59974.366345,1350.526585,22407.840997,19526.711118,9193.602691,7664.313902,0.0
2025-02-24,4-2,C,50000.272451,624.0696820000001,21142.651135999997,19698.748455999998,7664.313902,4805.20164,0.0
2025-02-25,4-2,C,53163.167315,140.066144,23818.340261999998,18163.30471,4805.20164,6060.258199,0.0
2025-02-26,4-2,C,51695.286659,361.275581,23319.127409999997,17164.109932,6060.258199,7976.239611,0.0
2025-02-27,4-2,C,48103.811533,117.438761,22112.937964,19918.237538,7976.239611,5746.508737,0.0
2025-02-28,4-2,C,15415.292998,2190.8987930000003,26708.190596,18514.624919,5746.508737,9212.074809,0.0
2025-03-01,4-2,C,16503.665802,4926.10394,22841.061265,18255.70718,9212.074809,9484.910859,0.0
2025-03-02,4-2,C,54603.436559,30.903224,20899.492117,19134.211682,9484.910859,7034.218563,0.0
2025-03-03,4-2,C,57282.060875,74.802123,23331.323377,21060.625895,7034.218563,4631.714163,0.0
2025-03-04,4-2,C,49784.217747,159.06636,22309.939945,17290.890603,4631.714163,5498.559444,0.0
2025-03-05,4-2,C,52688.355491,713.679019,26328.140411,20141.209255000005,5498.559444,6814.764419,0.0
2025-03-06,4-2,C,47381.545679,2106.128142,27252.463139,20067.831848,6814.764419,9044.390302,0.0
2025-03-07,4-2,C,14146.94023,852.043062,25480.020839999997,19299.902233,9044.390302,10532.073243,0.0
2025-03-08,4-2,C,12312.49476,2355.945803,22952.692455000004,18982.516414,10532.073243,10097.811549,0.0
2025-03-09,4-2,C,45831.168552,1095.386163,23626.630313999998,20251.930715000002,10097.811549,8859.633591,0.0
2025-03-10,4-2,C,43861.787979,3663.351429,18903.708033,16777.636469,8859.633591,7231.152523,0.0
2025-03-11,4-2,C,39674.637715,6560.903884000001,16321.658940000001,13257.736468,7231.152523,7189.82727,0.0
2025-03-12,4-2,C,47066.6027,732.724026,22542.724475,18535.894837,7189.82727,6882.840591,0.0
2025-03-13,4-2,C,45838.589702,2140.2278610000003,20088.522804,16676.758832,6882.840591,6432.779079,0.0
2025-03-14,4-2,C,13651.887146,1178.074677,26196.773830000002,17629.328415,6432.779079,10421.732843,0.0
2025-03-15,4-2,C,12380.113565,1510.352202,23958.804621000003,20082.211891,10421.732843,9671.088234,0.0
2025-03-16,4-2,C,44674.00466,342.990675,22364.807583,19835.02104,9671.088234,7760.502795,0.0
2025-03-17,4-2,C,38377.246736,193.27428700000002,19273.928189000002,18222.5538,7760.502795,4859.756167,0.0
2025-03-18,4-2,C,47473.2842,0.0,26008.090122,17990.198122,4859.756167,8277.928252,0.0
2025-03-19,4-2,C,36787.650723,3036.9186499999996,17403.136046,16394.24521,8277.928252,5724.922681,0.0
2025-03-20,4-2,C,44265.524073,1077.214745,21437.405575999997,17225.173369,5724.922681,5879.506177,0.0
2025-03-21,4-2,C,13479.53875,1280.66936,26784.786605,17995.528463000002,5879.506177,9990.782497,0.0
2025-03-22,4-2,C,12977.319737,563.408645,23355.567851,18812.292406,9990.782497,10108.246445,0.0
2025-03-23,4-2,C,42224.222093,0.0,20088.131475,19863.371433,10108.246445,6117.152068,0.0
2025-03-24,4-2,C,40462.917533,15.104346,22607.053257,18250.605731000003,6117.152068,6185.049187,0.0
2025-03-25,4-2,C,44934.746347,971.9326080000001,24277.109545,20490.634231,6185.049187,5267.07641,0.0
2025-03-26,4-2,C,39577.093277,1024.741779,24909.075012999998,18185.852612000002,5267.07641,7478.741017,0.0
2025-03-27,4-2,C,41253.116727,21.591591,21831.005054,17450.82607,7478.741017,7736.838819,0.0
2025-03-28,4-2,C,13180.766271,1642.745376,26653.177222,19257.410604,7736.838819,10327.575425,0.0
2025-03-29,4-2,C,11377.191802,3069.857712,23588.968467,19615.151827,10327.575425,9763.033904,0.0
2025-03-30,4-2,C,38402.252478,48.857451,20054.057169,18091.075248999998,9763.033904,7710.490633,0.0
2025-03-31,4-2,C,34417.281855,3705.321405,15378.111314000002,14119.109226,7710.490633,5862.891675,0.0
2025-04-01,4-2,C,44083.676328,605.541614,22187.318341000002,18240.476808000003,5862.891675,5564.281729,0.0
2025-04-02,4-2,C,40231.618292,2247.496504,20564.482986,14710.268338,5564.281729,7727.573817,0.0
2025-04-03,4-2,C,41386.197739,73.20012700000001,21527.929165999998,18920.070843,7727.573817,6080.409129,0.0
2025-04-04,4-2,C,12202.926008,511.817169,25892.961118,17415.025482999998,6080.409129,10034.04582,0.0
2025-04-05,4-2,C,11230.875512,362.11714600000005,22368.287901,18346.665584000002,10034.04582,9780.320951,0.0
2025-04-06,4-2,C,36786.963836,0.0,20449.470674,18749.532155999997,9780.320951,7352.031051,0.0
2025-04-07,4-2,C,32554.083583,2130.341292,16582.87524,15218.836506,7352.031051,5366.800426,0.0
2025-04-08,4-2,C,41791.588076,471.581756,24015.208651999998,18585.394173,5366.800426,6330.050245,0.0
2025-04-09,4-2,C,38950.947034,1745.283409,20194.718877,15264.273098,6330.050245,7544.993793,0.0
2025-04-10,4-2,C,37117.303665,123.93599,21657.240067,18552.696147,7544.993793,6422.403024,0.0
2025-04-11,4-2,C,11604.20169,1591.938022,24355.965255,16702.805975,6422.403024,9784.098447,0.0
2025-04-12,4-2,C,11460.145811,1371.920629,22448.290189,18051.515787,9784.098447,9930.319853,0.0
2025-04-13,4-2,C,33451.203828,2260.035851,17707.488398,16874.451122,9930.319853,7117.669275,0.0
2025-04-14,4-2,C,37720.737665,223.224026,22143.487999999998,18752.60354,7117.669275,6210.582319,0.0
2025-04-15,4-2,C,32659.098482,2268.645362,21179.500313,15666.38578,6210.582319,7865.037291,0.0
2025-04-16,4-2,C,34715.826354,2040.2648640000004,17122.01483,17125.850199,7865.037291,4246.128195,0.0
2025-04-17,4-2,C,33828.675301,2305.753022,20044.440399000003,16092.205788,4246.128195,4405.895899,0.0
2025-04-18,4-2,C,12528.946067,72.760055,27400.668653999997,16818.074656,4405.895899,10379.748071,0.0
2025-04-19,4-2,C,9813.079953,792.200367,25197.061788,21498.270033,10379.748071,9170.136977,0.0
2025-04-20,4-2,C,31633.975229,1831.3767149999999,16361.361735,16801.949159,9170.136977,5226.53014,0.0
2025-04-21,4-2,C,34822.960064,36.416844000000005,23045.662996000003,19681.954464,5226.53014,4098.788543,0.0
2025-04-22,4-2,C,34103.940137,1871.0281000000002,22364.098023,15637.780012,4098.788543,6851.16564,0.0
2025-04-23,4-2,C,31513.214246,3469.141052,17596.991068000003,14614.009026,6851.16564,6450.669795,0.0
2025-04-24,4-2,C,31902.223161,284.62723500000004,20343.491396999998,17176.871747,6450.669795,5674.399,0.0
2025-04-25,4-2,C,11455.856713,1705.584276,26235.414919,17489.069206,5674.399,9853.97331,0.0
2025-04-26,4-2,C,10250.037422,1463.168911,22626.829236999998,18381.1904,9853.97331,9794.574735,0.0
2025-04-27,4-2,C,28811.828155,2002.4589549999998,16314.978292,17592.930155,9794.574735,4930.355025,0.0
2025-04-28,4-2,C,39439.329147,1907.532036,21949.380515999997,16732.839378,4930.355025,6092.753735,0.0
2025-04-29,4-2,C,29871.038425,1147.606831,16823.473745,15548.03221,6092.753735,3958.288761,0.0
2025-04-30,4-2,C,31926.002984,1775.749791,21352.896279,14500.431359999999,3958.288761,7064.305011,0.0
2025-05-01,4-2,C,33366.108658,2536.187133,19678.427461,17235.774308,7064.305011,5624.029385,0.0
2025-05-02,4-2,C,12884.456674,5281.146761,21553.861254,14101.00241,5624.029385,9354.724059,0.0
2025-05-03,4-2,C,10667.122463,4775.53851,22320.538270999998,18504.828565,9354.724059,8882.287875,0.0
2025-05-04,4-2,C,34844.58093,1023.081862,19164.665738,17745.929365999997,8882.287875,6412.787743,0.0
2025-05-05,4-2,C,37761.972774,1261.780481,19361.540582999998,16732.420168,6412.787743,5246.596301,0.0
2025-05-06,4-2,C,33450.44519,4221.072507999999,20833.401012,16628.045048999997,5246.596301,5521.051602,0.0
2025-05-07,4-2,C,35232.32784,3780.686623,17853.828944999997,14139.648726,5521.051602,5878.776845,0.0
2025-05-08,4-2,C,37645.325644,617.213771,18754.099232,16966.679822,5878.776845,3905.599685,0.0
2025-05-09,4-2,C,14086.106343,168.328049,27024.989552,16944.991402,3905.599685,9400.322055,0.0
2025-05-10,4-2,C,13344.76325,1227.788398,21345.051145999998,17515.262167,9400.322055,9149.465678,0.0
2025-05-11,4-2,C,34875.477702,487.7994,15462.196680000001,18267.208373,9149.465678,2768.544498,0.0
2025-05-12,4-2,C,34217.94705,3084.5439599999995,18078.419361,13228.426998,2768.544498,4340.869701,0.0
2025-05-13,4-2,C,37839.875331,215.89660099999998,20108.683639999996,16711.580830000003,4340.869701,3870.261832,0.0
2025-05-14,4-2,C,39665.382184,848.617606,22389.472671,15680.513394000001,3870.261832,6597.994576,0.0
2025-05-15,4-2,C,37528.508548,1999.4188910000003,17531.882725,14213.884724,6597.994576,6583.483778,0.0
2025-05-16,4-2,C,13438.527732,1285.6141300000002,24483.470651999996,17257.918608,6583.483778,9443.142245,0.0
2025-05-17,4-2,C,12716.593517,1101.274083,21632.826093999996,17674.400697999998,9443.142245,9274.462731,0.0
2025-05-18,4-2,C,36994.613596,518.5810260000001,16335.570577,16509.485906,9274.462731,5632.603021,0.0
2025-05-19,4-2,C,34493.54272,0.0,18633.70021,15694.679199,5632.603021,4964.400766,0.0
2025-05-20,4-2,C,34737.209007,2511.9859509999997,16927.392676,14591.665175999999,4964.400766,3986.092867,0.0
2025-05-21,4-2,C,33615.060185,2474.292413,16137.864877,13519.128952,3986.092867,3488.916866,0.0
2025-05-22,4-2,C,34273.440817,304.111798,19892.613694,16704.429110999998,3488.916866,2831.7924,0.0
2025-05-23,4-2,C,13582.962506,1082.112746,26112.255446000003,14664.894217000001,2831.7924,10038.495393,0.0
2025-05-24,4-2,C,12345.928413,801.126252,26823.281145,21989.093341999996,10038.495393,9747.122489,0.0
2025-05-25,4-2,C,32889.138108,0.0,15711.974626000001,17508.648739,9747.122489,4433.845498,0.0
2025-05-26,4-2,C,34515.231549,3608.04935,14872.467464000001,13022.994870000002,4433.845498,3349.071916,0.0
2025-05-27,4-2,C,33611.532693,2226.984074,19451.355850999997,14327.920741,3349.071916,4935.380249,0.0
2025-05-28,4-2,C,36731.070778,24.29411,19501.950929999995,16320.116839,4935.380249,4353.672932,0.0
2025-05-29,4-2,C,36541.556137,1097.1619489999998,18970.201701,15647.430436,4353.672932,4040.820645,0.0
2025-05-30,4-2,C,14398.96335,1088.998468,24833.619432,15208.226988999999,4040.820645,9493.048146,0.0
2025-05-31,4-2,C,12848.594656,1857.838138,21898.28181,17365.722146,9493.048146,9906.254946,0.0
2025-06-01,4-2,C,48816.240293,4235.740365000001,18271.368945,21212.698013999998,9906.254946,2780.822538,0.0
2025-06-02,4-2,C,51737.559741,3408.68133,21859.154667,17895.869403999997,2780.822538,2569.762401,0.0
2025-06-03,4-2,C,46751.466501,3290.542452,21382.663098999998,17740.010347,2569.762401,2103.036583,0.0
2025-06-04,4-2,C,54691.668908,2456.730708,24139.642192000003,19030.557534,2103.036583,2683.650629,0.0
2025-06-05,4-2,C,47614.66725,5777.902649,20507.890402,15547.804734000001,2683.650629,3865.413398,0.0
2025-06-06,4-2,C,19788.929557,4047.50858,14025.630567999999,10964.41612,3865.413398,4305.796332,0.0
2025-06-07,4-2,C,20824.386949,2222.079374,22152.07876,15667.140006000001,4305.796332,6834.733877,0.0
2025-06-08,4-2,C,51813.792802,54.227386,18151.812347,15949.153189,6834.733877,5450.083669,0.0
2025-06-09,4-2,C,61146.326895,0.0,24357.002395000003,18933.870246,5450.083669,6333.752221,0.0
2025-06-10,4-2,C,54007.954617,1125.703392,19613.990819000002,18058.680235,6333.752221,3921.143697,0.0
2025-06-11,4-2,C,61017.528239,1764.713564,23415.7492,18943.324609000003,3921.143697,3947.179521,0.0
2025-06-12,4-2,C,58928.736013,0.0,23227.521291999998,17410.730787,3947.179521,5506.692254,0.0
2025-06-13,4-2,C,22497.71021,110.82619399999999,22061.978027,14998.486632999999,5506.692254,8697.487329,0.0
2025-06-14,4-2,C,22457.632401,83.428539,22687.16535,18498.489201000004,8697.487329,8562.059255,0.0
2025-06-15,4-2,C,52243.262116,1454.542905,18721.454139999998,19193.204443,8562.059255,4085.585267,0.0
2025-06-16,4-2,C,56141.854895,506.063867,19801.85836,16018.699999,4085.585267,4108.702236,0.0
2025-06-17,4-2,C,56915.583368,2653.478781,19046.472561,16305.938339,4108.702236,3132.818275,0.0
2025-06-18,4-2,C,59175.731083,1302.143368,23736.007046000002,16261.118578000001,3132.818275,6427.315085,0.0
2025-06-19,4-2,C,51776.139223,0.0,19193.152144,15741.480623,6427.315085,6210.61799,0.0
2025-06-20,4-2,C,22249.856078,0.0,24184.060625,17326.657306,6210.61799,8724.431102,0.0
2025-06-21,4-2,C,19768.959733,401.592666,24085.009512,19865.109845,8724.431102,8328.59539,0.0
2025-06-22,4-2,C,49144.148554,943.846312,18137.860281999998,17531.083467,8328.59539,5173.688014,0.0
2025-06-23,4-2,C,52679.2974,0.0,19439.816393999998,15911.419828999999,5173.688014,4990.167403,0.0
2025-06-24,4-2,C,60616.109212,960.487974,22628.724091,18621.545825,4990.167403,4665.412613,0.0
2025-06-25,4-2,C,52186.01426,1543.977568,15912.888825999999,14406.942564999998,4665.412613,2979.298594,0.0
2025-06-26,4-2,C,51928.110059,10.975359,19181.750172,14622.525802999999,2979.298594,3995.622856,0.0
2025-06-27,4-2,C,22151.1437,0.0,26549.260726,16301.142641999999,3995.622856,9777.576796,0.0
2025-06-28,4-2,C,19071.069659,266.764916,23848.847443,19885.641163,9777.576796,9146.382648,0.0
2025-06-29,4-2,C,45657.988468,3206.144079,12753.471721000002,15447.876667,9146.382648,3460.199789,0.0
2025-06-30,4-2,C,52995.488654,0.0,20200.984304999998,15470.240289000001,3460.199789,4451.929787,0.0
2025-07-01,4-2,C,50592.399136,12781.800446,10316.276784,11087.329407,4451.929787,1417.323995,0.0
2025-07-02,4-2,C,51672.867608,9580.697607,13023.880749999998,10358.400039999999,1417.323995,1629.483292,0.0
2025-07-03,4-2,C,58623.544646,7106.789624,15398.876397,12235.631027,1629.483292,1893.326464,0.0
2025-07-04,4-2,C,22229.574458,6785.711421,21251.483631,13233.807905999998,1893.326464,6315.430726,0.0
2025-07-05,4-2,C,22143.131516,3927.100157,21200.322865,17793.694405,6315.430726,5624.949744,0.0
2025-07-06,4-2,C,53342.612175,12709.75265,10373.035194000002,12330.364549999998,5624.949744,1260.276361,0.0
2025-07-07,4-2,C,54225.863635,6465.740445,15010.122127,11917.579695,1260.276361,1527.631061,0.0
2025-07-08,4-2,C,73603.149491,40.26285,26583.69802,18081.709718000002,1527.631061,5362.170704,0.0
2025-07-09,4-2,C,67429.77135,0.0,22037.667779000003,17497.212621000002,5362.170704,5754.724348,0.0
2025-07-10,4-2,C,67427.500991,737.484265,22395.661708,17582.262715,5754.724348,6374.972425,0.0
2025-07-11,4-2,C,31313.8583,93.490295,25060.765962,17405.266836,6374.972425,9590.476415,0.0
2025-07-12,4-2,C,28780.22107,514.693498,26606.34513,22984.416024,9590.476415,7997.947008,0.0
2025-07-13,4-2,C,63226.79629,0.0,20416.653341999998,18435.779562,7997.947008,5888.735502,0.0
2025-07-14,4-2,C,63357.637202,122.572855,20268.938306000004,18552.078547,5888.735502,3517.35937,0.0
2025-07-15,4-2,C,62488.882091,0.0,22312.053322,16610.029632,3517.35937,5142.61888,0.0
2025-07-16,4-2,C,63169.56297,0.0,21881.522059,16852.622352,5142.61888,6110.852787,0.0
2025-07-17,4-2,C,62375.1997,0.0,21243.347528,17283.966186,6110.852787,6025.458688,0.0
2025-07-18,4-2,C,31761.049615,0.0,23972.379685,17782.642989999997,6025.458688,7842.108194,0.0
2025-07-19,4-2,C,29447.76842,2278.868875,24976.093362,20834.890923,7842.108194,7170.713416,0.0
2025-07-20,4-2,C,62249.448839,345.548448,21128.151195000002,17914.993975,7170.713416,6280.500632,0.0
2025-07-21,4-2,C,66458.095923,233.5131,26978.495965999995,22091.838572999997,6280.500632,6014.659698,0.0
2025-07-22,4-2,C,61940.648807,2016.270527,20391.705949000003,17778.300182,6014.659698,4613.528183,0.0
2025-07-23,4-2,C,68674.433022,0.0,24833.145665,19710.311585,4613.528183,5063.013077,0.0
2025-07-24,4-2,C,68436.624766,0.0,25425.756203,20035.110016,5063.013077,5684.960308,0.0
2025-07-25,4-2,C,28801.766487,287.093937,26589.951746,20309.89834,5684.960308,7049.363168,0.0
2025-07-26,4-2,C,28305.733543,69.135784,26489.154215,20787.61346,7049.363168,7792.253673,0.0
2025-07-27,4-2,C,60045.961605,0.0,18533.503805,17342.478825,7792.253673,5202.986182,0.0
2025-07-28,4-2,C,69055.646103,237.583337,23182.131914999998,19193.747702,5202.986182,4740.518571,0.0
2025-07-29,4-2,C,60822.928755,604.324644,19735.913804,17376.147485,4740.518571,3196.010456,0.0
2025-07-30,4-2,C,57825.15421,4921.241819,15940.600916,12203.883761000001,3196.010456,3982.680437,0.0
2025-07-31,4-2,C,58813.434638,1881.829261,19216.326927000002,15114.697922,3982.680437,4483.265868,0.0
2025-08-01,4-2,C,28995.003779,515.681472,28032.385266,19567.655613,4483.265868,7970.573036,0.0
2025-08-02,4-2,C,27277.647747,183.202076,25953.22057,21469.540464,7970.573036,7473.426589,0.0
2025-08-03,4-2,C,50624.252634,871.602575,16701.462753,16251.576162000001,7473.426589,4447.436221,0.0
2025-08-04,4-2,C,57388.627722,564.9467,21585.030631999998,17063.925228,4447.436221,4914.046872,0.0
2025-08-05,4-2,C,55807.478854,77.250617,22128.473547,17169.359425,4914.046872,5752.607038,0.0
2025-08-06,4-2,C,60988.685185,1008.052141,19896.541039,16432.792860999998,5752.607038,5400.835238,0.0
2025-08-07,4-2,C,58452.355239,0.0,21731.486398,17388.820044,5400.835238,5638.261834,0.0
2025-08-08,4-2,C,26254.762364,830.8031149999999,27343.445650999998,20291.256555,5638.261834,7701.522304,0.0
2025-08-09,4-2,C,27951.423627,1421.053729,27386.685449999997,22719.906698,7701.522304,7105.198433,0.0
2025-08-10,4-2,C,55779.574196,259.719409,19516.890409000003,16557.207668000003,7105.198433,6273.502393,0.0
2025-08-11,4-2,C,56128.930681,0.0,20320.600473,17122.574664,6273.502393,5536.959857,0.0
2025-08-12,4-2,C,57121.626802,291.299883,18163.654681,15995.660631,5536.959857,4111.292813,0.0
2025-08-13,4-2,C,53525.03923,673.606095,17286.580029,14193.305074,4111.292813,3898.875868,0.0
2025-08-14,4-2,C,59352.01683,0.455017,25361.389641,19103.706422,3898.875868,5497.786077,0.0
2025-08-15,4-2,C,28501.826362,927.5073550000001,28235.227323,21990.92007,5497.786077,6475.135035,0.0
2025-08-16,4-2,C,28938.332594,451.738482,28523.852574999997,20132.00611,6475.135035,9777.706675,0.0
2025-08-17,4-2,C,52246.115735,0.0,16281.169517,17524.659493,9777.706675,4958.915359,0.0
2025-08-18,4-2,C,56123.57226,0.0,22631.151443,18354.474163,4958.915359,4933.091477,0.0
2025-08-19,4-2,C,54751.05199,0.0,18527.528455000003,14761.49809,4933.091477,5206.202543,0.0
2025-08-20,4-2,C,59293.987342,1379.45719,19944.602108,16390.71333,5206.202543,4944.44074,0.0
2025-08-21,4-2,C,57211.81593,24.36904,21723.394732,16797.354831,4944.44074,5831.768408,0.0
2025-08-22,4-2,C,25209.339177,848.494378,23972.697068999998,18460.927212,5831.768408,6895.054425,0.0
2025-08-23,4-2,C,24506.409579,764.735803,25081.817324000003,19255.787877000002,6895.054425,8073.370153,0.0
2025-08-24,4-2,C,53688.055763,117.791753,19279.884080999997,17849.104213,8073.370153,5592.927811,0.0
2025-08-25,4-2,C,67732.020958,18.3469,23742.953034,21310.049230000004,5592.927811,3283.753062,0.0
2025-08-26,4-2,C,55427.685936,385.92159300000003,20493.506719,14921.838991,3283.753062,5148.088008,0.0
2025-08-27,4-2,C,56426.301573,30.643933,19840.538082,16188.682731,5148.088008,5017.147023,0.0
2025-08-28,4-2,C,51570.869231,4124.889804,15429.232536000001,14010.031255000002,5017.147023,3336.75491,0.0
2025-08-29,4-2,C,28048.280847,1107.798994,27871.777475999996,17380.799081,3336.75491,9109.35566,0.0
2025-08-30,4-2,C,25912.301795,682.1141749999999,27476.096299999997,22814.709856999998,9109.35566,8488.164712,0.0
2025-08-31,4-2,C,51973.310677,457.135998,15590.230992,16700.286044,8488.164712,3963.499223,0.0
2025-09-01,4-2,C,51888.111074,537.208083,26875.157608,17965.865956,3963.499223,8189.067786,0.0
2025-09-02,4-2,C,44150.021592,235.776733,21032.867124999997,17863.715468,8189.067786,7270.075458,0.0
2025-09-03,4-2,C,49618.424,405.605048,23967.138067,18601.157347,7270.075458,8172.547108,0.0
2025-09-04,4-2,C,46786.381879,163.566365,25879.171671,22239.658777999997,8172.547108,6753.069637,0.0
2025-09-05,4-2,C,20444.950743,55.884627,29250.081762,21256.263157,6753.069637,9460.073048,0.0
2025-09-06,4-2,C,14694.432631,1932.23911,22440.602277,18828.276621,9460.073048,8736.30774,0.0
2025-09-07,4-2,C,37438.213716,1751.7122880000002,21769.450036,18611.533946,8736.30774,7649.33061,0.0
2025-09-08,4-2,C,34896.427103,10602.931284,20074.928666,15474.148806000001,7649.33061,8523.267735,0.0
2025-09-09,4-2,C,36265.07939,6340.543833,16687.356035,16850.416665,8523.267735,4819.202984,0.0
2025-09-10,4-2,C,41730.134168,5107.593643,19631.567189,17245.447559999997,4819.202984,3326.005053,0.0
2025-09-11,4-2,C,42990.236228,2420.525388,24910.07402,19687.654195,3326.005053,3869.900343,0.0
2025-09-12,4-2,C,15367.392288,1811.7615700000001,19962.782468999998,14532.868548,3869.900343,5688.772846,0.0
2025-09-13,4-2,C,14651.807307,1878.2092579999999,20292.625273999998,16241.672625,5688.772846,5905.832676,0.0
2025-09-14,4-2,C,46413.41376,4695.2473039999995,20352.510112,18374.287969,5905.832676,3807.216255,0.0
2025-09-15,4-2,C,40548.909409,2193.894611,23235.776254,19282.477288000002,3807.216255,3294.440121,0.0
2025-09-16,4-2,C,47252.375861,669.4375890000001,22371.44834,18695.232665,3294.440121,2656.262889,0.0
2025-09-17,4-2,C,46698.86525,404.91488599999997,23804.613853999996,17256.703154000003,2656.262889,4906.300741,0.0
2025-09-18,4-2,C,39801.376618,2443.512375,18335.730928,15461.501997,4906.300741,4229.011914,0.0
2025-09-19,4-2,C,15785.512307,1259.727665,19897.950615,14722.883831000001,4229.011914,5778.407656,0.0
2025-09-20,4-2,C,15281.337589,2529.330755,20673.904794000002,16200.851889,5778.407656,6383.975426,0.0
2025-09-21,4-2,C,43763.978378,1502.437923,21654.697964,18717.399701,6383.975426,5076.092814,0.0
2025-09-22,4-2,C,48240.67829,2084.648256,19499.167788,17137.124848,5076.092814,3584.093994,0.0
2025-09-23,4-2,C,48371.02517,3430.304765,20295.938830000003,16287.535253,3584.093994,3753.177548,0.0
2025-09-24,4-2,C,40962.724448,4118.26335,19067.330015,15200.829737,3753.177548,4023.963745,0.0
2025-09-25,4-2,C,44746.249049,677.894688,21810.618728999998,17936.781355,4023.963745,3723.763539,0.0
2025-09-26,4-2,C,16151.412549,467.295942,20071.100379,14532.398239,3723.763539,5640.644725,0.0
2025-09-27,4-2,C,15592.45729,3423.3398450000004,17337.036526,13986.119249000001,5640.644725,5703.845101,0.0
2025-09-28,4-2,C,44722.0739,1223.448376,19403.215263,16645.563608,5703.845101,4671.668162,0.0
2025-09-29,4-2,C,48326.2898,2162.4712219999997,21973.409884,18027.286925,4671.668162,4417.418253,0.0
2025-09-30,4-2,C,48038.164916,2087.9394199999997,19894.852371999998,16113.539871,4417.418253,4418.8522,0.0
2025-10-01,4-2,C,41369.155174,441.159276,24286.239786,18417.863543000003,4418.8522,5812.175182,0.0
2025-10-02,4-2,C,46730.248356,1.692478,23568.12932,17113.939254999998,5812.175182,8008.003508,0.0
2025-10-03,4-2,C,12950.436325,685.382544,22895.295404,17958.30719,8008.003508,8660.094716,0.0
2025-10-04,4-2,C,14598.498785,218.570074,19082.249348999998,15762.771638999999,8660.094716,8319.928421,0.0
2025-10-05,4-2,C,43014.605017,198.474636,19341.408938,18223.518120999997,8319.928421,5478.842998,0.0
2025-10-06,4-2,C,40470.880696,858.606084,18263.024294000003,15040.646911000002,5478.842998,5203.73496,0.0
2025-10-07,4-2,C,42874.33577,899.0712169999999,24127.15886,17409.376598000003,5203.73496,7574.426157,0.0
2025-10-08,4-2,C,37540.835972,931.5525969999999,19937.57493,18036.734404,7574.426157,5477.427588,0.0
2025-10-09,4-2,C,44491.328681,2528.97997,23352.053627999998,18813.899366,5477.427588,5589.943222,0.0
2025-10-10,4-2,C,13668.519637,3146.338076,22094.125243000002,16008.934462000001,5589.943222,7686.950984,0.0
2025-10-11,4-2,C,13326.107778,1953.659028,20275.465352,16143.953811,7686.950984,7997.143344,0.0
2025-10-12,4-2,C,39050.277877,2597.477425,17959.745381,17303.309792,7997.143344,4935.014417,0.0
2025-10-13,4-2,C,42192.992192,2527.17047,22129.10709,17793.505395,4935.014417,5080.649248,0.0
2025-10-14,4-2,C,44671.582761,3432.0377249999997,19629.138748,15898.020005,5080.649248,5082.407448,0.0
2025-10-15,4-2,C,46491.402369,2036.128564,20982.432231000003,16666.24774,5082.407448,5448.543411,0.0
2025-10-16,4-2,C,45746.861753,2566.746307,21840.501104,16426.588348999998,5448.543411,6853.229572,0.0
2025-10-17,4-2,C,13094.490586,2142.583815,20091.027499000003,15279.178328999998,6853.229572,7958.289511,0.0
2025-10-18,4-2,C,13922.359225,1973.223291,18350.466425,15134.96091,7958.289511,7657.086061,0.0
2025-10-19,4-2,C,45543.154074,3743.61611,17089.882207000002,15999.378346,7657.086061,5260.892998,0.0
2025-10-20,4-2,C,49625.595932,2237.13566,21562.817213000002,17436.219265,5260.892998,5293.851529,0.0
2025-10-21,4-2,C,47910.477528,2779.3341149999997,20324.029932999998,16448.996099,5293.851529,5308.816138,0.0
2025-10-22,4-2,C,46546.624083,4671.894966999999,22101.618701,17656.144744999998,5308.816138,5582.334362,0.0
2025-10-23,4-2,C,53889.93207,1512.9480360000002,19907.934073999997,17031.899224,5582.334362,4575.142557,0.0
2025-10-24,4-2,C,14260.466677,3150.510378,19827.453633,14237.351495,4575.142557,6600.571389,0.0
2025-10-25,4-2,C,13820.215014,3373.034922,19954.548789,15134.168679999999,6600.571389,7743.922323,0.0
2025-10-26,4-2,C,48767.348599,1501.2482499999999,19211.891581000003,18017.565118,7743.922323,5015.107947,0.0
2025-10-27,4-2,C,45559.229153,2480.936294,18610.22102,15175.615655,5015.107947,4902.511691,0.0
2025-10-28,4-2,C,45622.638742,2945.297918,17262.317282,13612.821050000002,4902.511691,5313.240523,0.0
2025-10-29,4-2,C,50130.838022,2824.3220850000002,18133.492662999997,15333.635394,5313.240523,4596.011259,0.0
2025-10-30,4-2,C,44843.753804,2841.984413,20240.448915,15822.638588,4596.011259,5231.70574,0.0
2025-10-31,4-2,C,16128.598538,3787.615949,19573.950729,12779.710231,5231.70574,8648.583363,0.0
2025-11-01,4-2,C,14078.952632,2656.7176310000004,19782.195308000002,16526.609482999997,8648.583363,8089.659714,0.0
2025-11-02,4-2,C,47903.047708,1780.3459520000001,16598.291564,16856.314837,8089.659714,4298.883415,0.0
2025-11-03,4-2,C,54591.39487,1127.925078,21972.676061,18049.459161000002,4298.883415,4019.337246,0.0
2025-11-04,4-2,C,48437.965972,2041.9430270000003,20614.148754999995,17019.899275,4019.337246,3661.071932,0.0
2025-11-05,4-2,C,56826.969438,503.649018,22470.929857000003,17556.284084,3661.071932,4377.926488,0.0
2025-11-06,4-2,C,51374.270124,3092.11348,20279.858052,15970.763282,4377.926488,4884.506198,0.0
2025-11-07,4-2,C,15528.839108,2069.092968,23806.183039,16276.773343,4884.506198,8224.767218,0.0
2025-11-08,4-2,C,14870.713169,1951.483976,20480.049543,15733.153367999997,8224.767218,9175.530288,0.0
2025-11-09,4-2,C,51578.752017,2818.468684,14689.105873,16369.865242,9175.530288,4206.986415,0.0
2025-11-10,4-2,C,55940.432369,2496.8493579999995,21888.28476,16204.568199000001,4206.986415,5901.366922,0.0
2025-11-11,4-2,C,55673.548859,2021.861066,16554.987251000002,16090.147959000002,5901.366922,2922.913272,0.0
2025-11-12,4-2,C,52591.831877,920.4872609999999,21743.426678000003,17256.37345,2922.913272,3318.249005,0.0
2025-11-13,4-2,C,51846.332154,5284.863921,19706.112345,15024.231207,3318.249005,4360.159886,0.0
2025-11-14,4-2,C,16141.727104,3902.372658,20002.084511,12607.942648999999,4360.159886,8353.210781,0.0
2025-11-15,4-2,C,16029.782893,2285.932771,17182.437253999997,14038.313924000002,8353.210781,8219.277726,0.0
2025-11-16,4-2,C,52542.532964,3348.4287859999995,17121.293308,17250.043168000004,8219.277726,4461.727071,0.0
2025-11-17,4-2,C,54051.583699,1495.724958,21182.546942,16667.401152,4461.727071,5006.684707,0.0
2025-11-18,4-2,C,55350.128333,2806.519266,18434.784937999997,15277.346636999999,5006.684707,4623.161553,0.0
2025-11-19,4-2,C,55939.807838,4335.883608,22641.541803,16369.235488,4623.161553,6812.509745,0.0
2025-11-20,4-2,C,53173.361256,4091.0901510000003,16181.117039,15313.847911,6812.509745,4360.128511,0.0
2025-11-21,4-2,C,17353.147325,3243.8794319999997,22607.030536,13442.996820999999,4360.128511,9769.79286,0.0
2025-11-22,4-2,C,16820.939428,3524.0751569999998,18412.575365,16508.646235,9769.79286,7998.170428,0.0
2025-11-23,4-2,C,53900.726558,2142.5948349999994,17232.917902,16720.271531,7998.170428,4929.71706,0.0
2025-11-24,4-2,C,53478.878311,2129.022413,20035.307272,16780.846671,4929.71706,4316.108415,0.0
2025-11-25,4-2,C,62952.43314,946.864627,21373.539705,18063.611356999998,4316.108415,3481.614865,0.0
2025-11-26,4-2,C,59884.113747,1530.50249,19918.437334999995,15813.682076000001,3481.614865,3837.450605,0.0
2025-11-27,4-2,C,57803.334581,2284.0510609999997,20005.542877,15991.890764,3837.450605,4073.671677,0.0
2025-11-28,4-2,C,17558.569848,4814.982366,23952.243069,14107.440418,4073.671677,9955.756642,0.0
2025-11-29,4-2,C,19172.465567,4186.562715,20043.705890999998,17927.633120000002,9955.756642,8075.499589,0.0
2025-11-30,4-2,C,58689.564,3017.609005,16440.140267,16490.294450999998,8075.499589,4549.076441,0.0
2025-12-01,4-2,C,67374.038395,3928.9723549999994,19967.628288,16869.679537,4549.076441,3775.853527,0.0
2025-12-02,4-2,C,71878.138444,4515.040871,22235.37272,16210.774448999999,3775.853527,5775.717363,0.0
2025-12-03,4-2,C,61253.410639,9840.570298,16030.445667,13460.161397,5775.717363,5247.383578,0.0
2025-12-04,4-2,C,70477.980968,5550.948563,20094.303207,15550.032717,5247.383578,6054.442334,0.0
2025-12-05,4-2,C,22726.126694,4409.082619999999,22355.861022,15396.086219,6054.442334,9067.954789,0.0
2025-12-06,4-2,C,20839.09935,4176.112683000001,21955.083444,17775.583895000003,9067.954789,9076.881115,0.0
2025-12-07,4-2,C,68048.803922,1867.131818,14894.309299,18431.440593,9076.881115,2002.381045,0.0
2025-12-08,4-2,C,76953.417526,1579.6002180000003,25369.701265,18651.625582,2002.381045,4111.083758,0.0
2025-12-09,4-2,C,73841.869671,772.8058430000001,23020.582757999997,19878.241378,4111.083758,2742.673375,0.0
2025-12-10,4-2,C,73984.705076,1997.662143,28811.528185000003,19107.351427,2742.673375,7442.658267,0.0
2025-12-11,4-2,C,73941.18819,0.0,24828.623238,18963.957992000003,7442.658267,8717.354747,0.0
2025-12-12,4-2,C,23557.958357,1762.791268,23769.519705,18227.698934,8717.354747,9856.923666,0.0
2025-12-13,4-2,C,24427.16289,3014.626036,21636.087026,17833.273742,9856.923666,9514.653387,0.0
2025-12-14,4-2,C,68722.43524,2891.185859,20847.311416999997,19573.009293000003,9514.653387,6529.445559,0.0
2025-12-15,4-2,C,71175.299143,3994.039301,21635.33367,17344.747227,6529.445559,6729.304499,0.0
2025-12-16,4-2,C,75951.011471,987.789229,25207.439976999998,19460.073183000004,6729.304499,7793.696942,0.0
2025-12-17,4-2,C,73016.896164,1075.846135,19835.15105,18598.127962,7793.696942,4980.74626,0.0
2025-12-18,4-2,C,70977.660775,988.288767,23773.707891000002,18266.568400999997,4980.74626,6080.896251,0.0
2025-12-19,4-2,C,27736.62832,418.985747,24203.948637,17304.474553,6080.896251,8637.256075,0.0
2025-12-20,4-2,C,23780.68316,936.3255040000001,23089.326588,18203.202579999997,8637.256075,9191.869361,0.0
2025-12-21,4-2,C,72625.752346,0.0,21736.352002,19899.054114,9191.869361,6644.526036,0.0
2025-12-22,4-2,C,73178.91773,1949.9189470000001,20536.270775999998,17827.889092,6644.526036,5318.404074,0.0
2025-12-23,4-2,C,74742.842608,130.170995,22782.913167,19169.543766,5318.404074,4523.532851,0.0
2025-12-24,4-2,C,82087.8126,0.0,26534.836729999995,19148.9318,4523.532851,7128.295018,0.0
2025-12-25,4-2,C,67895.764783,2829.058944,21651.175294,18153.353911,7128.295018,6443.959548,0.0
2025-12-26,4-2,C,25326.312352,1041.9767189999998,25978.778896,17988.691782,6443.959548,9837.42524,0.0
2025-12-27,4-2,C,22611.27402,2084.1254259999996,21166.109159,17147.813384,9837.42524,9833.797501,0.0
2025-12-28,4-2,C,69827.296581,42.01424,20578.480301,19369.520786999998,9833.797501,6832.740009,0.0
2025-12-29,4-2,C,72277.653309,0.0,23127.135015,19685.003257,6832.740009,5774.935682,0.0
2025-12-30,4-2,C,73401.561525,74.54887500000001,27166.597792,20020.641168,5774.935682,7979.716842,0.0
2025-12-31,4-2,C,72781.924833,0.0,23990.371604,20606.891308000002,7979.716842,6674.505388,0.0
2025-02-01,4-3,C,20848.32882,1056.41507,20941.381739,17830.682791,7820.674215,6856.048011,10731.109163000001
2025-02-02,4-3,C,63195.3221,1006.244719,25567.835912000002,20353.115112,6856.048011,7252.527985,5308.307747000001
2025-02-03,4-3,C,65048.584486,64.636018,22423.397818,18967.568437,7252.527985,6358.509982,5629.836158
2025-02-04,4-3,C,66690.631303,0.0,24575.745297,20265.090453999997,6358.509982,5959.913579,8040.744744000001
2025-02-05,4-3,C,71951.869072,180.398074,27014.636375999995,22945.407947,5959.913579,4778.1886,6217.783654000001
2025-02-06,4-3,C,69545.254661,1153.270295,27355.622458,22368.333821,4778.1886,4544.544566,13183.629863999999
2025-02-07,4-3,C,21095.648796,427.893327,29129.312275999997,19071.978281,4544.544566,9569.838637,5424.595192000001
2025-02-08,4-3,C,17741.527397,132.529896,23653.865181,19235.579864000003,9569.838637,9485.450785,2397.3359130000003
2025-02-09,4-3,C,60405.033489,1555.671275,19346.71812,20984.661586000002,9485.450785,3581.206443,5483.562331
2025-02-10,4-3,C,58616.677803,1419.986925,26215.379754,20941.170327,3581.206443,3907.08119,7942.556254
2025-02-11,4-3,C,58892.287616,156.678648,26178.084885,20256.21736,3907.08119,4960.449408,3098.9205880000004
2025-02-12,4-3,C,58669.289504,147.201694,26352.224697999998,20502.910748,4960.449408,5896.439693,3831.973454000001
2025-02-13,4-3,C,55196.621206,133.59508599999998,20926.480946,17792.306289,5896.439693,4961.043334,4308.0953979999995
2025-02-14,4-3,C,16719.78403,2418.1052049999994,24998.511423,18695.875442000004,4961.043334,6686.508681,3058.3777
2025-02-15,4-3,C,18026.585428,1570.7423190000002,26392.826970000002,19533.501854,6686.508681,8736.162005,3286.6743249999995
2025-02-16,4-3,C,56474.492598,1624.960825,19598.736283,18851.758630000004,8736.162005,5428.626182,6009.604477000001
2025-02-17,4-3,C,57581.08787,821.702833,24402.857363000003,19763.593393,5428.626182,5431.649594,4330.280416999999
2025-02-18,4-3,C,56566.288473,407.005029,23602.339385000003,20119.436777,5431.649594,4318.82529,4914.996510000001
2025-02-19,4-3,C,55940.059029,1084.6902479999999,23301.86134,19579.758146,4318.82529,3535.213666,4670.676257
2025-02-20,4-3,C,55143.805781,491.801056,23710.327980000002,18915.203703,3535.213666,3857.615846,3181.888637000001
2025-02-21,4-3,C,18591.468271,11.641667,26941.295488,18444.130835,3857.615846,7611.303081,3602.29111
2025-02-22,4-3,C,18360.771597,77.937264,23421.083437,17405.687424,7611.303081,9350.625481,1855.3711690000005
2025-02-23,4-3,C,56105.460527,466.678278,18244.360836,19156.95024,9350.625481,4485.049967,7348.610618999999
2025-02-24,4-3,C,50773.082133,1272.46338,21688.936833,18979.694756,4485.049967,2916.543389,5595.357293
2025-02-25,4-3,C,56585.420675,736.548605,25799.16278,19536.091057,2916.543389,4429.022052,4591.471787
2025-02-26,4-3,C,56831.372284,51.028933,24635.372954,18753.250985,4429.022052,5763.912172,7589.133092
2025-02-27,4-3,C,48823.737095,2838.791015,23783.274517,20929.980148,5763.912172,3913.325741,8221.026161
2025-02-28,4-3,C,16872.995972,854.500988,24816.008418999998,17489.795072,3913.325741,6814.62768,4963.304365000001
2025-03-01,4-3,C,15257.057882,3786.5052370000003,24621.146937,19545.845943,6814.62768,7256.053319,7528.785574
2025-03-02,4-3,C,56038.734823,1088.3329840000001,21263.741188,20246.443981999997,7256.053319,3897.371518,5996.26109
2025-03-03,4-3,C,54378.758994,2010.6078730000002,22788.673687,20347.882061,3897.371518,1798.419991,9563.866846
2025-03-04,4-3,C,51751.328316,801.071567,24399.574123999995,18397.168075,1798.419991,3316.738842,817.3705350000001
2025-03-05,4-3,C,52523.086523,706.018586,26571.685260000002,19453.595804999997,3316.738842,5616.149128,4150.167205999999
2025-03-06,4-3,C,49826.64357,0.0,28318.070030999996,19732.807169,5616.149128,9177.070856,2874.090126
2025-03-07,4-3,C,13454.908897,1419.331031,24936.135028,20106.703165,9177.070856,9278.811088,2804.8368790000004
2025-03-08,4-3,C,13750.6396,1584.41669,23660.225914000002,19420.866904000002,9278.811088,8994.273407,3211.916532000001
2025-03-09,4-3,C,47334.533027,1325.966878,24643.855543,20274.061163000002,8994.273407,8647.008771,4429.621571
2025-03-10,4-3,C,54508.221928,325.315411,24898.464499,20975.125810999998,8647.008771,7749.931475,8111.726767000001
2025-03-11,4-3,C,54716.273007,0.0,23626.426883,18432.113246,7749.931475,8533.589841,13646.911504
2025-03-12,4-3,C,46790.09666,23.5245,21568.901332,19009.336549,8533.589841,6824.115985,1482.669808
2025-03-13,4-3,C,55355.321678,0.0,25738.278885,19788.13901,6824.115985,8001.745858,8207.273038
2025-03-14,4-3,C,13693.11984,1443.838387,24885.726863999997,19109.677973,8001.745858,9165.92451,2938.952342
2025-03-15,4-3,C,15295.597735,1153.398688,20758.388176,19354.164617000002,9165.92451,6343.846515,7957.807874000002
2025-03-16,4-3,C,50959.332164,34.803333,22701.301133,18506.192728,6343.846515,6212.581169,7364.5156480000005
2025-03-17,4-3,C,42256.401523,8.967033,20559.868036,17382.076371,6212.581169,5403.044212,4372.7972660000005
2025-03-18,4-3,C,46338.978358,1797.4611209999998,23650.637817000003,18797.730927,5403.044212,5802.250551,6060.0835720000005
2025-03-19,4-3,C,45194.043112,0.0,22359.808951,18767.288760999996,5802.250551,5073.535541,9322.096007
2025-03-20,4-3,C,44685.651952,904.2202629999999,24153.272888999996,18020.746077,5073.535541,6788.429945,1804.2812450000006
2025-03-21,4-3,C,13167.827045,868.7446580000001,24810.491463,17631.76034,6788.429945,9527.027439,842.0981029999998
2025-03-22,4-3,C,13208.137514,536.07314,24217.567011,19108.338968,9527.027439,10091.350008,420.63812499999983
2025-03-23,4-3,C,42809.711835,84.065236,20939.341071000003,20810.601289,10091.350008,5813.86665,1374.05386
2025-03-24,4-3,C,46094.588008,0.0,23228.810352,19682.922392,5813.86665,4849.882198,5896.19489
2025-03-25,4-3,C,44320.564382,2326.7676819999997,24043.886806000002,19065.717678999998,4849.882198,5305.24957,7315.661198000001
2025-03-26,4-3,C,44266.366941,355.225093,24955.599956,19541.306856,5305.24957,6052.726357,5755.559750999999
2025-03-27,4-3,C,43204.104847,0.0,21748.397194999998,16878.474614,6052.726357,6872.423152,3277.660251
2025-03-28,4-3,C,13314.142779,1246.576607,24204.762957,18297.359743,6872.423152,8326.310099,3410.9133549999997
2025-03-29,4-3,C,11653.379071,883.7669579999999,23893.098618,19974.399013,8326.310099,7636.322175,2549.2362789999997
2025-03-30,4-3,C,41446.409581,46.855107000000004,21165.004328,17943.683571,7636.322175,6747.399879,2677.1049010000006
2025-03-31,4-3,C,47776.880999,246.153199,20215.100974,17750.941351999998,6747.399879,5217.722587,14052.796251
2025-04-01,4-3,C,51537.033949,605.541614,25935.980977,20006.802248,5217.722587,6330.325192,8608.622381000001
2025-04-02,4-3,C,46627.934425,321.021354,23447.301669,18307.50384,6330.325192,7091.22576,7560.422103
2025-04-03,4-3,C,40933.51737,656.524944,22018.68648,19473.469130999998,7091.22576,5270.855669,1465.8118520000003
2025-04-04,4-3,C,12749.731346,616.923359,25269.722233,15990.73489,5270.855669,10246.122466,311.274313
2025-04-05,4-3,C,11906.870378,124.338025,20580.339103,18153.100982,10246.122466,8598.315457,2668.9316940000003
2025-04-06,4-3,C,40157.910581,242.7428,23342.026167999997,20358.542967,8598.315457,6985.535712,3697.780356
2025-04-07,4-3,C,44554.193897,0.0,19205.962987000003,17459.727444,6985.535712,4871.205242,12132.623548
2025-04-08,4-3,C,40751.029657,0.0,23120.660951,18609.95377,4871.205242,5002.073685,2342.202748
2025-04-09,4-3,C,46826.318049,180.043321,23245.1024,17354.916743,5002.073685,6639.425019,8898.055357
2025-04-10,4-3,C,42569.177943,2180.217305,23909.002462999997,20679.897543,6639.425019,5179.863299,11176.028192999998
2025-04-11,4-3,C,12891.423187,526.438165,22557.271635999998,14485.968182,5179.863299,9385.887569,1599.3657830000002
2025-04-12,4-3,C,13194.705193,35.034282,23905.775515,18327.634349000004,9385.887569,10537.047367,1538.679067
2025-04-13,4-3,C,40044.074645,154.239779,21228.660131,20442.611319,10537.047367,6928.828909,6992.055089
2025-04-14,4-3,C,38278.08566,1099.541677,24378.716711,20688.271311999997,6928.828909,5882.705824,3335.329557
2025-04-15,4-3,C,44434.221966,0.0,26413.144807,19823.442915,5882.705824,7628.488466,11111.375733
2025-04-16,4-3,C,41015.192573,172.460576,20684.440906,19683.991636,7628.488466,4373.383465,4967.501605
2025-04-17,4-3,C,41054.250784,330.330694,21069.308060000003,17392.0174,4373.383465,4011.296941,8617.816686999999
2025-04-18,4-3,C,14065.510422,0.0,28338.812642,17037.31649,4011.296941,10585.876663,2073.319663
2025-04-19,4-3,C,10516.585622,452.250811,19352.2419,19472.518767,10585.876663,6366.76241,5069.456261
2025-04-20,4-3,C,37092.484977,1639.755739,21245.42621,19379.656196,6366.76241,3954.694671,8825.72219
2025-04-21,4-3,C,35969.765452,594.404004,22321.876239999998,18305.545653,3954.694671,3704.888117,2439.135935
2025-04-22,4-3,C,42346.391259,124.218426,23955.948298,17395.079935,3704.888117,5937.374993,8672.532770999998
2025-04-23,4-3,C,41250.857773,42.872679,21310.338103000002,17713.315197,5937.374993,5435.217955,10063.233578
2025-04-24,4-3,C,35543.003823,250.76797,21209.383736,17572.235951000002,5435.217955,4998.956706,5006.796823000001
2025-04-25,4-3,C,12165.138548,589.128078,25410.52209,17558.163202,4998.956706,8359.356364,2493.1909419999993
2025-04-26,4-3,C,10444.633308,1276.905686,21723.582085000002,18196.5149,8359.356364,7692.23035,3246.2734019999994
2025-04-27,4-3,C,35647.574014,42.371263,19062.3651,17486.310674,7692.23035,5419.124855,4609.502095
2025-04-28,4-3,C,43507.384811,411.48533699999996,22895.487110000002,18867.391216999997,5419.124855,5061.295235,6648.530224
2025-04-29,4-3,C,36847.616949,19.582032,20598.318242999998,17454.757306,5061.295235,4205.606871,6026.851098
2025-04-30,4-3,C,39675.374503,2014.040829,22815.174766999997,18575.197551999998,4205.606871,4100.15577,15404.434435000001
2025-05-01,4-3,C,36584.095118,1624.104609,22822.752986,17727.428079,4100.15577,4943.491147,3067.2416369999996
2025-05-02,4-3,C,15215.446948,2824.675959,20604.74252,16501.930854,4943.491147,5152.280686,8483.477418
2025-05-03,4-3,C,13951.53723,2675.192512,22250.149499000003,17290.998846,5152.280686,5965.194296,5899.681016
2025-05-04,4-3,C,40344.628044,973.958397,22109.178574999998,17488.424035000004,5965.194296,6431.872753,4463.364306
2025-05-05,4-3,C,38699.383584,1778.7732569999998,19649.291625,17516.872692,6431.872753,4653.043335,3595.5931899999996
2025-05-06,4-3,C,41554.04875,1131.1582680000001,21433.591227999994,17797.191527,4653.043335,4168.618186,10742.553364
2025-05-07,4-3,C,42480.939809,1823.105705,20352.738247999998,17090.275931999997,4168.618186,3496.88713,10473.053735000001
2025-05-08,4-3,C,45666.315547,0.0,21921.268794,17363.048127,3496.88713,3933.753349,10101.02397
2025-05-09,4-3,C,14442.981847,89.26374799999999,25233.459586999998,16487.928233,3933.753349,8323.946719,1489.419496
2025-05-10,4-3,C,16828.303799,81.778362,22897.695158,17369.956596,8323.946719,9631.920589,3955.2226969999997
2025-05-11,4-3,C,41271.917315,118.53324899999998,16128.886822,18903.305239,9631.920589,3144.246241,7662.062553
2025-05-12,4-3,C,45721.70821,0.0,21298.915479,16043.762106,3144.246241,4486.867833,10960.679994
2025-05-13,4-3,C,43655.091647,2.142969,22005.776103,17787.856993999998,4486.867833,4527.780777,6646.031972999999
2025-05-14,4-3,C,43794.489192,0.0,23288.562335000002,18407.724165,4527.780777,5034.460029,7448.116354999999
2025-05-15,4-3,C,44815.073766,0.0,18818.512574,15778.813929,5034.460029,4439.10587,9082.470255
2025-05-16,4-3,C,17303.530222,0.0,24937.896646,16351.393319,4439.10587,8714.998053,3875.108875000001
2025-05-17,4-3,C,14486.662989,711.637917,20859.301594,18906.001051999996,8714.998053,6481.701652,6463.199841
2025-05-18,4-3,C,43726.656755,37.089583,19782.737505000005,17634.71333,6481.701652,4692.039487,8539.823882
2025-05-19,4-3,C,36914.792429,11.183333,19227.331445,15616.794120999999,4692.039487,4644.64432,3485.874741
2025-05-20,4-3,C,43769.382743,1.842683,19006.094584,16764.794243,4644.64432,3122.580288,8138.369906
2025-05-21,4-3,C,41466.382741,0.0,19572.337172,14444.339411,3122.580288,4688.417731,6769.181923
2025-05-22,4-3,C,36045.824784,0.0,17205.227799,14997.241410999999,4688.417731,3509.521184,2835.8407869999996
2025-05-23,4-3,C,15794.181379,778.860791,23891.746681999997,14673.341400000001,3509.521184,8708.380532,3885.454298
2025-05-24,4-3,C,13252.103409,0.0,23051.489307,18429.041675,8708.380532,8978.007935,2447.4928549999995
2025-05-25,4-3,C,39036.912541,0.0,18503.510819000003,18797.860263000002,8978.007935,4744.656269,6969.156010000001
2025-05-26,4-3,C,40461.868424,0.0,18984.154462,15922.982574000001,4744.656269,4138.192425,7009.695283
2025-05-27,4-3,C,47112.595921,0.0,23141.68368,18435.552911000002,4138.192425,4481.760058,13846.230283
2025-05-28,4-3,C,40371.406365,0.0,20637.950777000002,17376.990397,4481.760058,3748.148649,5942.0967040000005
2025-05-29,4-3,C,45093.709765,0.0,21727.195987,16266.924371000001,3748.148649,5228.264625,8923.065023
2025-05-30,4-3,C,14530.912663,59.315168,21025.502118999997,16735.054116,5228.264625,5556.711958,5907.774552
2025-05-31,4-3,C,17876.619805,334.312204,24567.154842,16427.94369,5556.711958,9413.880547,4870.417915
2025-06-01,4-3,C,55485.873029,3426.2115570000005,19566.367456,22037.698337,9413.880547,2537.279773,10194.006311
2025-06-02,4-3,C,54758.264848,3131.602903,21602.523159,18290.682392000002,2537.279773,1656.570181,8586.025288
2025-06-03,4-3,C,54314.724065,2067.553371,26062.269501,21134.953017,1656.570181,1629.331602,7310.466654
2025-06-04,4-3,C,56332.289496,1851.014443,21483.550893,16978.019848,1629.331602,2100.060907,6337.252819
2025-06-05,4-3,C,61615.488778,1328.610789,24223.225388,18511.783134999998,2100.060907,3332.315829,10077.879417
2025-06-06,4-3,C,25824.683423,819.303085,15975.757462,11830.045751000001,3332.315829,4566.002266,6440.492397
2025-06-07,4-3,C,25364.918985,60.264991,21251.430054,15263.625388,4566.002266,6732.70555,4814.786974
2025-06-08,4-3,C,56195.21829,0.0,19976.864106,17774.173741,6732.70555,4962.801311,4649.722205
2025-06-09,4-3,C,60818.65868,0.0,24682.930713,19821.051740000003,4962.801311,5154.048131,2427.63756
2025-06-10,4-3,C,60121.583487,487.674938,22222.494068,18375.520457,5154.048131,4737.04784,5584.812282999999
2025-06-11,4-3,C,60535.654118,1286.664114,24229.761244999998,19358.101614,4737.04784,5034.831167,324.109021
2025-06-12,4-3,C,60120.720366,0.0,21623.046709,17729.958111,5034.831167,4795.61975,851.4267899999999
2025-06-13,4-3,C,22531.991643,248.613041,21374.758246,14519.539981,4795.61975,7900.079969,312.1070740000001
2025-06-14,4-3,C,24044.835093,0.0,24162.679321000003,18331.121707,7900.079969,9278.578352,1124.017799
2025-06-15,4-3,C,57242.016491,0.0,20552.950021,20023.425117000003,9278.578352,5527.98324,7106.917033
2025-06-16,4-3,C,61079.551347,0.0,21356.221219,17176.534485,5527.98324,5663.544021,4804.886524999999
2025-06-17,4-3,C,65440.683127,0.0,22227.662094,18884.538094999996,5663.544021,4685.6198,6304.447522
2025-06-18,4-3,C,63179.668601,0.0,23097.419305000003,18035.334923,4685.6198,5434.036149,5218.159527
2025-06-19,4-3,C,56050.14618,0.0,21514.093081,16809.620594,5434.036149,6119.363707,3290.0801789999996
2025-06-20,4-3,C,21120.524204,0.0,19362.703061,17075.849534,6119.363707,4572.630313,6996.075360999999
2025-06-21,4-3,C,20751.57689,373.311769,22098.408814,15252.362077000002,4572.630313,7514.129272,578.474958
2025-06-22,4-3,C,55386.904888,0.0,20249.677594,17972.7058,7514.129272,5769.165996,5133.307973999999
2025-06-23,4-3,C,52082.412081,0.0,18912.589232,16152.43489,5769.165996,4843.346426,1690.534131
2025-06-24,4-3,C,61178.199801,0.0,22044.073341,18113.923015,4843.346426,4556.431305,896.8792950000002
2025-06-25,4-3,C,56467.748758,0.0,20355.497924,16897.128586,4556.431305,4101.79212,6748.424809
2025-06-26,4-3,C,56113.004928,0.0,20516.891539,15781.019485,4101.79212,5032.52841,6332.6711080000005
2025-06-27,4-3,C,20875.343616,0.0,25776.910417,18061.337326,5032.52841,8163.595201,2854.826241999999
2025-06-28,4-3,C,18966.601758,79.567938,23875.874946000004,18419.837034,8163.595201,9185.39706,295.47215200000005
2025-06-29,4-3,C,54057.306918,32.084793,19033.862732,19114.894317,9185.39706,5077.102054,7858.974894000001
2025-06-30,4-3,C,50307.483055,1435.9699520000001,17056.546373,16625.944341,5077.102054,1954.722299,3854.892592
2025-07-01,4-3,C,63945.148806,4755.330826,20853.574294000002,17546.678198,1954.722299,1226.630056,12291.062374000003
2025-07-02,4-3,C,62453.887591,1999.06055,19942.443554,15998.908169999999,1226.630056,1398.264624,10843.257242
2025-07-03,4-3,C,65515.623051,2416.4017240000003,19672.275048,15499.302604999999,1398.264624,1881.86483,6050.988537
2025-07-04,4-3,C,22491.043453,6333.065716,19576.618554,14528.293473999998,1881.86483,3358.273226,6647.313432000001
2025-07-05,4-3,C,24303.021255,2938.31425,21043.273970000002,14671.295713,3358.273226,5995.780117,326.92924100000005
2025-07-06,4-3,C,69966.486553,1690.352935,20070.935074,20573.659515,5995.780117,1200.0,12873.556642000001
2025-07-07,4-3,C,67047.531384,181.54454800000002,23196.373404,18074.003591,1200.0,1994.509852,12409.023958
2025-07-08,4-3,C,71023.193836,0.0,25201.720368000002,17816.317559,1994.509852,4880.149783,1371.1419449999999
2025-07-09,4-3,C,70840.956059,0.0,25812.834713999997,20270.935094,4880.149783,5588.43981,1051.366755
2025-07-10,4-3,C,67550.478979,340.678683,21797.799723999997,17832.240304,5588.43981,5392.859224,4552.62436
2025-07-11,4-3,C,32145.448793,1.949804,25220.216675000003,17162.587278,5392.859224,9021.51281,1323.80289
2025-07-12,4-3,C,26293.862873,668.150475,20592.104323999996,22731.543207000002,9021.51281,2297.136473,7379.430248000001
2025-07-13,4-3,C,65255.447387,0.0,25281.974285,18065.17165,2297.136473,4978.500386,1343.6669870000003
2025-07-14,4-3,C,65670.840169,0.0,23274.770163,18810.687131,4978.500386,5025.030054,341.5942219999997
2025-07-15,4-3,C,62686.165302,0.0,21636.556399999998,18806.713651,5025.030054,3601.582313,3010.124813
2025-07-16,4-3,C,66179.803118,0.0,25049.069448000002,18221.025335,3601.582313,5900.16111,1369.2326820000003
2025-07-17,4-3,C,64220.540604,206.557071,21359.756885,17089.191317,5900.16111,6135.951953,4240.315280000001
2025-07-18,4-3,C,29376.965159,47.547175,23470.554521,17350.059590999997,6135.951953,7981.607032,410.081519
2025-07-19,4-3,C,25253.585599,1720.154383,20506.305463,20567.747678,7981.607032,3584.228974,8650.954867
2025-07-20,4-3,C,62070.660449,1298.6512549999998,23372.269786,18398.214103000002,3584.228974,4176.811668,4799.717462999999
2025-07-21,4-3,C,63541.609935,562.3925899999999,22657.806667,19403.122867,4176.811668,3009.812259,5665.277652
2025-07-22,4-3,C,73395.078203,1081.2784430000002,24600.541860000005,20107.824532,3009.812259,2808.272674,13033.643153
2025-07-23,4-3,C,67655.895572,0.0,23117.650758,16807.847748,2808.272674,4938.771971,1642.0410509999997
2025-07-24,4-3,C,68895.942057,1045.494406,23493.102476,20360.182769,4938.771971,3460.138899,10900.896008
2025-07-25,4-3,C,29134.552775,6.361838,27120.143524000003,18867.41963,3460.138899,6904.468485,3110.3080309999996
2025-07-26,4-3,C,26201.263794,32.578668,22511.462749,21361.158942000002,6904.468485,3430.163914,6678.8096590000005
2025-07-27,4-3,C,67375.460694,0.0,25067.543568,19945.159228,3430.163914,3829.665096,7909.6407100000015
2025-07-28,4-3,C,67212.168218,0.0,21130.859506999997,16362.744617,3829.665096,4666.611301,2285.6696079999997
2025-07-29,4-3,C,65605.787402,359.750294,24375.232942,20767.719566,4666.611301,3529.076989,7195.898464
2025-07-30,4-3,C,68042.8405,320.510833,22200.204338,16152.928630000002,3529.076989,5561.562414,9907.306645
2025-07-31,4-3,C,60866.593522,1548.605271,19792.204952999997,17266.710048999998,5561.562414,4189.313483,5675.89889
2025-08-01,4-3,C,26834.96158,612.343092,24643.291069,18925.707223,4189.313483,5339.711864,3462.897755
2025-08-02,4-3,C,26780.400599,374.215665,27939.300744999997,22391.418982,5339.711864,5605.728109,4793.635011
2025-08-03,4-3,C,56174.357157,395.49475,19006.404875,16647.238462,5605.728109,4214.560872,5749.4409
2025-08-04,4-3,C,60989.951974,192.734843,23161.518833,19906.729376999996,4214.560872,2941.339627,10406.259869
2025-08-05,4-3,C,61141.863268,0.0,24589.393516000004,18194.646707000004,2941.339627,4855.519673,6938.31674
2025-08-06,4-3,C,58885.115173,2348.555489,21063.364439999998,19100.739446999996,4855.519673,2589.503839,7251.492706999999
2025-08-07,4-3,C,60310.085742,0.0,25600.218112,17989.102123,2589.503839,5641.808892,554.3294870000001
2025-08-08,4-3,C,24122.015347,2479.390197,27064.980244,23144.170890999998,5641.808892,4284.545679,6601.635534
2025-08-09,4-3,C,26237.893149,335.617239,24673.971689,17374.440477,4284.545679,7186.186336,2160.71999
2025-08-10,4-3,C,59710.397053,0.0,20843.859599000003,17659.465780000002,7186.186336,6324.031329,2469.433456
2025-08-11,4-3,C,54533.554917,4.844626,18339.336144,18175.918789000003,6324.031329,2633.968536,5558.916358
2025-08-12,4-3,C,59866.783441,966.665769,22081.196660999998,17574.295269,2633.968536,2980.050788,5368.83178
2025-08-13,4-3,C,60274.823538,988.350646,22028.673623000002,17915.023036,2980.050788,2900.275897,10911.379031
2025-08-14,4-3,C,57764.333659,974.318856,24093.039392000002,19002.264981,2900.275897,3470.383595,7873.398279
2025-08-15,4-3,C,26093.026418,812.854589,24896.480260999997,19179.306266,3470.383595,4566.875534,5665.183776000001
2025-08-16,4-3,C,26140.773218,601.6687770000001,26385.016250999997,18975.081488,4566.875534,7229.966284,4097.846224
2025-08-17,4-3,C,54099.098125,59.3934,18753.889148,18020.168837,7229.966284,4086.056698,896.3567810000001
2025-08-18,4-3,C,58177.663247,0.0,24604.579831,19188.20951,4086.056698,4909.945759,1439.5969929999999
2025-08-19,4-3,C,60062.511515,0.0,21609.44165,18381.102912000002,4909.945759,3934.995565,7256.232916999999
2025-08-20,4-3,C,59625.961808,2087.40496,22951.652823999997,19230.730070999998,3934.995565,3224.005247,3342.540384
2025-08-21,4-3,C,55033.552461,1351.847754,21638.951517,17839.552637,3224.005247,2877.33646,4289.771999
2025-08-22,4-3,C,26440.151863,510.62674699999997,24096.847678999995,17145.390504,2877.33646,5514.065478,2313.89321
2025-08-23,4-3,C,24247.480536,1232.929685,24013.067417,18973.515177,5514.065478,6044.142624,4035.6277240000004
2025-08-24,4-3,C,58035.330443,428.746793,20955.088928,17595.357236,6044.142624,5353.32573,4606.675404
2025-08-25,4-3,C,64718.856187,757.2434680000001,21939.814668,20196.328411,5353.32573,2658.794032,9866.737827
2025-08-26,4-3,C,59069.158384,0.0,22935.326321,17211.785165999998,2658.794032,4176.381979,3979.71664
2025-08-27,4-3,C,59856.847349,565.3505729999999,21246.657613999996,18328.109135,4176.381979,2933.808127,8724.639313
2025-08-28,4-3,C,63460.690621,74.696989,22874.110910000003,16776.09263,2933.808127,4880.405024,7783.296227999999
2025-08-29,4-3,C,27235.879609,556.100063,26533.333144000004,19252.021759000003,4880.405024,7369.269566,3070.2751810000004
2025-08-30,4-3,C,25542.114816,214.79167499999997,24528.671204,20692.089905,7369.269566,6453.862645,3372.4270270000006
2025-08-31,4-3,C,54687.115579,355.76667499999996,18875.885929,16466.145595,6453.862645,5146.442653,3140.6241870000003
2025-09-01,4-3,C,52280.61397,0.0,27411.053736,20376.077231,5146.442653,7176.305203,9182.576508999999
2025-09-02,4-3,C,48896.237471,0.0,25098.677530999998,21672.993252,7176.305203,5684.011367,9148.29137
2025-09-03,4-3,C,48715.867418,0.0,21777.767441999997,18037.571811,5684.011367,5242.255608,3989.2147060000007
2025-09-04,4-3,C,49566.609819,0.0,27145.674019000002,20835.641101,5242.255608,6522.649891,4306.841344
2025-09-05,4-3,C,19779.249832,0.0,29926.527028999997,21283.547944,6522.649891,9808.137612,991.0648520000002
2025-09-06,4-3,C,17670.961499,739.079935,21654.883249,17907.575092,9808.137612,9400.226878,3459.128088
2025-09-07,4-3,C,43228.724844,78.41255699999999,22570.314497,19798.518588000003,9400.226878,7715.155937,4688.8181460000005
2025-09-08,4-3,C,45205.19174,6165.305286,22507.664101000002,17900.71447,7715.155937,8082.370884,10111.713952999999
2025-09-09,4-3,C,41211.820208,4249.435502,17908.855774,17567.800894,8082.370884,4680.56231,6265.982651
2025-09-10,4-3,C,43536.02584,4032.3437609999996,18335.760543,16050.790396,4680.56231,3348.535247,3828.056797
2025-09-11,4-3,C,42037.831334,4678.413505999999,24091.420750999998,19166.909346999997,3348.535247,3734.247981,2574.734945
2025-09-12,4-3,C,15093.223373,2084.020662,21599.482831999998,15624.719641,3734.247981,5812.982929,1007.9289430000002
2025-09-13,4-3,C,17987.917856,275.414011,20005.483567000003,16073.712904999998,5812.982929,5958.237133,2708.747706
2025-09-14,4-3,C,45777.077126,1709.925609,20657.548819,18591.112049,5958.237133,3893.239904,4991.011739999999
2025-09-15,4-3,C,44908.062391,498.758521,23688.565386000002,20243.182105,3893.239904,2720.524191,3567.6049999999996
2025-09-16,4-3,C,50611.010043,767.7452289999999,23880.025594,18534.230581999997,2720.524191,3618.957688,4539.836542
2025-09-17,4-3,C,44300.237535,2212.923106,22510.879123,17916.652265,3618.957688,3971.357494,3730.6952420000007
2025-09-18,4-3,C,46841.013517,816.4335599999999,21305.764483000003,17025.242949,3971.357494,4229.608918,5341.577431
2025-09-19,4-3,C,19132.618246,335.49010799999996,20982.175881000003,15251.164844999998,4229.608918,6167.828495,2951.5382
2025-09-20,4-3,C,16134.790393,1971.1621460000001,18843.132132,15265.650875000001,6167.828495,6164.813109,2621.0098370000005
2025-09-21,4-3,C,47373.900781,998.0787270000001,22818.498742,19366.857539999997,6164.813109,5182.731376,2603.2117520000006
2025-09-22,4-3,C,50037.075906,505.133922,19704.822002,17304.269866,5182.731376,3690.104661,9417.644938000001
2025-09-23,4-3,C,49912.705399,916.386532,21494.917923999998,17566.588232,3690.104661,3517.099425,8790.281871000001
2025-09-24,4-3,C,46686.320435,789.0059779999999,22904.798461000002,18103.983667,3517.099425,4015.880631,5957.91858
2025-09-25,4-3,C,46432.292838,646.963862,23451.372076,18624.232526,4015.880631,4428.523803,4034.194884
2025-09-26,4-3,C,17138.768278,271.242688,19483.227727,14442.123744,4428.523803,5916.624597,2912.8516799999998
2025-09-27,4-3,C,17489.708563,3630.365124,18653.083413,15077.643235,5916.624597,5951.462741,3148.58307
2025-09-28,4-3,C,52293.27591,227.39255500000002,21756.624738,18641.937109,5951.462741,4819.161552,6032.762748
2025-09-29,4-3,C,47063.211193,989.419886,22231.000283999998,18283.505042,4819.161552,4512.056202,3047.706542
2025-09-30,4-3,C,51204.141121,1114.278027,20712.211002,16738.076411000002,4512.056202,4555.183424,7572.82668
2025-10-01,4-3,C,42644.155096,570.07542,23299.656785000003,19682.194299,4555.183424,3655.769754,6537.722452999999
2025-10-02,4-3,C,45334.06779,25.336667,25006.743811,16903.777694,3655.769754,7379.863969,5811.460685000001
2025-10-03,4-3,C,12832.380454,850.936832,22629.34844,17732.412161,7379.863969,8043.597386,1074.3070509999998
2025-10-04,4-3,C,14577.780883,0.0,20688.151102,16425.641494,8043.597386,8412.220607,1847.8647859999999
2025-10-05,4-3,C,42522.605325,0.0,17748.165206,15893.250584,8412.220607,6726.401978,7389.219590000001
2025-10-06,4-3,C,42150.042738,0.0,18769.403143999996,16731.822717,6726.401978,5027.950678,4240.4694500000005
2025-10-07,4-3,C,42039.421085,1016.5392519999999,24542.275792999997,19236.808818999998,5027.950678,5741.766869,2987.759149
2025-10-08,4-3,C,38514.817935,1477.98013,21321.263927,17753.9554,5741.766869,5204.287294,1419.884295
2025-10-09,4-3,C,41543.445714,1579.5069290000001,23148.617124000004,18345.080975000004,5204.287294,5654.619402,8050.353759
2025-10-10,4-3,C,14804.338874,939.6012179999999,23235.946251,16966.7161,5654.619402,7715.064249,2045.6641720000002
2025-10-11,4-3,C,12363.720569,2234.741322,18795.470154,16052.356855,7715.064249,6795.035329,1168.5702820000001
2025-10-12,4-3,C,43252.709254,945.568072,20353.491002000002,18143.46593,6795.035329,4953.770643,5825.855162
2025-10-13,4-3,C,41897.506692,1176.259089,21340.389378,17149.896418,4953.770643,5104.680617,5127.990004
2025-10-14,4-3,C,43778.781796,1510.532797,21720.554445,17564.799457,5104.680617,5136.735778,4587.502075
2025-10-15,4-3,C,44693.385711,2256.751841,21751.194539,17184.921412,5136.735778,5618.453737,4690.098562
2025-10-16,4-3,C,46330.161339,2939.3938299999995,20591.658966,16712.353128000002,5618.453737,5581.665554,1666.281741
2025-10-17,4-3,C,16059.878315,1441.111612,20334.131094,14355.339466,5581.665554,7932.006355,1547.520587
2025-10-18,4-3,C,19145.302799,453.325998,20199.55002,17471.213417000003,7932.006355,6699.142021,6716.365447
2025-10-19,4-3,C,53494.010222,1906.1582629999998,18527.184015,16323.117467000002,6699.142021,5236.810448,9406.318191
2025-10-20,4-3,C,51242.717929,431.477011,22896.162679,18153.52467,5236.810448,5672.77389,6511.505004000001
2025-10-21,4-3,C,51937.385106,2145.9523870000003,21614.493367000003,17635.798566,5672.77389,5530.486181,7180.877877999999
2025-10-22,4-3,C,46632.832384,2891.658813,21025.714461,17333.807244,5530.486181,5193.843367,3590.0301329999998
2025-10-23,4-3,C,51223.001748,2063.609602,18941.073601,15286.721539,5193.843367,5255.563453,15194.567244
2025-10-24,4-3,C,16983.359048,1887.641587,20564.638158,14178.704424000001,5255.563453,8009.621769,1909.1775309999998
2025-10-25,4-3,C,15516.692389,1537.9836050000001,20256.522025,16852.289427,8009.621769,7515.725562,2220.755603
2025-10-26,4-3,C,47577.066189,570.562748,16069.908043,15760.291291,7515.725562,4467.208033,6446.001786000001
2025-10-27,4-3,C,52934.595406,596.7145519999999,19399.080981,15485.333284000002,4467.208033,4720.455044,5709.0783790000005
2025-10-28,4-3,C,51069.276706,567.56044,19374.613169999997,15062.501959000001,4720.455044,5421.493609,3879.224732
2025-10-29,4-3,C,54751.819178,521.3822289999999,18546.752136000003,15353.676594999999,5421.493609,5053.929872,4948.985104
2025-10-30,4-3,C,48018.417662,937.815404,21257.571398,16790.251334,5053.929872,5529.909314,1919.4061980000001
2025-10-31,4-3,C,21052.361609,1030.856626,19433.395541,13432.401904,5529.909314,8095.074298,6301.360051000001
2025-11-01,4-3,C,18642.050047,838.983313,19038.171278,15165.457341000001,8095.074298,8378.92029,4226.597609
2025-11-02,4-3,C,55032.324893,478.461558,18061.400016,18456.954161,8378.92029,4126.453459,5453.593482
2025-11-03,4-3,C,55035.958223,840.132461,20662.514285,16927.650038,4126.453459,3914.216271,6837.445274
2025-11-04,4-3,C,55923.478577,518.474734,20272.241241999996,16330.614062,3914.216271,4014.106653,4216.859812000001
2025-11-05,4-3,C,57992.50734,448.314388,21777.663801,16510.627374,4014.106653,5268.862546,9568.047628
2025-11-06,4-3,C,55115.161448,2648.245361,20003.098274,16607.40757,5268.862546,4818.975916,3346.2495280000003
2025-11-07,4-3,C,16992.194556,577.0227179999999,24415.102005,16582.614805,4818.975916,8367.44016,1092.3873680000002
2025-11-08,4-3,C,15843.256462,535.22596,19136.086066,15286.664866000001,8367.44016,8604.734437,1188.340137
2025-11-09,4-3,C,54561.285602,767.446448,15113.356237,16130.045356,8604.734437,4284.482433,4817.592953
2025-11-10,4-3,C,61338.257517,1373.317734,19397.533223,14563.01212,4284.482433,5561.137758,6677.557828999999
2025-11-11,4-3,C,56259.716133,786.47378,18012.968684,16657.798945,5561.137758,3264.144079,5767.520782
2025-11-12,4-3,C,58467.467679,1143.7619570000002,20977.321757,16599.625907,3264.144079,3699.704875,7919.060998000001
2025-11-13,4-3,C,57524.705927,1113.304825,19240.505917000002,15264.854801,3699.704875,4055.21042,2997.126744
2025-11-14,4-3,C,20404.607472,977.2434059999998,20495.197581,12919.703814,4055.21042,8145.661784,3303.9615430000003
2025-11-15,4-3,C,19927.79411,280.181863,18515.498894999997,15209.684682000001,8145.661784,7909.961144,3477.0487040000003
2025-11-16,4-3,C,57000.078595,599.089284,18577.562392000003,18524.551021,7909.961144,4046.932829,2803.965507
2025-11-17,4-3,C,60537.639193,99.26877400000001,21656.859928,15965.778001,4046.932829,5798.353429,4499.173834
2025-11-18,4-3,C,60592.524797,857.4446409999999,17755.735506,15994.047970999998,5798.353429,4007.350972,5720.502930000001
2025-11-19,4-3,C,64437.642446,404.497257,23838.634322,16563.801937,4007.350972,7057.897487,5210.237516000001
2025-11-20,4-3,C,58246.486517,1222.6184910000002,16740.013699,16245.844024,7057.897487,4072.97201,3535.340064
2025-11-21,4-3,C,21867.99348,657.2183830000001,22492.828318,12825.852262,4072.97201,10065.570537,3303.813301
2025-11-22,4-3,C,20188.879425,330.476657,21117.742506000002,17272.155739,10065.570537,9880.254637,4274.242726
2025-11-23,4-3,C,58499.259235,642.827137,18973.374799999998,19128.236596,9880.254637,5702.69574,2829.008173
2025-11-24,4-3,C,59705.205364,382.820478,20168.454979000002,17258.462871000003,5702.69574,4678.235365,3542.7065170000005
2025-11-25,4-3,C,64035.426567,454.70276999999993,18824.976874,16342.42281,4678.235365,3462.466985,10941.654873
2025-11-26,4-3,C,62147.671892,275.996928,19845.605219999998,15804.337738,3462.466985,3763.13642,5049.891246
2025-11-27,4-3,C,63225.106727,387.458558,20691.352214000002,16443.706441,3763.13642,4114.568477,4991.717774
2025-11-28,4-3,C,21528.906646,1110.645612,22279.746843,14263.624401000001,4114.568477,8317.869079,3412.177318
2025-11-29,4-3,C,23114.323561,928.543389,20516.623087,16914.83667,8317.869079,7988.56689,10051.456904
2025-11-30,4-3,C,65123.386238,438.54314700000003,16859.372701,16619.301659,7988.56689,4696.111589,7698.410314000001
2025-12-01,4-3,C,72140.799616,745.144029,20793.834866999998,17540.656862,4696.111589,3920.944234,3882.5890690000006
2025-12-02,4-3,C,77223.827016,1866.663826,22793.701238999998,16417.722284,3920.944234,6193.361703,6779.573629
2025-12-03,4-3,C,75728.326197,1059.660801,17948.168056000002,15085.397493,6193.361703,5585.160182,8585.462427
2025-12-04,4-3,C,77519.952264,2390.841646,18339.793381999996,15484.3811,5585.160182,4886.106338,10380.127851000001
2025-12-05,4-3,C,25897.784288,1849.120715,22387.721934,14006.75877,4886.106338,9471.990779,3636.7381969999997
2025-12-06,4-3,C,24965.400454,2488.9093550000002,21313.976289,17507.036233000003,9471.990779,9202.306957,3145.432444
2025-12-07,4-3,C,74338.492686,0.0,18856.996073000002,20045.585748,9202.306957,3900.730369,4395.603923
2025-12-08,4-3,C,81949.557261,141.00475300000002,24882.897753,19905.016317,3900.730369,4178.65355,5041.1146690000005
2025-12-09,4-3,C,74812.700582,146.76869299999998,22684.481814,19491.167441999998,4178.65355,2937.834468,1866.343853
2025-12-10,4-3,C,80266.300316,209.583092,26759.961631,18123.428989,2937.834468,6884.656614,7462.256037000001
2025-12-11,4-3,C,73752.117418,190.105247,25547.56651,19274.778332,6884.656614,8461.046103,3146.743037000001
2025-12-12,4-3,C,25088.467681,843.967385,22982.257315,17908.181983,8461.046103,9247.097706,2252.429213
2025-12-13,4-3,C,28376.153602,509.07789600000007,21407.669876,16907.520413000002,9247.097706,9727.866802,4004.1826640000004
2025-12-14,4-3,C,74702.377599,111.01830100000001,21487.957186,19731.260373,9727.866802,7143.405633,2229.4122589999997
2025-12-15,4-3,C,77869.782721,87.430131,21978.971096,18258.721212,7143.405633,6637.011606,4619.090606
2025-12-16,4-3,C,76033.45836,490.127006,27551.351393,20620.914157,6637.011606,8521.101017,555.1132160000002
2025-12-17,4-3,C,72587.813017,314.19298100000003,19234.983618000002,18665.015595999997,8521.101017,5093.680055,4142.961176
2025-12-18,4-3,C,74559.348665,0.0,26344.357405999996,19366.850855,5093.680055,7284.878548,2322.23171
2025-12-19,4-3,C,27598.165538,187.759226,23385.427302,17028.371651,7284.878548,9411.350174,3296.694741
2025-12-20,4-3,C,23610.667094,96.01588000000001,22855.987388,18646.347356,9411.350174,9263.575095,1750.7995300000002
2025-12-21,4-3,C,72778.78571,147.792319,21344.899754,19839.40442,9263.575095,6430.202185,1191.6169839999998
2025-12-22,4-3,C,72629.644661,297.56524,20305.596694999997,18629.168458,6430.202185,4006.163146,1011.1172269999995
2025-12-23,4-3,C,73563.950607,0.0,25285.572947,18868.994050999998,4006.163146,5797.629853,2952.1345600000004
2025-12-24,4-3,C,74543.308206,139.561617,24290.759836,18674.071579,5797.629853,6910.345285,2458.5383870000005
2025-12-25,4-3,C,70523.954504,215.623099,22458.981778,18649.273374,6910.345285,6402.014025,921.3824789999999
2025-12-26,4-3,C,27039.794324,504.47904800000003,23442.586345,15624.788493,6402.014025,10139.465631,2908.2616719999996
2025-12-27,4-3,C,23719.90056,307.929299,21356.463434999998,17526.275178,10139.465631,9886.643637,1189.6588740000002
2025-12-28,4-3,C,68824.861109,0.0,20397.398896,19322.802624,9886.643637,6774.521949,1205.6996930000003
2025-12-29,4-3,C,72055.943947,43.702205,23704.328467,20339.698597000002,6774.521949,5508.752462,3108.827599
2025-12-30,4-3,C,71869.624081,604.133443,23865.63275,20274.407077000003,5508.752462,4460.702963,3218.584712
2025-12-31,4-3,C,77230.459148,685.9041149999999,28103.953066000002,21107.033941,4460.702963,6302.00079,2286.4198109999998
