date,pool_size,converged,converged_round,max_adjacent_difference_yuan,mean_adjacent_difference_yuan,min_adjacent_difference_yuan,max_slope_positive_violation,max_slope_monotone_violation_interior,boundary_slope_jump,canonical_tangent_count,effective_tangent_count,value_at_s_min_yuan,value_at_s_max_yuan,round,n_points,grid_step,new_effective_tangents,envelope_increase_yuan,max_envelope_deficit_yuan
2025-02-01,24,True,4,361.393825,200.2433088,134.0800508,8.624476959e-07,0,0.05687570579,5,5,37616.05568,36815.08245,0,5,2400,-1,-1,0
2025-02-01,24,True,4,277.2811656,100.1216544,66.34946983,8.624476959e-07,0,0.05585965934,9,9,37616.05568,36815.08245,1,9,1200,4,2.522534404,0
2025-02-01,24,True,4,187.8433531,50.06082721,32.97379509,8.624476959e-07,0,0.05511378165,17,17,37616.05568,36815.08245,2,17,600,8,63.69462596,0
2025-02-01,24,True,4,114.8510711,25.0304136,16.47420152,8.624476959e-07,0,0.05495335809,33,33,37616.05568,36815.08245,3,33,300,16,17.35815503,0
2025-02-01,24,True,4,61.77037395,12.5152068,8.231930661,8.624476959e-07,0,0.05492036384,63,63,37616.05568,36815.08245,4,65,150,30,7.192632837,7.275957614e-12
2025-02-02,25,True,4,1118.334873,495.9807023,0.008749943852,5.598368501e-07,0,4.72230734e-05,5,5,69790.14251,67806.2197,0,5,2400,-1,-1,0
2025-02-02,25,True,4,566.234987,247.9903512,2.043379936e-07,5.598368501e-07,0,5.596666023e-07,9,9,69790.14251,67806.2197,1,9,1200,4,35.21508094,0
2025-02-02,25,True,4,283.2006472,123.9951756,1.021253411e-07,5.598368501e-07,0,5.596666023e-07,15,15,69790.14251,67806.2197,2,17,600,6,37.17861123,0
2025-02-02,25,True,4,141.6003312,61.99758781,5.104811862e-08,5.598368501e-07,0,5.596666023e-07,26,26,69790.14251,67806.2197,3,33,300,11,6.841173711,1.455191523e-11
2025-02-02,25,True,4,70.80016565,30.99879391,2.548040356e-08,5.598368501e-07,0,5.596666023e-07,41,41,69790.14251,67806.2197,4,65,150,15,1.058035941,2.910383046e-11
2025-02-03,26,True,4,1135.127828,721.9527381,73.79763248,3.222307242e-07,0,0.06311713824,5,5,68397.38396,65509.57301,0,5,2400,-1,-1,0
2025-02-03,26,True,4,568.9137102,360.9763691,15.84552469,3.222307242e-07,0,0.0322939059,9,9,68397.38396,65509.57301,1,9,1200,4,52.99936646,7.275957614e-12
2025-02-03,26,True,4,284.6645235,180.4881845,0.1188471702,3.222307242e-07,0,0.0004470286002,15,15,68397.38396,65509.57301,2,17,600,6,6.602756948,7.275957614e-12
2025-02-03,26,True,4,142.364342,90.24409226,0.01247405784,3.222307242e-07,0,4.217449086e-05,25,25,68397.38396,65509.57301,3,33,300,10,1.912050783,2.910383046e-11
2025-02-03,26,True,4,71.18347966,45.12204613,0.0062160323,3.222307242e-07,0,4.182671494e-05,48,48,68397.38396,65509.57301,4,65,150,23,1.275849352,2.910383046e-11
2025-02-04,27,True,4,1132.523154,675.3735831,81.26557377,5.015203977e-07,0,0.09464784113,5,5,67680.14301,64978.64868,0,5,2400,-1,-1,0
2025-02-04,27,True,4,567.6878775,337.6867916,26.20451532,5.015203977e-07,0,0.03760518723,9,9,67680.14301,64978.64868,1,9,1200,4,40.96476529,0
2025-02-04,27,True,4,284.4558053,168.8433958,11.66113189,5.015203977e-07,0,0.01990532445,16,16,67680.14301,64978.64868,2,17,600,7,9.731412541,2.910383046e-11
2025-02-04,27,True,4,142.3003323,84.42169789,5.749882841,5.015203977e-07,0,0.019536915,28,28,67680.14301,64978.64868,3,33,300,12,4.419387581,2.910383046e-11
2025-02-04,27,True,4,71.15016615,42.21084894,2.831585528,5.015203977e-07,0,0.0190489701,50,50,67680.14301,64978.64868,4,65,150,22,1.721156802,5.820766091e-11
2025-02-05,28,True,4,1118.642845,600.5778646,60.25043372,5.947427962e-07,0,0.07273064038,5,5,67473.42996,65071.1185,0,5,2400,-1,-1,7.275957614e-12
2025-02-05,28,True,4,565.985954,300.2889323,19.07231233,5.947427962e-07,0,0.02874532664,9,9,67473.42996,65071.1185,1,9,1200,4,42.29928495,7.275957614e-12
2025-02-05,28,True,4,283.1177633,150.1444662,8.430581157,5.947427962e-07,0,0.01645733854,17,17,67473.42996,65071.1185,2,17,600,8,16.51149793,7.275957614e-12
2025-02-05,28,True,4,141.6003322,75.07223308,3.53987078,5.947427962e-07,0,0.01614121051,31,31,67473.42996,65071.1185,3,33,300,14,5.623234008,1.455191523e-11
2025-02-05,28,True,4,70.80016611,37.53611654,1.158369875,5.947427962e-07,0,0.0158561142,55,55,67473.42996,65071.1185,4,65,150,24,1.911729082,4.365574569e-11
2025-02-06,29,True,4,1123.107241,635.15659,78.55766653,4.487196101e-07,0,0.0574033523,5,5,67771.87383,65231.24747,0,5,2400,-1,-1,0
2025-02-06,29,True,4,566.1949677,317.578295,22.08487383,4.487196101e-07,0,0.02703559715,9,9,67771.87383,65231.24747,1,9,1200,4,36.03459288,0
2025-02-06,29,True,4,283.1944906,158.7891475,6.800411429,4.487196101e-07,0,0.02452360048,17,17,67771.87383,65231.24747,2,17,600,8,26.94853149,0
2025-02-06,29,True,4,141.6003327,79.39457375,0.4001991494,4.487196101e-07,0,0.001406955255,29,29,67771.87383,65231.24747,3,33,300,12,5.842358741,7.275957614e-12
2025-02-06,29,True,4,70.80016637,39.69728687,0.1903926706,4.487196101e-07,0,0.001393211056,55,55,67771.87383,65231.24747,4,65,150,26,1.698766705,1.455191523e-11
2025-02-07,30,True,4,737.779451,468.2304374,346.5936804,4.496580033e-07,0,0.1477265952,5,5,40083.92656,38211.00481,0,5,2400,-1,-1,0
2025-02-07,30,True,4,496.4854856,234.1152187,170.9706901,4.496580033e-07,0,0.1448706736,9,9,40083.92656,38211.00481,1,9,1200,4,40.76342299,0
2025-02-07,30,True,4,267.5869407,117.0576094,84.87547672,4.496580033e-07,0,0.1424336455,17,17,40083.92656,38211.00481,2,17,600,8,27.59782663,0
2025-02-07,30,True,4,137.9014801,58.52880468,42.33630544,4.496580033e-07,0,0.1414142969,33,33,40083.92656,38211.00481,3,33,300,16,7.44339248,0
2025-02-07,30,True,4,69.32233034,29.26440234,21.12726062,4.496580033e-07,0,0.1411490644,65,65,40083.92656,38211.00481,4,65,150,32,2.06103433,0
2025-02-08,31,True,4,762.0387599,279.9147601,109.1052377,4.946625948e-07,0,0.04644557814,5,5,36021.4602,34901.80116,0,5,2400,-1,-1,0
2025-02-08,31,True,4,494.2448894,139.9573801,53.84577528,4.946625948e-07,0,0.04563862993,9,9,36021.4602,34901.80116,1,9,1200,4,92.89893411,0
2025-02-08,31,True,4,248.4133981,69.97869003,26.72376449,4.946625948e-07,0,0.04500357501,17,17,36021.4602,34901.80116,2,17,600,8,16.11644025,0
2025-02-08,31,True,4,124.6465811,34.98934501,13.31765528,4.946625948e-07,0,0.04443381485,32,32,36021.4602,34901.80116,3,33,300,15,1.632482427,0
2025-02-08,31,True,4,62.76313715,17.49467251,6.653916422,4.946625948e-07,0,0.04436488646,62,62,36021.4602,34901.80116,4,65,150,30,1.721749867,0
2025-02-09,32,True,4,1041.780096,481.6077045,54.29136745,3.871072327e-07,0,0.07900682022,5,5,66321.67296,64395.24214,0,5,2400,-1,-1,0
2025-02-09,32,True,4,549.1755183,240.8038522,15.29387186,3.871072327e-07,0,0.01546318727,9,9,66321.67296,64395.24214,1,9,1200,4,112.2751466,0
2025-02-09,32,True,4,281.3661123,120.4019261,6.57151951,3.871072327e-07,0,0.01431292516,17,17,66321.67296,64395.24214,2,17,600,8,9.28358952,0
2025-02-09,32,True,4,141.4948197,60.20096306,2.444096234,3.871072327e-07,0,0.01281389099,33,33,66321.67296,64395.24214,3,33,300,16,11.4917919,7.275957614e-12
2025-02-09,32,True,4,70.75228967,30.10048153,1.157482499,3.871072327e-07,0,0.007741522366,62,62,66321.67296,64395.24214,4,65,150,29,2.186256357,2.182787284e-11
2025-02-10,33,True,4,1041.928393,492.383287,65.34604339,4.978428864e-07,0,0.08217833355,5,5,66358.26302,64388.72987,0,5,2400,-1,-1,7.275957614e-12
2025-02-10,33,True,4,551.6001302,246.1916435,18.5886523,4.978428864e-07,0,0.01893463549,9,9,66358.26302,64388.72987,1,9,1200,4,107.426098,7.275957614e-12
2025-02-10,33,True,4,280.7212424,123.0958218,7.992754415,4.978428864e-07,0,0.01735478832,17,17,66358.26302,64388.72987,2,17,600,8,8.905250439,7.275957614e-12
2025-02-10,33,True,4,141.4422879,61.54791088,3.006382927,4.978428864e-07,0,0.01539051,33,33,66358.26302,64388.72987,3,33,300,16,13.77704387,7.275957614e-12
2025-02-10,33,True,4,70.75229086,30.77395544,1.397883488,4.978428864e-07,0,0.00934398751,64,64,66358.26302,64388.72987,4,65,150,31,2.122014967,7.275957614e-12
2025-02-11,34,True,4,1104.824236,484.5360718,79.33656393,6.254359781e-07,0,0.04867102954,5,5,65323.38079,63385.23651,0,5,2400,-1,-1,0
2025-02-11,34,True,4,566.1634155,242.2680359,24.66153934,6.254359781e-07,0,0.0425924935,9,9,65323.38079,63385.23651,1,9,1200,4,33.41543375,0
2025-02-11,34,True,4,283.1629033,121.1340179,8.336165428,6.254359781e-07,0,0.017765002,17,17,65323.38079,63385.23651,2,17,600,8,9.832129975,7.275957614e-12
2025-02-11,34,True,4,141.6003317,60.56700897,3.108883466,6.254359781e-07,0,0.01646819366,32,32,65323.38079,63385.23651,3,33,300,15,4.300445395,1.455191523e-11
2025-02-11,34,True,4,70.80016587,30.28350448,1.314545027,6.254359781e-07,0,0.008796776238,55,55,65323.38079,63385.23651,4,65,150,23,3.019144299,2.182787284e-11
2025-02-12,35,True,4,1118.03533,494.9239129,63.79031804,7.146065226e-07,0,0.030343712,5,5,64690.94891,62711.25326,0,5,2400,-1,-1,0
2025-02-12,35,True,4,566.2567403,247.4619564,29.84748238,7.146065226e-07,0,0.02689404029,9,9,64690.94891,62711.25326,1,9,1200,4,48.12356144,0
2025-02-12,35,True,4,283.2101539,123.7309782,14.45339194,7.146065226e-07,0,0.02481239085,16,16,64690.94891,62711.25326,2,17,600,7,13.80332124,0
2025-02-12,35,True,4,141.609903,61.86548911,7.065340909,7.146065226e-07,0,0.02444639388,30,30,64690.94891,62711.25326,3,33,300,14,5.148876931,0
2025-02-12,35,True,4,70.80973682,30.93274456,3.409266896,7.146065226e-07,0,0.02416090242,54,54,64690.94891,62711.25326,4,65,150,24,2.758624165,7.275957614e-12
2025-02-13,36,True,4,1122.15165,499.6530274,31.1482899,3.261050029e-07,0,0.01881724368,5,5,64139.03689,62140.42478,0,5,2400,-1,-1,0
2025-02-13,36,True,4,566.2305184,249.8265137,14.2527499,3.261050029e-07,0,0.01252991477,9,9,64139.03689,62140.42478,1,9,1200,4,60.89933975,0
2025-02-13,36,True,4,283.2005951,124.9132568,6.90055262,3.261050029e-07,0,0.01185815866,17,17,64139.03689,62140.42478,2,17,600,8,61.19015583,0
2025-02-13,36,True,4,141.6003328,62.45662842,3.394412957,3.261050029e-07,0,0.01145811095,31,31,64139.03689,62140.42478,3,33,300,14,4.2040863,7.275957614e-12
2025-02-13,36,True,4,70.8001664,31.22831421,1.68336799,3.261050029e-07,0,0.01126986498,55,55,64139.03689,62140.42478,4,65,150,24,2.172145184,2.182787284e-11
2025-02-14,37,True,4,937.6549567,615.3057989,468.0161714,6.897378845e-07,0,0.2009070782,5,5,39663.27007,37202.04688,0,5,2400,-1,-1,0
2025-02-14,37,True,4,511.6829319,307.6528994,230.8426987,6.897378845e-07,0,0.1951113526,9,9,39663.27007,37202.04688,1,9,1200,4,78.94251451,0
2025-02-14,37,True,4,265.7537139,153.8264497,114.6594242,6.897378845e-07,0,0.191686474,17,17,39663.27007,37202.04688,2,17,600,8,8.941852861,0
2025-02-14,37,True,4,141.5054078,76.91322486,57.24482153,6.897378845e-07,0,0.1912278835,33,33,39663.27007,37202.04688,3,33,300,16,0.9825103137,0
2025-02-14,37,True,4,70.75533728,38.45661243,28.56795331,6.897378845e-07,0,0.1906684779,62,62,39663.27007,37202.04688,4,65,150,29,0.2499341979,7.275957614e-12
2025-02-15,38,True,4,678.2801206,296.8080656,145.8586502,1.878944438e-07,0,0.06259084966,5,5,34659.17489,33471.94263,0,5,2400,-1,-1,0
2025-02-15,38,True,4,493.2460751,148.4040328,71.87104934,1.878944438e-07,0,0.06053465665,9,9,34659.17489,33471.94263,1,9,1200,4,55.98586188,0
2025-02-15,38,True,4,263.1760681,74.20201641,35.72043785,1.878944438e-07,0,0.05996126612,17,17,34659.17489,33471.94263,2,17,600,8,33.39774643,0
2025-02-15,38,True,4,138.3976713,37.1010082,17.80742726,1.878944438e-07,0,0.05953022521,32,32,34659.17489,33471.94263,3,33,300,15,3.865744602,0
2025-02-15,38,True,4,69.81066304,18.5505041,8.887553121,1.878944438e-07,0,0.05940175121,62,62,34659.17489,33471.94263,4,65,150,30,6.35473761,0
2025-02-16,39,True,4,1134.731633,622.2247214,61.03674926,5.777361135e-07,0,0.03607244493,5,5,63431.04261,60942.14372,0,5,2400,-1,-1,7.275957614e-12
2025-02-16,39,True,4,568.5586255,311.1123607,19.57506658,5.777361135e-07,0,0.03190956343,9,9,63431.04261,60942.14372,1,9,1200,4,60.30067913,7.275957614e-12
2025-02-16,39,True,4,284.6319441,155.5561803,8.161240379,5.777361135e-07,0,0.01427555491,15,15,63431.04261,60942.14372,2,17,600,6,10.14742084,0
2025-02-16,39,True,4,142.3316523,77.77809017,3.970244283,5.777361135e-07,0,0.01342745681,27,27,63431.04261,60942.14372,3,33,300,12,13.07234179,0
2025-02-16,39,True,4,71.18148696,38.88904509,1.968684108,5.777361135e-07,0,0.0132066525,48,48,63431.04261,60942.14372,4,65,150,21,5.146198619,1.455191523e-11
2025-02-17,40,True,4,1133.024377,613.9776688,79.39150752,4.898885944e-07,0,0.04868844643,5,5,63614.71907,61158.80839,0,5,2400,-1,-1,0
2025-02-17,40,True,4,568.0426042,306.9888344,26.53996852,4.898885944e-07,0,0.02823547974,9,9,63614.71907,61158.80839,1,9,1200,4,43.33709849,0
2025-02-17,40,True,4,284.6006465,153.4944172,12.17010325,4.898885944e-07,0,0.02131389932,17,17,63614.71907,61158.80839,2,17,600,8,47.34393234,0
2025-02-17,40,True,4,142.3003306,76.7472086,5.978308714,4.898885944e-07,0,0.02012402685,28,28,63614.71907,61158.80839,3,33,300,11,4.802897747,7.275957614e-12
2025-02-17,40,True,4,71.15016538,38.3736043,2.970717723,4.898885944e-07,0,0.01991137008,51,51,63614.71907,61158.80839,4,65,150,23,6.945080263,2.910383046e-11
2025-02-18,41,True,4,1135.492651,659.3391453,63.02223124,5.28518347e-07,0,0.03156764627,5,5,62985.01466,60347.65808,0,5,2400,-1,-1,0
2025-02-18,41,True,4,569.2491735,329.6695726,27.95512638,5.28518347e-07,0,0.02794418834,9,9,62985.01466,60347.65808,1,9,1200,4,91.94105446,0
2025-02-18,41,True,4,284.6976709,164.8347863,11.66280776,5.28518347e-07,0,0.02636866723,16,16,62985.01466,60347.65808,2,17,600,7,36.78750615,7.275957614e-12
2025-02-18,41,True,4,142.366998,82.41739316,4.751552034,5.28518347e-07,0,0.01682560592,28,28,62985.01466,60347.65808,3,33,300,12,5.853653463,7.275957614e-12
2025-02-18,41,True,4,71.18349904,41.20869658,2.339900356,5.28518347e-07,0,0.01601464506,49,49,62985.01466,60347.65808,4,65,150,21,1.181206699,2.182787284e-11
2025-02-19,42,True,4,1129.054411,648.4134634,59.86332851,5.810502761e-07,0,0.05659590121,5,5,62464.41597,59870.76212,0,5,2400,-1,-1,0
2025-02-19,42,True,4,567.5193219,324.2067317,23.0387155,5.810502761e-07,0,0.01997015348,9,9,62464.41597,59870.76212,1,9,1200,4,66.28548443,0
2025-02-19,42,True,4,284.318918,162.1033658,11.25392637,5.810502761e-07,0,0.01920836848,17,17,62464.41597,59870.76212,2,17,600,8,18.9404169,0
2025-02-19,42,True,4,142.3003318,81.05168292,5.54572349,5.810502761e-07,0,0.01872821366,31,31,62464.41597,59870.76212,3,33,300,14,7.942321431,0
2025-02-19,42,True,4,71.15016592,40.52584146,2.759042422,5.810502761e-07,0,0.01848303911,52,52,62464.41597,59870.76212,4,65,150,21,2.550930905,7.275957614e-12
2025-02-20,43,True,4,1013.651506,525.5659971,43.6746326,3.594624368e-07,0,0.03872915172,5,5,61785.84446,59683.58047,0,5,2400,-1,-1,0
2025-02-20,43,True,4,553.6624264,262.7829985,14.72423391,3.594624368e-07,0,0.01298330049,9,9,61785.84446,59683.58047,1,9,1200,4,46.48641694,0
2025-02-20,43,True,4,283.0235451,131.3914993,7.207581817,3.594624368e-07,0,0.01228880551,17,17,61785.84446,59683.58047,2,17,600,8,15.36799608,0
2025-02-20,43,True,4,141.523243,65.69574963,3.559680299,3.594624368e-07,0,0.01199993852,32,32,61785.84446,59683.58047,3,33,300,15,3.092503289,0
2025-02-20,43,True,4,70.77307722,32.84787482,1.761800977,3.594624368e-07,0,0.0119415469,61,61,61785.84446,59683.58047,4,65,150,29,1.443753785,0
2025-02-21,44,True,4,704.1495391,372.8128031,233.9114302,4.716450469e-07,0,0.1006112767,5,5,35472.2022,33980.95098,0,5,2400,-1,-1,0
2025-02-21,44,True,4,481.7100139,186.4064016,114.9946085,4.716450469e-07,0,0.09728653157,9,9,35472.2022,33980.95098,1,9,1200,4,59.409952,0
2025-02-21,44,True,4,262.351057,93.20320078,57.19062968,4.716450469e-07,0,0.09580954432,17,17,35472.2022,33980.95098,2,17,600,8,31.28978019,0
2025-02-21,44,True,4,138.5843076,46.60160039,28.52831078,4.716450469e-07,0,0.09540358585,33,33,35472.2022,33980.95098,3,33,300,16,6.403286053,0
2025-02-21,44,True,4,70.23107092,23.30080019,14.23665186,4.716450469e-07,0,0.09520567261,63,63,35472.2022,33980.95098,4,65,150,30,4.541087179,0
2025-02-22,45,True,4,632.6832433,320.0841992,192.8589205,3.755508132e-07,0,0.08322360638,5,5,34455.93952,33175.60272,0,5,2400,-1,-1,0
2025-02-22,45,True,4,445.6854988,160.0420996,94.75264084,3.755508132e-07,0,0.08027732404,9,9,34455.93952,33175.60272,1,9,1200,4,68.27510018,0
2025-02-22,45,True,4,260.3967701,80.02104979,47.09625816,3.755508132e-07,0,0.07894143167,17,17,34455.93952,33175.60272,2,17,600,8,30.44493924,0
2025-02-22,45,True,4,136.7871298,40.0105249,23.49074909,3.755508132e-07,0,0.0784344388,33,33,34455.93952,33175.60272,3,33,300,16,13.52824096,0
2025-02-22,45,True,4,70.69777724,20.00526245,11.73720204,3.755508132e-07,0,0.07833198032,64,64,34455.93952,33175.60272,4,65,150,31,4.291348818,7.275957614e-12
2025-02-23,46,True,4,1046.541115,598.3182313,75.59507905,3.191653568e-07,0,0.05616959281,5,5,61893.14319,59499.87026,0,5,2400,-1,-1,0
2025-02-23,46,True,4,557.9436134,299.1591157,25.28151107,3.191653568e-07,0,0.02225816989,9,9,61893.14319,59499.87026,1,9,1200,4,48.00442444,0
2025-02-23,46,True,4,283.0356121,149.5795578,12.35510747,3.191653568e-07,0,0.02091175789,16,16,61893.14319,59499.87026,2,17,600,7,30.36102623,7.275957614e-12
2025-02-23,46,True,4,141.5352854,74.78977892,6.117769215,3.191653568e-07,0,0.02067100583,31,31,61893.14319,59499.87026,3,33,300,15,5.245224178,7.275957614e-12
2025-02-23,46,True,4,70.78511999,37.39488946,3.047354392,3.191653568e-07,0,0.0203979812,58,58,61893.14319,59499.87026,4,65,150,27,1.998504077,1.455191523e-11
2025-02-24,47,True,4,1044.146303,578.9130709,83.16795916,5.903722521e-07,0,0.09423901267,5,5,61529.82044,59214.16816,0,5,2400,-1,-1,0
2025-02-24,47,True,4,562.6088623,289.4565355,23.10393904,5.903722521e-07,0,0.02125520876,9,9,61529.82044,59214.16816,1,9,1200,4,49.99551937,0
2025-02-24,47,True,4,283.0626541,144.7282677,11.17289309,5.903722521e-07,0,0.01907103098,17,17,61529.82044,59214.16816,2,17,600,8,20.78349171,0
2025-02-24,47,True,4,141.5623239,72.36413387,5.533347905,5.903722521e-07,0,0.01855841288,31,31,61529.82044,59214.16816,3,33,300,14,3.04484315,7.275957614e-12
2025-02-24,47,True,4,70.80016533,36.18206693,2.755265834,5.903722521e-07,0,0.01844597078,59,59,61529.82044,59214.16816,4,65,150,28,2.257759039,7.275957614e-12
2025-02-25,48,True,4,1081.577853,544.7820181,93.94470321,4.196651676e-07,0,0.08551197932,5,5,61005.82359,58826.69552,0,5,2400,-1,-1,0
2025-02-25,48,True,4,566.1661505,272.391009,25.38891551,4.196651676e-07,0,0.03321808319,9,9,61005.82359,58826.69552,1,9,1200,4,43.70214834,0
2025-02-25,48,True,4,283.1656775,136.1955045,8.748725307,4.196651676e-07,0,0.01500809437,17,17,61005.82359,58826.69552,2,17,600,8,10.24744701,0
2025-02-25,48,True,4,141.6003312,68.09775226,4.301078835,4.196651676e-07,0,0.01456763427,32,32,61005.82359,58826.69552,3,33,300,15,6.326060456,0
2025-02-25,48,True,4,70.80016567,34.04887613,2.128480708,4.196651676e-07,0,0.01424838565,59,59,61005.82359,58826.69552,4,65,150,27,1.033987834,2.910383046e-11
2025-02-26,49,True,4,1094.140923,475.2333594,78.7458783,5.287986538e-07,0,0.06520043027,5,5,59995.23257,58094.29913,0,5,2400,-1,-1,0
2025-02-26,49,True,4,566.2066524,237.6166797,21.63683339,5.287986538e-07,0,0.0300113009,9,9,59995.23257,58094.29913,1,9,1200,4,21.40108938,0
2025-02-26,49,True,4,283.2006528,118.8083399,8.08894504,5.287986538e-07,0,0.01419523869,17,17,59995.23257,58094.29913,2,17,600,8,17.81115528,0
2025-02-26,49,True,4,141.6003317,59.40416993,3.949754869,5.287986538e-07,0,0.0135333232,30,30,59995.23257,58094.29913,3,33,300,13,2.085262174,2.182787284e-11
2025-02-26,49,True,4,70.80016593,29.70208497,1.941046812,5.287986538e-07,0,0.01331018336,55,55,59995.23257,58094.29913,4,65,150,25,1.308734101,7.275957614e-12
2025-02-27,50,True,4,1090.502435,461.4423512,72.94772758,5.252473753e-07,0,0.05315475868,5,5,59585.36534,57739.59594,0,5,2400,-1,-1,0
2025-02-27,50,True,4,566.1552088,230.7211756,21.69257645,5.252473753e-07,0,0.02588932559,9,9,59585.36534,57739.59594,1,9,1200,4,52.42106456,0
2025-02-27,50,True,4,283.1547664,115.3605878,7.517858582,5.252473753e-07,0,0.01913053458,17,17,59585.36534,57739.59594,2,17,600,8,22.67551513,0
2025-02-27,50,True,4,141.6003317,57.6802939,2.972709662,5.252473753e-07,0,0.01025372632,32,32,59585.36534,57739.59594,3,33,300,15,7.298385598,0
2025-02-27,50,True,4,70.80016592,28.84014695,1.460035863,5.252473753e-07,0,0.01001263843,60,60,59585.36534,57739.59594,4,65,150,28,1.775088401,0
2025-02-28,51,True,4,555.8973702,314.9149262,216.0479221,5.95146899e-07,0,0.0924363616,5,5,34136.51615,32876.85644,0,5,2400,-1,-1,0
2025-02-28,51,True,4,390.0838256,157.4574631,106.7085639,5.95146899e-07,0,0.08995305162,9,9,34136.51615,32876.85644,1,9,1200,4,44.50549752,0
2025-02-28,51,True,4,254.23718,78.72873155,53.07126847,5.95146899e-07,0,0.08903002164,17,17,34136.51615,32876.85644,2,17,600,8,30.49428082,0
2025-02-28,51,True,4,130.4703334,39.36436577,26.44472667,5.95146899e-07,0,0.08854992564,33,33,34136.51615,32876.85644,3,33,300,16,12.03354882,0
2025-02-28,51,True,4,66.4483958,19.68218289,13.19672997,5.95146899e-07,0,0.08804578699,64,64,34136.51615,32876.85644,4,65,150,31,2.952422362,0
2025-03-01,28,True,4,515.0703957,291.2513088,202.4535588,5.910261477e-07,0,0.08655825773,5,5,33353.27524,32188.27001,0,5,2400,-1,-1,0
2025-03-01,28,True,4,388.1257228,145.6256544,100.0477325,5.910261477e-07,0,0.0843242395,9,9,33353.27524,32188.27001,1,9,1200,4,9.887406094,0
2025-03-01,28,True,4,255.1959368,72.8128272,49.7923824,5.910261477e-07,0,0.08342878703,17,17,33353.27524,32188.27001,2,17,600,8,43.58753045,3.637978807e-12
2025-03-01,28,True,4,135.8995638,36.4064136,24.81671143,5.910261477e-07,0,0.08293862465,33,33,33353.27524,32188.27001,3,33,300,16,21.85846953,3.637978807e-12
2025-03-01,28,True,4,70.05142345,18.2032068,12.38607096,5.910261477e-07,0,0.08279009042,64,64,33353.27524,32188.27001,4,65,150,31,1.275741021,3.637978807e-12
2025-03-02,29,True,4,966.3614351,322.5076337,9.925917034,4.669858674e-07,0,0.006176537658,5,5,58485.15968,57195.12915,0,5,2400,-1,-1,0
2025-03-02,29,True,4,546.379111,161.2538169,3.142386772,4.669858674e-07,0,0.00492613378,9,9,58485.15968,57195.12915,1,9,1200,4,54.14845316,0
2025-03-02,29,True,4,282.9698355,80.62690843,0.8538359135,4.669858674e-07,0,0.001527072069,17,17,58485.15968,57195.12915,2,17,600,8,13.58615275,0
2025-03-02,29,True,4,141.5054324,40.31345421,0.4030691926,4.669858674e-07,0,0.001488925841,32,32,58485.15968,57195.12915,3,33,300,15,2.633277404,0
2025-03-02,29,True,4,70.75526713,20.15672711,0.1812272044,4.669858674e-07,0,0.001457608161,60,60,58485.15968,57195.12915,4,65,150,28,1.4529512,2.182787284e-11
2025-03-03,30,True,4,1091.393058,394.9345947,25.54431795,4.56778542e-07,0,0.01903638701,5,5,59162.65764,57582.91926,0,5,2400,-1,-1,0
2025-03-03,30,True,4,566.2426372,197.4672974,5.693738124,4.56778542e-07,0,0.00607323065,9,9,59162.65764,57582.91926,1,9,1200,4,102.7804145,0
2025-03-03,30,True,4,283.2006614,98.73364868,2.166764575,4.56778542e-07,0,0.005682789282,17,17,59162.65764,57582.91926,2,17,600,8,29.8720736,0
2025-03-03,30,True,4,141.6003308,49.36682434,0.8584303378,4.56778542e-07,0,0.003206001427,32,32,59162.65764,57582.91926,3,33,300,15,9.429404867,0
2025-03-03,30,True,4,70.80016548,24.68341217,0.3859711432,4.56778542e-07,0,0.003132052366,59,59,59162.65764,57582.91926,4,65,150,27,1.460119092,2.182787284e-11
2025-03-04,31,True,4,1085.359762,423.8321393,43.7601844,4.685559788e-07,0,0.04123183012,5,5,59703.58792,58008.25936,0,5,2400,-1,-1,0
2025-03-04,31,True,4,566.2145181,211.9160696,9.106656377,4.685559788e-07,0,0.01636933886,9,9,59703.58792,58008.25936,1,9,1200,4,50.25197358,0
2025-03-04,31,True,4,283.2006619,105.9580348,2.126416442,4.685559788e-07,0,0.007900212287,17,17,59703.58792,58008.25936,2,17,600,8,42.07482973,0
2025-03-04,31,True,4,141.600331,52.97901741,0.9526153316,4.685559788e-07,0,0.003198929042,32,32,59703.58792,58008.25936,3,33,300,15,8.266195252,7.275957614e-12
2025-03-04,31,True,4,70.80016556,26.48950871,0.4742574777,4.685559788e-07,0,0.003174703831,58,58,59703.58792,58008.25936,4,65,150,26,2.564453868,7.275957614e-12
2025-03-05,32,True,4,1087.994078,440.3688907,52.72392835,5.094349103e-07,0,0.04749912694,5,5,59689.52904,57928.05348,0,5,2400,-1,-1,0
2025-03-05,32,True,4,566.2158304,220.1844453,12.04554567,5.094349103e-07,0,0.0184986037,9,9,59689.52904,57928.05348,1,9,1200,4,52.94455534,0
2025-03-05,32,True,4,283.2006636,110.0922227,3.168351429,5.094349103e-07,0,0.009638289545,17,17,59689.52904,57928.05348,2,17,600,8,37.43388003,0
2025-03-05,32,True,4,141.6003318,55.04611134,1.110099619,5.094349103e-07,0,0.003716426196,32,32,59689.52904,57928.05348,3,33,300,15,7.391689629,1.455191523e-11
2025-03-05,32,True,4,70.80016595,27.52305567,0.553541106,5.094349103e-07,0,0.003703665487,58,58,59689.52904,57928.05348,4,65,150,26,2.999833503,2.910383046e-11
2025-03-06,33,True,4,1088.524052,390.3204785,27.00773417,4.786012717e-07,0,0.01771116825,5,5,58942.61425,57381.33234,0,5,2400,-1,-1,0
2025-03-06,33,True,4,566.1407777,195.1602393,8.471858739,4.786012717e-07,0,0.01369817465,9,9,58942.61425,57381.33234,1,9,1200,4,121.6177702,0
2025-03-06,33,True,4,283.1454704,97.58011964,2.790968015,4.786012717e-07,0,0.005298191583,17,17,58942.61425,57381.33234,2,17,600,8,45.66404657,0
2025-03-06,33,True,4,141.6003317,48.79005982,1.232853283,4.786012717e-07,0,0.004822729401,33,33,58942.61425,57381.33234,3,33,300,16,5.505303803,0
2025-03-06,33,True,4,70.80016588,24.39502991,0.5718439565,4.786012717e-07,0,0.004043200244,61,61,58942.61425,57381.33234,4,65,150,28,2.334069886,7.275957614e-12
2025-03-07,34,True,4,613.2473531,274.5317045,149.8611007,5.155951345e-07,0,0.06407188236,5,5,32681.38419,31583.25737,0,5,2400,-1,-1,3.637978807e-12
2025-03-07,34,True,4,470.271997,137.2658523,73.98202694,5.155951345e-07,0,0.06243382459,9,9,32681.38419,31583.25737,1,9,1200,4,66.81361452,3.637978807e-12
2025-03-07,34,True,4,267.6260193,68.63292613,36.77023643,5.155951345e-07,0,0.06167647662,17,17,32681.38419,31583.25737,2,17,600,8,27.56456048,3.637978807e-12
2025-03-07,34,True,4,138.8404489,34.31646307,18.31950507,5.155951345e-07,0,0.06137209445,32,32,32681.38419,31583.25737,3,33,300,15,3.735622105,3.637978807e-12
2025-03-07,34,True,4,70.4504213,17.15823153,9.133546978,5.155951345e-07,0,0.06104600342,63,63,32681.38419,31583.25737,4,65,150,31,1.303609294,3.637978807e-12
2025-03-08,35,True,4,741.6427596,276.8609519,112.9432434,4.365870955e-07,0,0.04831623296,5,5,31841.17744,30733.73363,0,5,2400,-1,-1,0
2025-03-08,35,True,4,511.0307375,138.4304759,55.77234017,4.365870955e-07,0,0.04709070101,9,9,31841.17744,30733.73363,1,9,1200,4,70.28666397,0
2025-03-08,35,True,4,263.4816989,69.21523797,27.72629538,4.365870955e-07,0,0.04640862567,17,17,31841.17744,30733.73363,2,17,600,8,42.35321436,0
2025-03-08,35,True,4,135.6896956,34.60761898,13.83109229,4.365870955e-07,0,0.04620117558,33,33,31841.17744,30733.73363,3,33,300,16,8.031677436,0
2025-03-08,35,True,4,69.22073926,17.30380949,6.906284844,4.365870955e-07,0,0.04611940206,63,63,31841.17744,30733.73363,4,65,150,30,0.9796683511,3.637978807e-12
2025-03-09,36,True,4,1091.60596,357.4388325,6.971085132,5.243604909e-07,0,0.004310687545,5,5,58349.93545,56920.18012,0,5,2400,-1,-1,0
2025-03-09,36,True,4,566.1759135,178.7194162,2.788225973,5.243604909e-07,0,0.003009496744,9,9,58349.93545,56920.18012,1,9,1200,4,62.0911108,0
2025-03-09,36,True,4,283.1753691,89.35970812,1.082404809,5.243604909e-07,0,0.002777263472,17,17,58349.93545,56920.18012,2,17,600,8,9.62797334,0
2025-03-09,36,True,4,141.6003306,44.67985406,0.2734878535,5.243604909e-07,0,0.0009179635885,31,31,58349.93545,56920.18012,3,33,300,14,20.76606544,1.455191523e-11
2025-03-09,36,True,4,70.80016538,22.33992703,0.1362293077,5.243604909e-07,0,0.00091035772,57,57,58349.93545,56920.18012,4,65,150,26,0.8701008994,1.455191523e-11
2025-03-10,37,True,4,1105.641803,373.4225093,3.42561585,5.091563352e-07,0,0.001922507181,5,5,57911.20072,56417.51068,0,5,2400,-1,-1,0
2025-03-10,37,True,4,566.2378248,186.7112546,1.456458279,5.091563352e-07,0,0.001355958634,9,9,57911.20072,56417.51068,1,9,1200,4,33.79205978,0
2025-03-10,37,True,4,283.2006218,93.35562732,0.6829926385,5.091563352e-07,0,0.001207059695,17,17,57911.20072,56417.51068,2,17,600,8,21.92066685,0
2025-03-10,37,True,4,141.6003309,46.67781366,0.3374999574,5.091563352e-07,0,0.001133090817,31,31,57911.20072,56417.51068,3,33,300,14,2.897372351,7.275957614e-12
2025-03-10,37,True,4,70.80016552,23.33890683,0.1679262551,5.091563352e-07,0,0.001129213905,58,58,57911.20072,56417.51068,4,65,150,27,0.8581404901,2.910383046e-11
2025-03-11,38,True,4,1106.320464,385.5468192,3.437599252,4.314413144e-07,0,0.001867413271,5,5,57703.646,56161.45872,0,5,2400,-1,-1,0
2025-03-11,38,True,4,566.2700161,192.7734096,1.443031211,4.314413144e-07,0,0.001321303299,9,9,57703.646,56161.45872,1,9,1200,4,24.10620378,0
2025-03-11,38,True,4,283.2159379,96.38670479,0.6755695903,4.314413144e-07,0,0.001223519742,17,17,57703.646,56161.45872,2,17,600,8,5.39505553,0
2025-03-11,38,True,4,141.615643,48.19335239,0.3237314736,4.314413144e-07,0,0.001093449927,31,31,57703.646,56161.45872,3,33,300,14,19.48400354,7.275957614e-12
2025-03-11,38,True,4,70.81547757,24.0966762,0.1606856065,4.314413144e-07,0,0.001078738011,58,58,57703.646,56161.45872,4,65,150,27,4.637002374,3.637978807e-11
2025-03-12,39,True,4,1127.284124,413.3478373,2.693583356,4.943616504e-07,0,0.001346566496,5,5,57380.92145,55727.5301,0,5,2400,-1,-1,0
2025-03-12,39,True,4,567.2445835,206.6739187,1.150348657,4.943616504e-07,0,0.001186245049,9,9,57380.92145,55727.5301,1,9,1200,4,32.24026392,0
2025-03-12,39,True,4,284.0681642,103.3369593,0.5340442337,4.943616504e-07,0,0.0009308567742,17,17,57380.92145,55727.5301,2,17,600,8,21.95314063,0
2025-03-12,39,True,4,142.3003308,51.66847966,0.2610956576,4.943616504e-07,0,0.0008923319481,32,32,57380.92145,55727.5301,3,33,300,15,8.147406147,4.365574569e-11
2025-03-12,39,True,4,71.15016543,25.83423983,0.1289542091,4.943616504e-07,0,0.000870648928,59,59,57380.92145,55727.5301,4,65,150,27,10.11900549,4.365574569e-11
2025-03-13,40,True,4,1132.054626,448.3826266,2.027754014,4.457419341e-07,0,0.0009682045612,5,5,57132.28851,55338.75801,0,5,2400,-1,-1,0
2025-03-13,40,True,4,567.7996282,224.1913133,0.910882592,4.457419341e-07,0,0.0008897159545,9,9,57132.28851,55338.75801,1,9,1200,4,50.55819725,0
2025-03-13,40,True,4,284.5893992,112.0956566,0.4057811755,4.457419341e-07,0,0.0007964545946,17,17,57132.28851,55338.75801,2,17,600,8,17.9569015,0
2025-03-13,40,True,4,142.3003311,56.04782832,0.1946889683,4.457419341e-07,0,0.00065655704,32,32,57132.28851,55338.75801,3,33,300,15,9.166357393,0
2025-03-13,40,True,4,71.15016558,28.02391416,0.09670535289,4.457419341e-07,0,0.0006488938271,57,57,57132.28851,55338.75801,4,65,150,25,1.085980817,1.455191523e-11
2025-03-14,41,True,4,807.9895988,297.4872101,115.914641,3.026861431e-07,0,0.04979685222,5,5,31363.54748,30173.59864,0,5,2400,-1,-1,0
2025-03-14,41,True,4,514.857833,148.7436051,56.92497575,3.026861431e-07,0,0.04831323934,9,9,31363.54748,30173.59864,1,9,1200,4,72.86687521,0
2025-03-14,41,True,4,267.1195974,74.37180253,28.19621416,3.026861431e-07,0,0.04746676637,17,17,31363.54748,30173.59864,2,17,600,8,28.01349677,0
2025-03-14,41,True,4,137.1483112,37.18590127,14.07437865,3.026861431e-07,0,0.04695890645,33,33,31363.54748,30173.59864,3,33,300,16,7.67260936,0
2025-03-14,41,True,4,69.77068716,18.59295063,7.033268739,3.026861431e-07,0,0.04692384891,63,63,31363.54748,30173.59864,4,65,150,30,1.5443806,0
2025-03-15,42,True,4,865.1134847,307.7734439,109.1983979,4.502977127e-07,0,0.04690525047,5,5,30935.41702,29704.32325,0,5,2400,-1,-1,0
2025-03-15,42,True,4,519.4568888,153.8867219,53.60816482,4.502977127e-07,0,0.04558769975,9,9,30935.41702,29704.32325,1,9,1200,4,76.6538389,0
2025-03-15,42,True,4,270.2955281,76.94336097,26.54315603,4.502977127e-07,0,0.04466932748,17,17,30935.41702,29704.32325,2,17,600,8,45.20788764,3.637978807e-12
2025-03-15,42,True,4,138.9733347,38.47168048,13.24293867,4.502977127e-07,0,0.04417766199,33,33,30935.41702,29704.32325,3,33,300,16,4.186060753,3.637978807e-12
2025-03-15,42,True,4,70.75728646,19.23584024,6.618172856,4.502977127e-07,0,0.04414183892,63,63,30935.41702,29704.32325,4,65,150,30,9.556459849,3.637978807e-12
2025-03-16,43,True,4,1133.287848,477.4089191,3.325675801,4.850733787e-07,0,0.001535430589,5,5,57005.31096,55095.67528,0,5,2400,-1,-1,0
2025-03-16,43,True,4,567.9853611,238.7044596,1.537525087,4.850733787e-07,0,0.001428554953,9,9,57005.31096,55095.67528,1,9,1200,4,58.02800718,0
2025-03-16,43,True,4,284.6006468,119.3522298,0.7098323551,4.850733787e-07,0,0.001316867442,17,17,57005.31096,55095.67528,2,17,600,8,18.32148397,0
2025-03-16,43,True,4,142.3003293,59.67611489,0.3248276636,4.850733787e-07,0,0.001149957525,32,32,57005.31096,55095.67528,3,33,300,15,10.14696961,0
2025-03-16,43,True,4,71.15016474,29.83805745,0.158126241,4.850733787e-07,0,0.001057049644,57,57,57005.31096,55095.67528,4,65,150,25,3.44117364,7.275957614e-12
2025-03-17,44,True,4,1134.532663,491.4501939,4.978424468,4.638121143e-07,0,0.01329716511,5,5,56837.00254,54871.20176,0,5,2400,-1,-1,0
2025-03-17,44,True,4,568.4104456,245.7250969,0.9630102092,4.638121143e-07,0,0.000869423744,9,9,56837.00254,54871.20176,1,9,1200,4,61.97051312,0
2025-03-17,44,True,4,284.6188953,122.8625485,0.4606389533,4.638121143e-07,0,0.0008107859637,17,17,56837.00254,54871.20176,2,17,600,8,25.6800846,0
2025-03-17,44,True,4,142.3185945,61.43127423,0.2239846736,4.638121143e-07,0,0.0007702856677,32,32,56837.00254,54871.20176,3,33,300,15,4.388973378,0
2025-03-17,44,True,4,71.16842913,30.71563712,0.1097994931,4.638121143e-07,0,0.0007517138617,58,58,56837.00254,54871.20176,4,65,150,26,3.031778435,4.365574569e-11
2025-03-18,45,True,4,1135.125794,552.8307405,7.918172375,4.906571196e-07,0,0.006636108151,5,5,56215.19428,54003.87131,0,5,2400,-1,-1,0
2025-03-18,45,True,4,568.9116597,276.4153702,0.7530527095,4.906571196e-07,0,0.005538463905,9,9,56215.19428,54003.87131,1,9,1200,4,60.94794297,0
2025-03-18,45,True,4,284.6494369,138.2076851,0.1573350582,4.906571196e-07,0,0.000267927935,17,17,56215.19428,54003.87131,2,17,600,8,19.23824738,0
2025-03-18,45,True,4,142.3491395,69.10384256,0.07758703494,4.906571196e-07,0,0.0002623587071,31,31,56215.19428,54003.87131,3,33,300,14,11.96459193,7.275957614e-12
2025-03-18,45,True,4,71.18349859,34.55192128,0.03854767149,4.906571196e-07,0,0.0002578951417,56,56,56215.19428,54003.87131,4,65,150,25,3.030484999,7.275957614e-12
2025-03-19,46,True,4,1134.755501,551.3238149,6.64192893,5.275473197e-07,0,0.005210926011,5,5,55780.01769,53574.72243,0,5,2400,-1,-1,0
2025-03-19,46,True,4,568.5968478,275.6619075,2.121713456,5.275473197e-07,0,0.003378398029,9,9,55780.01769,53574.72243,1,9,1200,4,68.96528533,0
2025-03-19,46,True,4,284.6393876,137.8309537,0.1492969355,5.275473197e-07,0,0.002797970561,17,17,55780.01769,53574.72243,2,17,600,8,35.12108698,0
2025-03-19,46,True,4,142.3390773,68.91547687,0.0374759431,5.275473197e-07,0,0.000125925669,31,31,55780.01769,53574.72243,3,33,300,14,6.89185731,0
2025-03-19,46,True,4,71.18349878,34.45773843,0.01870854476,5.275473197e-07,0,0.0001255319732,58,58,55780.01769,53574.72243,4,65,150,27,2.421124313,7.275957614e-12
2025-03-20,47,True,4,1127.443045,534.304799,6.515414225,4.554357361e-07,0,0.004284307783,5,5,55423.68687,53286.46767,0,5,2400,-1,-1,0
2025-03-20,47,True,4,566.8936041,267.1523995,2.53614078,4.554357361e-07,0,0.002635161542,9,9,55423.68687,53286.46767,1,9,1200,4,44.08020571,7.275957614e-12
2025-03-20,47,True,4,283.7233791,133.5761997,0.9848741344,4.554357361e-07,0,0.002556815042,17,17,55423.68687,53286.46767,2,17,600,8,9.873257797,7.275957614e-12
2025-03-20,47,True,4,142.1071304,66.78809987,0.2265440043,4.554357361e-07,0,0.002433541175,33,33,55423.68687,53286.46767,3,33,300,16,3.254869618,7.275957614e-12
2025-03-20,47,True,4,71.14520229,33.39404994,0.0137102208,4.554357361e-07,0,9.193452366e-05,59,59,55423.68687,53286.46767,4,65,150,26,1.386914847,1.455191523e-11
2025-03-21,48,True,4,892.8868214,330.5683698,127.5377045,3.579016455e-07,0,0.05510122636,5,5,30774.23384,29451.96036,0,5,2400,-1,-1,0
2025-03-21,48,True,4,522.388835,165.2841849,62.2752293,3.579016455e-07,0,0.05344058477,9,9,30774.23384,29451.96036,1,9,1200,4,71.69834778,0
2025-03-21,48,True,4,273.675523,82.64209246,30.62992858,3.579016455e-07,0,0.05209607651,17,17,30774.23384,29451.96036,2,17,600,8,7.57248305,0
2025-03-21,48,True,4,141.5063518,41.32104623,15.1473655,3.579016455e-07,0,0.05094412096,32,32,30774.23384,29451.96036,3,33,300,15,3.516504743,0
2025-03-21,48,True,4,70.75618518,20.66052312,7.521226491,3.579016455e-07,0,0.05033623289,61,61,30774.23384,29451.96036,4,65,150,29,4.307581639,3.637978807e-12
2025-03-22,49,True,4,897.1936842,395.6433639,207.1375065,5.187046112e-07,0,0.08931584221,5,5,31232.3556,29649.78214,0,5,2400,-1,-1,0
2025-03-22,49,True,4,524.546943,197.821682,101.4275781,5.187046112e-07,0,0.08664063098,9,9,31232.3556,29649.78214,1,9,1200,4,68.91332194,0
2025-03-22,49,True,4,277.0134183,98.91084098,50.10830684,5.187046112e-07,0,0.08466727516,17,17,31232.3556,29649.78214,2,17,600,8,37.25726603,0
2025-03-22,49,True,4,141.5076588,49.45542049,24.8617771,5.187046112e-07,0,0.08349848198,32,32,31232.3556,29649.78214,3,33,300,15,4.734267354,0
2025-03-22,49,True,4,70.75749751,24.72771024,12.34168962,5.187046112e-07,0,0.08255324405,63,63,31232.3556,29649.78214,4,65,150,31,1.825919898,3.637978807e-12
2025-03-23,50,True,4,1114.120369,536.6872713,8.177411765,4.094627672e-07,0,0.009688602727,5,5,55153.42171,53006.67262,0,5,2400,-1,-1,0
2025-03-23,50,True,4,566.212136,268.3436357,3.260346715,4.094627672e-07,0,0.00299167581,9,9,55153.42171,53006.67262,1,9,1200,4,64.53609598,0
2025-03-23,50,True,4,283.2006546,134.1718178,1.605514865,4.094627672e-07,0,0.00270850534,17,17,55153.42171,53006.67262,2,17,600,8,18.16576918,0
2025-03-23,50,True,4,141.6003305,67.08590891,0.7969106557,4.094627672e-07,0,0.002674932923,32,32,55153.42171,53006.67262,3,33,300,15,5.690252023,7.275957614e-12
2025-03-23,50,True,4,70.80016536,33.54295446,0.3968139302,4.094627672e-07,0,0.002657196068,60,60,55153.42171,53006.67262,4,65,150,28,4.279172614,7.275957614e-12
2025-03-24,51,True,4,1084.124398,492.2937561,7.945833164,3.581396475e-07,0,0.04029698314,5,5,54345.08879,52375.91376,0,5,2400,-1,-1,7.275957614e-12
2025-03-24,51,True,4,566.1645885,246.146878,2.048938749,3.581396475e-07,0,0.002251003387,9,9,54345.08879,52375.91376,1,9,1200,4,90.3806622,7.275957614e-12
2025-03-24,51,True,4,283.1641634,123.073439,0.8992235517,3.581396475e-07,0,0.001659020417,17,17,54345.08879,52375.91376,2,17,600,8,25.99937132,7.275957614e-12
2025-03-24,51,True,4,141.6003296,61.53671951,0.4353263659,3.581396475e-07,0,0.001462981643,33,33,54345.08879,52375.91376,3,33,300,16,5.713564335,7.275957614e-12
2025-03-24,51,True,4,70.80016495,30.76835975,0.2161820715,3.581396475e-07,0,0.001457171297,61,61,54345.08879,52375.91376,4,65,150,28,2.000454143,2.182787284e-11
2025-03-25,52,True,4,1082.875991,499.2543884,9.321249492,3.890490248e-07,0,0.00703519816,5,5,54400.29034,52403.27279,0,5,2400,-1,-1,0
2025-03-25,52,True,4,566.1646518,249.6271942,2.726867713,3.890490248e-07,0,0.003002450484,9,9,54400.29034,52403.27279,1,9,1200,4,87.96744285,0
2025-03-25,52,True,4,283.1642644,124.8135971,1.19724329,3.890490248e-07,0,0.002216883525,17,17,54400.29034,52403.27279,2,17,600,8,27.58955116,0
2025-03-25,52,True,4,141.6003308,62.40679855,0.5806730678,3.890490248e-07,0,0.001961754903,33,33,54400.29034,52403.27279,3,33,300,16,5.001690217,0
2025-03-25,52,True,4,70.80016547,31.20339927,0.2871175628,3.890490248e-07,0,0.001953344739,62,62,54400.29034,52403.27279,4,65,150,29,1.326141911,7.275957614e-12
2025-03-26,53,True,4,1083.415229,479.4025425,13.17183529,3.415503194e-07,0,0.05741802352,5,5,54211.30406,52293.69389,0,5,2400,-1,-1,0
2025-03-26,53,True,4,566.1615827,239.7012713,2.565877893,3.415503194e-07,0,0.002682104113,9,9,54211.30406,52293.69389,1,9,1200,4,95.92470359,0
2025-03-26,53,True,4,283.161183,119.8506356,1.109412264,3.415503194e-07,0,0.002067864537,17,17,54211.30406,52293.69389,2,17,600,8,23.62930369,0
2025-03-26,53,True,4,141.6003309,59.92531782,0.5250988062,3.415503194e-07,0,0.001765332625,33,33,54211.30406,52293.69389,3,33,300,16,3.473240141,0
2025-03-26,53,True,4,70.80016551,29.96265891,0.2618058949,3.415503194e-07,0,0.001749345841,61,61,54211.30406,52293.69389,4,65,150,28,6.730906957,2.182787284e-11
2025-03-27,54,True,4,1070.179172,454.1580576,26.51720524,3.918601825e-07,0,0.04733481426,5,5,53804.84276,51988.21053,0,5,2400,-1,-1,0
2025-03-27,54,True,4,566.1718665,227.0790288,2.249242785,3.918601825e-07,0,0.004240972976,9,9,53804.84276,51988.21053,1,9,1200,4,62.09887461,0
2025-03-27,54,True,4,283.1714066,113.5395144,0.9293554566,3.918601825e-07,0,0.001855015499,17,17,53804.84276,51988.21053,2,17,600,8,20.85211334,0
2025-03-27,54,True,4,141.6003318,56.7697572,0.4260883643,3.918601825e-07,8.404388296e-13,0.001477297575,32,32,53804.84276,51988.21053,3,33,300,15,5.003902273,0
2025-03-27,54,True,4,70.80016594,28.3848786,0.2085683119,3.918601825e-07,8.404388296e-13,0.001417783109,59,59,53804.84276,51988.21053,4,65,150,27,2.017311555,2.910383046e-11
2025-03-28,55,True,4,789.6672378,325.6676302,145.1732628,6.517973712e-07,0,0.06443827241,5,5,29977.57955,28674.90903,0,5,2400,-1,-1,0
2025-03-28,55,True,4,503.4240208,162.8338151,69.50832982,6.517973712e-07,0,0.06151239952,9,9,29977.57955,28674.90903,1,9,1200,4,52.72596932,0
2025-03-28,55,True,4,261.6265711,81.41690754,33.82685344,6.517973712e-07,0,0.0568936505,17,17,29977.57955,28674.90903,2,17,600,8,35.41711685,0
2025-03-28,55,True,4,137.8597331,40.70845377,16.81259757,6.517973712e-07,0,0.05633824672,33,33,29977.57955,28674.90903,3,33,300,16,3.551805673,0
2025-03-28,55,True,4,70.49717723,20.35422688,8.374109877,6.517973712e-07,0,0.05608850936,63,63,29977.57955,28674.90903,4,65,150,30,2.794109982,7.275957614e-12
2025-03-29,56,True,4,750.9397369,346.5736721,183.5640392,5.210495106e-07,0,0.08116978203,5,5,30006.38661,28620.09192,0,5,2400,-1,-1,0
2025-03-29,56,True,4,487.3161265,173.286836,88.11017662,5.210495106e-07,0,0.07744308071,9,9,30006.38661,28620.09192,1,9,1200,4,61.19287761,0
2025-03-29,56,True,4,262.9093401,86.64341802,42.78070317,5.210495106e-07,0,0.07342498976,17,17,30006.38661,28620.09192,2,17,600,8,25.97038973,0
2025-03-29,56,True,4,139.1425137,43.32170901,21.21469523,5.210495106e-07,0,0.07134102859,33,33,30006.38661,28620.09192,3,33,300,16,10.8445001,0
2025-03-29,56,True,4,70.30555423,21.6608545,10.57165381,5.210495106e-07,0,0.07069612338,64,64,30006.38661,28620.09192,4,65,150,31,2.037094515,0
2025-03-30,57,True,4,942.6715409,379.7853611,37.85997977,4.120138749e-07,0,0.04534622491,5,5,52971.68907,51452.54762,0,5,2400,-1,-1,0
2025-03-30,57,True,4,526.8255185,189.8926806,2.033790803,4.120138749e-07,0,0.00228453052,9,9,52971.68907,51452.54762,1,9,1200,4,46.62529704,0
2025-03-30,57,True,4,278.4974401,94.94634028,0.6955493226,4.120138749e-07,0,0.002170537879,17,17,52971.68907,51452.54762,2,17,600,8,21.00096591,0
2025-03-30,57,True,4,141.5040131,47.47317014,0.2874282467,4.120138749e-07,0,0.0009693550503,33,33,52971.68907,51452.54762,3,33,300,16,5.979490272,0
2025-03-30,57,True,4,70.75384809,23.73658507,0.1422168334,4.120138749e-07,0,0.0009657173581,63,63,52971.68907,51452.54762,4,65,150,30,1.36759489,3.637978807e-11
2025-03-31,58,True,4,876.213068,345.4971175,41.95257765,3.849505354e-07,0,0.03405166707,5,5,52454.53145,51072.54298,0,5,2400,-1,-1,0
2025-03-31,58,True,4,525.8241025,172.7485588,7.93990826,3.849505354e-07,0,0.01817912148,9,9,52454.53145,51072.54298,1,9,1200,4,47.76915711,0
2025-03-31,58,True,4,277.9607923,86.37427938,0.8625402428,3.849505354e-07,0,0.001524433999,17,17,52454.53145,51072.54298,2,17,600,8,15.74099082,0
2025-03-31,58,True,4,141.5040587,43.18713969,0.4077982967,3.849505354e-07,0,0.001506714701,33,33,52454.53145,51072.54298,3,33,300,16,6.738914752,0
2025-03-31,58,True,4,70.75389351,21.59356984,0.1842686595,3.849505354e-07,2.26485497e-13,0.001478765519,61,61,52454.53145,51072.54298,4,65,150,28,0.7953092908,2.910383046e-11
2025-04-01,31,True,4,721.9855467,188.3699052,1.208135034,4.501259576e-07,0,0.0006047840097,5,5,50983.39731,50229.91769,0,5,2400,-1,-1,0
2025-04-01,31,True,4,527.865418,94.18495258,0.5236377052,4.501259576e-07,0,0.0005362483826,9,9,50983.39731,50229.91769,1,9,1200,4,56.24532728,0
2025-04-01,31,True,4,279.8142802,47.09247629,0.2202091707,4.501259576e-07,0,0.0004852073905,17,17,50983.39731,50229.91769,2,17,600,8,23.1735529,0
2025-04-01,31,True,4,141.5062415,23.54623815,0.09568298254,4.501259576e-07,0,0.0003271196695,33,33,50983.39731,50229.91769,3,33,300,16,8.775239787,0
2025-04-01,31,True,4,70.7560754,11.77311907,0.04743340758,4.501259576e-07,0,0.0003193168344,62,62,50983.39731,50229.91769,4,65,150,29,8.508927927,2.182787284e-11
2025-04-02,32,True,4,762.7061461,207.2431653,3.450838586,4.470253567e-07,0,0.001733713035,5,5,51111.5274,50282.55474,0,5,2400,-1,-1,0
2025-04-02,32,True,4,532.9059874,103.6215826,1.49211525,4.470253567e-07,0,0.001524412642,9,9,51111.5274,50282.55474,1,9,1200,4,54.5968092,0
2025-04-02,32,True,4,281.0584567,51.81079132,0.624665452,4.470253567e-07,0,0.001394124823,17,17,51111.5274,50282.55474,2,17,600,8,28.83254125,0
2025-04-02,32,True,4,141.5065538,25.90539566,0.2738649158,4.470253567e-07,0,0.0009329506515,32,32,51111.5274,50282.55474,3,33,300,15,0.4859719051,7.275957614e-12
2025-04-02,32,True,4,70.75638802,12.95269783,0.1356366911,4.470253567e-07,0,0.0009139762908,60,60,51111.5274,50282.55474,4,65,150,28,10.24305742,1.455191523e-11
2025-04-03,33,True,4,794.9587406,232.2553304,9.510231423,4.698817081e-07,0,0.005400486042,5,5,51572.67516,50643.65384,0,5,2400,-1,-1,0
2025-04-03,33,True,4,532.4866668,116.1276652,3.432933501,4.698817081e-07,0,0.004582099608,9,9,51572.67516,50643.65384,1,9,1200,4,55.38674884,0
2025-04-03,33,True,4,282.1280696,58.06383259,1.007844135,4.698817081e-07,0,0.002989212366,17,17,51572.67516,50643.65384,2,17,600,8,6.229219326,0
2025-04-03,33,True,4,141.5013874,29.0319163,0.1278187723,4.698817081e-07,0,0.002109255085,33,33,51572.67516,50643.65384,3,33,300,16,2.402475269,0
2025-04-03,33,True,4,70.75122125,14.51595815,1.878725016e-07,4.698817081e-07,0,4.713459824e-07,61,61,51572.67516,50643.65384,4,65,150,28,4.190284632,2.182787284e-11
2025-04-04,34,True,4,412.4360024,200.4686737,118.3500745,5.954823058e-07,0,0.05255945371,5,5,28447.68464,27645.80995,0,5,2400,-1,-1,0
2025-04-04,34,True,4,332.4771905,100.2343368,56.41996889,5.954823058e-07,0,0.05030751193,9,9,28447.68464,27645.80995,1,9,1200,4,13.63413754,0
2025-04-04,34,True,4,243.9213077,50.11716842,26.88826618,5.954823058e-07,0,0.04744936359,17,17,28447.68464,27645.80995,2,17,600,8,40.85561837,3.637978807e-12
2025-04-04,34,True,4,132.3442592,25.05858421,13.04987445,5.954823058e-07,0,0.04449102911,33,33,28447.68464,27645.80995,3,33,300,16,15.96353403,3.637978807e-12
2025-04-04,34,True,4,68.22180193,12.52929211,6.387334604,5.954823058e-07,0,0.04393258071,64,64,28447.68464,27645.80995,4,65,150,31,2.385982658,3.637978807e-12
2025-04-05,35,True,4,389.3879192,183.2649298,104.9727248,5.528801076e-07,0,0.04614872972,5,5,27872.29862,27139.2389,0,5,2400,-1,-1,0
2025-04-05,35,True,4,320.3382424,91.6324649,50.47867173,5.528801076e-07,0,0.04445821185,9,9,27872.29862,27139.2389,1,9,1200,4,6.902936517,0
2025-04-05,35,True,4,244.6190492,45.81623245,24.27629026,5.528801076e-07,0,0.04256665439,17,17,27872.29862,27139.2389,2,17,600,8,38.2756518,0
2025-04-05,35,True,4,131.4374558,22.90811622,11.79304144,5.528801076e-07,0,0.04094838604,33,33,27872.29862,27139.2389,3,33,300,16,15.47276291,0
2025-04-05,35,True,4,68.35998211,11.45405811,5.792637135,5.528801076e-07,0,0.03882174626,65,65,27872.29862,27139.2389,4,65,150,32,2.634654006,0
2025-04-06,36,True,4,853.0267997,223.0412515,2.050028566,3.872254102e-07,0,0.0009684032329,5,5,50966.81983,50074.65483,0,5,2400,-1,-1,0
2025-04-06,36,True,4,546.3828837,111.5206258,0.9383973556,3.872254102e-07,0,0.0008790803546,9,9,50966.81983,50074.65483,1,9,1200,4,54.7723531,0
2025-04-06,36,True,4,283.0238825,55.76031288,0.4336708868,3.872254102e-07,0,0.0007866222836,17,17,50966.81983,50074.65483,2,17,600,8,25.34478868,0
2025-04-06,36,True,4,141.5235515,27.88015644,0.198932085,3.872254102e-07,0,0.0007755816307,32,32,50966.81983,50074.65483,3,33,300,15,0.8976582274,7.275957614e-12
2025-04-06,36,True,4,70.77338596,13.94007822,0.0868516224,3.872254102e-07,0,0.0006857225847,57,57,50966.81983,50074.65483,4,65,150,25,2.960842822,2.910383046e-11
2025-04-07,37,True,4,874.5625189,228.0995031,1.942976413,4.439634988e-07,0,0.0008923641375,5,5,50820.11419,49907.71618,0,5,2400,-1,-1,0
2025-04-07,37,True,4,549.5699972,114.0497515,0.9093108689,4.439634988e-07,0,0.0008164252924,9,9,50820.11419,49907.71618,1,9,1200,4,54.49555454,0
2025-04-07,37,True,4,283.0458769,57.02487577,0.4341400523,4.439634988e-07,0,0.0007708297714,17,17,50820.11419,49907.71618,2,17,600,8,25.0721186,0
2025-04-07,37,True,4,141.5455453,28.51243789,0.2136438859,4.439634988e-07,0,0.0007204170372,32,32,50820.11419,49907.71618,3,33,300,15,11.9903812,2.182787284e-11
2025-04-07,37,True,4,70.79537957,14.25621894,0.1062524655,4.439634988e-07,0,0.0007103068627,60,60,50820.11419,49907.71618,4,65,150,28,5.234586506,4.365574569e-11
2025-04-08,38,True,4,919.0281533,240.6422198,2.226033387,4.970171073e-07,0,0.001014579778,5,5,50687.47631,49724.90743,0,5,2400,-1,-1,0
2025-04-08,38,True,4,554.9288902,120.3211099,1.049916507,4.970171073e-07,0,0.0009396658067,9,9,50687.47631,49724.90743,1,9,1200,4,54.8718891,0
2025-04-08,38,True,4,283.0501551,60.16055494,0.5038248952,4.970171073e-07,0,0.0008818550669,17,17,50687.47631,49724.90743,2,17,600,8,0.7373680297,0
2025-04-08,38,True,4,141.5498354,30.08027747,0.2445938151,4.970171073e-07,0,0.0008344566609,33,33,50687.47631,49724.90743,3,33,300,16,34.79648247,7.275957614e-12
2025-04-08,38,True,4,70.79966921,15.04013874,0.1213768468,4.970171073e-07,0,0.0008096759959,62,62,50687.47631,49724.90743,4,65,150,29,2.103293392,1.455191523e-11
2025-04-09,39,True,4,936.2533417,240.1891661,1.076702079,4.27203197e-07,0,0.0004935476577,5,5,50553.51174,49592.75508,0,5,2400,-1,-1,0
2025-04-09,39,True,4,556.9269835,120.094583,0.5103891435,4.27203197e-07,0,0.0004568555465,9,9,50553.51174,49592.75508,1,9,1200,4,54.81416223,0
2025-04-09,39,True,4,283.0450545,60.04729152,0.2456365031,4.27203197e-07,0,0.0004317076962,17,17,50553.51174,49592.75508,2,17,600,8,0.7517775418,0
2025-04-09,39,True,4,141.5447348,30.02364576,0.1199044371,4.27203197e-07,0,0.0004134169516,32,32,50553.51174,49592.75508,3,33,300,15,38.31570115,0
2025-04-09,39,True,4,70.79456851,15.01182288,0.05877950172,4.27203197e-07,5.551115123e-17,0.000398277035,61,61,50553.51174,49592.75508,4,65,150,29,3.745007346,0
2025-04-10,40,True,4,918.7226893,238.5393181,1.791864913,4.847311622e-07,0,0.0008288399815,5,5,50603.78041,49649.62314,0,5,2400,-1,-1,0
2025-04-10,40,True,4,555.167892,119.269659,0.8476086548,4.847311622e-07,0,0.000760515918,9,9,50603.78041,49649.62314,1,9,1200,4,54.80411756,0
2025-04-10,40,True,4,283.0269654,59.63482952,0.4071701588,4.847311622e-07,0,0.000703598877,17,17,50603.78041,49649.62314,2,17,600,8,0.9806370551,0
2025-04-10,40,True,4,141.5266495,29.81741476,0.1979649431,4.847311622e-07,0,0.0006901510833,33,33,50603.78041,49649.62314,3,33,300,16,39.6187622,0
2025-04-10,40,True,4,70.77648341,14.90870738,0.09729212447,4.847311622e-07,0,0.0006617986693,60,60,50603.78041,49649.62314,4,65,150,27,4.792605582,2.182787284e-11
2025-04-11,41,True,4,421.0369925,183.3444531,90.17801335,6.571546468e-07,0,0.04265007167,5,5,27637.64207,26904.26426,0,5,2400,-1,-1,0
2025-04-11,41,True,4,351.8947043,91.67222656,41.29659052,6.571546468e-07,0,0.03835138181,9,9,27637.64207,26904.26426,1,9,1200,4,22.25118105,0
2025-04-11,41,True,4,254.134571,45.83611328,19.68506591,6.571546468e-07,0,0.03383037795,17,17,27637.64207,26904.26426,2,17,600,8,32.01519722,0
2025-04-11,41,True,4,130.367677,22.91805664,9.675502365,6.571546468e-07,0,0.03263669905,33,33,27637.64207,26904.26426,3,33,300,16,8.963065187,0
2025-04-11,41,True,4,67.61871449,11.45902832,4.794525431,6.571546468e-07,0,0.03239158291,65,65,27637.64207,26904.26426,4,65,150,32,13.85355277,0
2025-04-12,42,True,4,514.5793205,286.9902978,183.1495294,6.929435293e-07,0,0.08651314939,5,5,28536.13168,27388.17049,0,5,2400,-1,-1,0
2025-04-12,42,True,4,381.2566311,143.4951489,83.89867464,6.929435293e-07,0,0.07843015156,9,9,28536.13168,27388.17049,1,9,1200,4,20.80422277,0
2025-04-12,42,True,4,254.0750133,71.74757446,39.90991105,6.929435293e-07,0,0.06963333104,17,17,28536.13168,27388.17049,2,17,600,8,32.67070572,0
2025-04-12,42,True,4,130.3081331,35.87378723,19.61062502,6.929435293e-07,0,0.06689258027,33,33,28536.13168,27388.17049,3,33,300,16,7.632921336,0
2025-04-12,42,True,4,67.73852554,17.93689361,9.719307548,6.929435293e-07,0,0.06523148108,64,64,28536.13168,27388.17049,4,65,150,31,9.724741525,7.275957614e-12
2025-04-13,43,True,4,949.2405018,244.6649852,0.6186904109,5.108834734e-07,0,0.0002822835223,5,5,50302.79931,49324.13937,0,5,2400,-1,-1,0
2025-04-13,43,True,4,554.4429923,122.3324926,0.2952644966,5.108834734e-07,0,0.0002593448796,9,9,50302.79931,49324.13937,1,9,1200,4,49.19453741,0
2025-04-13,43,True,4,283.0493329,61.1662463,0.1431003328,5.108834734e-07,0,0.0002454687796,17,17,50302.79931,49324.13937,2,17,600,8,2.287700799,0
2025-04-13,43,True,4,141.5490109,30.58312315,0.07022834487,5.108834734e-07,0,0.000242025583,33,33,50302.79931,49324.13937,3,33,300,16,6.435533454,0
2025-04-13,43,True,4,70.79884526,15.29156158,0.03489710823,5.108834734e-07,0,0.000236031621,62,62,50302.79931,49324.13937,4,65,150,29,8.383957027,0
2025-04-14,44,True,4,954.5046221,249.2286064,0.6850078554,4.622968383e-07,0,0.0003106615171,5,5,50181.37372,49184.45929,0,5,2400,-1,-1,0
2025-04-14,44,True,4,553.9067735,124.6143032,0.3270703244,4.622968383e-07,0,0.0002856591241,9,9,50181.37372,49184.45929,1,9,1200,4,51.30008817,0
2025-04-14,44,True,4,283.0124135,62.30715161,0.1588431598,4.622968383e-07,0,0.0002759838137,17,17,50181.37372,49184.45929,2,17,600,8,1.007555679,0
2025-04-14,44,True,4,141.512095,31.1535758,0.07829338036,4.622968383e-07,0,0.0002661571789,33,33,50181.37372,49184.45929,3,33,300,16,15.66294129,0
2025-04-14,44,True,4,70.76192933,15.5767879,0.03878801948,4.622968383e-07,0,0.0002590490933,60,60,50181.37372,49184.45929,4,65,150,27,3.857424879,1.455191523e-11
2025-04-15,45,True,4,960.4561955,252.7779453,0.8996217656,3.95990884e-07,0,0.000407974868,5,5,50056.16288,49045.0511,0,5,2400,-1,-1,0
2025-04-15,45,True,4,553.3836687,126.3889726,0.4296170272,3.95990884e-07,0,0.0003720576843,9,9,50056.16288,49045.0511,1,9,1200,4,53.33550659,0
2025-04-15,45,True,4,283.019836,63.19448632,0.2094687836,3.95990884e-07,0,0.0003580844478,17,17,50056.16288,49045.0511,2,17,600,8,0.5869140068,0
2025-04-15,45,True,4,141.5195089,31.59724316,0.1032640435,3.95990884e-07,0,0.0003493985773,33,33,50056.16288,49045.0511,3,33,300,16,17.82229631,0
2025-04-15,45,True,4,70.76934298,15.79862158,0.05133009874,3.95990884e-07,0,0.0003453600393,62,62,50056.16288,49045.0511,4,65,150,29,4.867079031,7.275957614e-12
2025-04-16,46,True,4,963.7803122,258.2261066,0.4843476243,4.318272507e-07,0,0.0002161195498,5,5,49793.87371,48760.96929,0,5,2400,-1,-1,0
2025-04-16,46,True,4,544.8800976,129.1130533,0.2321795526,4.318272507e-07,0,0.0002008340272,9,9,49793.87371,48760.96929,1,9,1200,4,57.47295396,0
2025-04-16,46,True,4,283.0081419,64.55652665,0.1137708007,4.318272507e-07,0,0.0001945597845,17,17,49793.87371,48760.96929,2,17,600,8,15.30011234,0
2025-04-16,46,True,4,141.5078285,32.27826332,0.05611553034,4.318272507e-07,0,0.0001894547097,33,33,49793.87371,48760.96929,3,33,300,16,18.78631209,0
2025-04-16,46,True,4,70.75766227,16.13913166,0.02776209844,4.318272507e-07,0,0.0001894547097,60,60,49793.87371,48760.96929,4,65,150,27,5.137708237,7.275957614e-12
2025-04-17,47,True,4,963.1242734,261.0985188,0.4434794596,4.766055598e-07,0,0.0001969799044,5,5,49658.10884,48613.71477,0,5,2400,-1,-1,0
2025-04-17,47,True,4,544.1175944,130.5492594,0.2125206875,4.766055598e-07,0,0.0001870611496,9,9,49658.10884,48613.71477,1,9,1200,4,55.63150676,0
2025-04-17,47,True,4,283.0083692,65.2746297,0.1042774333,4.766055598e-07,0,0.0001768686405,17,17,49658.10884,48613.71477,2,17,600,8,9.303795604,0
2025-04-17,47,True,4,141.5080563,32.63731485,0.05165054304,4.766055598e-07,0,0.0001746217128,32,32,49658.10884,48613.71477,3,33,300,15,21.77116889,0
2025-04-17,47,True,4,70.75789019,16.31865742,0.02565505405,4.766055598e-07,0,0.0001715102993,61,61,49658.10884,48613.71477,4,65,150,29,2.995393634,7.275957614e-12
2025-04-18,48,True,4,525.0795094,224.7478678,105.9538837,5.6577013e-07,0,0.05014117851,5,5,27349.67887,26450.6874,0,5,2400,-1,-1,0
2025-04-18,48,True,4,441.489804,112.3739339,47.94439682,5.6577013e-07,0,0.04476419433,9,9,27349.67887,26450.6874,1,9,1200,4,24.26992506,0
2025-04-18,48,True,4,261.4972995,56.18696695,22.68473744,5.6577013e-07,0,0.03971114133,17,17,27349.67887,26450.6874,2,17,600,8,36.37105774,0
2025-04-18,48,True,4,137.7303677,28.09348348,11.089144,5.6577013e-07,0,0.03794239343,33,33,27349.67887,26450.6874,3,33,300,16,8.320523783,0
2025-04-18,48,True,4,70.62725636,14.04674174,5.477011551,5.6577013e-07,0,0.03659705846,64,64,27349.67887,26450.6874,4,65,150,31,1.28836078,0
2025-04-19,49,True,4,572.8673782,271.5687769,146.6985157,4.525439667e-07,0,0.06874421819,5,5,27619.98509,26533.70998,0,5,2400,-1,-1,0
2025-04-19,49,True,4,458.6557822,135.7843884,66.82024732,4.525439667e-07,0,0.06228668106,9,9,27619.98509,26533.70998,1,9,1200,4,27.9111286,0
2025-04-19,49,True,4,261.9940378,67.89219422,31.60825361,4.525439667e-07,0,0.0550028885,17,17,27619.98509,26533.70998,2,17,600,8,37.15873602,0
2025-04-19,49,True,4,138.2271314,33.94609711,15.44077491,4.525439667e-07,0,0.05253048796,33,33,27619.98509,26533.70998,3,33,300,16,6.074314113,0
2025-04-19,49,True,4,70.61874381,16.97304856,7.613966972,4.525439667e-07,0,0.05155289658,64,64,27619.98509,26533.70998,4,65,150,31,3.259557137,3.637978807e-12
2025-04-20,50,True,4,964.4773827,265.6972327,0.5503552143,5.093766586e-07,0,0.0005788916213,5,5,49499.32088,48436.53195,0,5,2400,-1,-1,0
2025-04-20,50,True,4,545.0836437,132.8486163,0.252938527,5.093766586e-07,0,0.0002220325629,9,9,49499.32088,48436.53195,1,9,1200,4,55.04624542,0
2025-04-20,50,True,4,283.0088295,66.42430817,0.1235800307,5.093766586e-07,0,0.0002093122989,17,17,49499.32088,48436.53195,2,17,600,8,23.34689249,0
2025-04-20,50,True,4,141.5085301,33.21215408,0.06126869019,5.093766586e-07,0,0.0002067951771,33,33,49499.32088,48436.53195,3,33,300,16,12.55419044,0
2025-04-20,50,True,4,70.75836436,16.60607704,0.03052915229,5.093766586e-07,0,0.0002050916681,61,61,49499.32088,48436.53195,4,65,150,28,2.11139232,3.637978807e-11
2025-04-21,51,True,4,942.9778598,259.9233575,0.5054181249,5.445520159e-07,0,0.0004771316909,5,5,49314.30355,48274.61012,0,5,2400,-1,-1,0
2025-04-21,51,True,4,542.5436149,129.9616788,0.2086233583,5.445520159e-07,0,0.0001828445442,9,9,49314.30355,48274.61012,1,9,1200,4,53.6243904,0
2025-04-21,51,True,4,282.8053713,64.98083938,0.1015144488,5.445520159e-07,0,0.0001740299479,17,17,49314.30355,48274.61012,2,17,600,8,24.3721467,0
2025-04-21,51,True,4,141.5086564,32.49041969,0.0504068817,5.445520159e-07,0,0.0001697619907,32,32,49314.30355,48274.61012,3,33,300,15,11.36574807,0
2025-04-21,51,True,4,70.75849059,16.24520985,0.02505557347,5.445520159e-07,0,0.0001675817085,61,61,49314.30355,48274.61012,4,65,150,29,3.355455063,7.275957614e-12
2025-04-22,52,True,4,892.1980443,250.1106818,0.4230606004,5.177079913e-07,0,0.000673834118,5,5,48868.40662,47867.96389,0,5,2400,-1,-1,0
2025-04-22,52,True,4,533.0601346,125.0553409,0.08702187322,5.177079913e-07,0,7.575003773e-05,9,9,48868.40662,47867.96389,1,9,1200,4,55.69686377,0
2025-04-22,52,True,4,281.6390844,62.52767045,0.04267886449,5.177079913e-07,0,7.322334089e-05,17,17,48868.40662,47867.96389,2,17,600,8,26.9615046,0
2025-04-22,52,True,4,141.5003316,31.26383522,0.02097356477,5.177079913e-07,0,7.255455343e-05,33,33,48868.40662,47867.96389,3,33,300,16,10.66671255,0
2025-04-22,52,True,4,70.75016586,15.63191761,0.01037597413,5.177079913e-07,0,6.975876569e-05,63,63,48868.40662,47867.96389,4,65,150,30,3.450713248,7.275957614e-12
2025-04-23,53,True,4,899.0609356,252.8996168,0.5852731612,5.411541293e-07,0,0.0008687185622,5,5,48854.0608,47842.46233,0,5,2400,-1,-1,0
2025-04-23,53,True,4,534.5424853,126.4498084,0.1239697564,5.411541293e-07,0,0.0001082184933,9,9,48854.0608,47842.46233,1,9,1200,4,56.22659167,0
2025-04-23,53,True,4,282.126303,63.22490419,0.06080393447,5.411541293e-07,0,0.0001037680958,17,17,48854.0608,47842.46233,2,17,600,8,26.92604298,0
2025-04-23,53,True,4,141.5003325,31.6124521,0.02994998799,5.411541293e-07,0,0.0001030242008,33,33,48854.0608,47842.46233,3,33,300,16,11.49210534,0
2025-04-23,53,True,4,70.75016626,15.80622605,0.01474118549,5.411541293e-07,0,9.8815724e-05,63,63,48854.0608,47842.46233,4,65,150,30,2.944305967,1.455191523e-11
2025-04-24,54,True,4,887.9498569,251.1614234,0.6122815316,5.089774321e-07,0,0.0007746931122,5,5,48552.71603,47548.07034,0,5,2400,-1,-1,0
2025-04-24,54,True,4,537.147844,125.5807117,0.08278324501,5.089774321e-07,0,7.148728458e-05,9,9,48552.71603,47548.07034,1,9,1200,4,52.35038138,0
2025-04-24,54,True,4,282.7429936,62.79035584,0.04066699944,5.089774321e-07,0,6.933000411e-05,17,17,48552.71603,47548.07034,2,17,600,8,28.35404161,0
2025-04-24,54,True,4,141.5028734,31.39517792,0.02020660301,5.089774321e-07,0,6.817820678e-05,33,33,48552.71603,47548.07034,3,33,300,16,10.73155236,7.275957614e-12
2025-04-24,54,True,4,70.75270724,15.69758896,0.01007974619,5.089774321e-07,0,6.775039209e-05,62,62,48552.71603,47548.07034,4,65,150,29,3.012257221,7.275957614e-12
2025-04-25,55,True,4,557.6817922,258.1181303,127.9650356,6.498102647e-07,0,0.06264554898,5,5,26999.69176,25967.21924,0,5,2400,-1,-1,0
2025-04-25,55,True,4,442.3756605,129.0590651,56.94234808,6.498102647e-07,0,0.05265753859,9,9,26999.69176,25967.21924,1,9,1200,4,51.087294,0
2025-04-25,55,True,4,261.5532306,64.52953257,27.15347028,6.498102647e-07,0,0.04707111994,17,17,26999.69176,25967.21924,2,17,600,8,29.49696819,3.637978807e-12
2025-04-25,55,True,4,137.7863517,32.26476629,13.34849123,6.498102647e-07,0,0.04540141101,33,33,26999.69176,25967.21924,3,33,300,16,11.78256848,3.637978807e-12
2025-04-25,55,True,4,70.67017422,16.13238314,6.613257872,6.498102647e-07,0,0.0442166787,65,65,26999.69176,25967.21924,4,65,150,32,2.43012207,3.637978807e-12
2025-04-26,56,True,4,589.9272135,272.3624801,135.8252066,7.05525236e-07,0,0.06553702567,5,5,26731.00503,25641.55511,0,5,2400,-1,-1,0
2025-04-26,56,True,4,456.4383627,136.1812401,60.64331885,7.05525236e-07,0,0.05716267167,9,9,26731.00503,25641.55511,1,9,1200,4,53.3020181,0
2025-04-26,56,True,4,264.4596726,68.09062004,28.60181272,7.05525236e-07,0,0.05029426515,17,17,26731.00503,25641.55511,2,17,600,8,30.64559319,3.637978807e-12
2025-04-26,56,True,4,140.6833081,34.04531002,14.03436078,7.05525236e-07,0,0.04742096642,33,33,26731.00503,25641.55511,3,33,300,16,8.803659691,3.637978807e-12
2025-04-26,56,True,4,70.74334289,17.02265501,6.987832101,7.05525236e-07,0,0.04673628877,65,65,26731.00503,25641.55511,4,65,150,32,2.208029605,3.637978807e-12
2025-04-27,57,True,4,834.271432,232.0325977,0.2983510425,4.626667462e-07,0,0.0002120437953,5,5,47784.11655,46855.98616,0,5,2400,-1,-1,0
2025-04-27,57,True,4,532.1709476,116.0162988,0.07281727091,4.626667462e-07,0,0.0001419673326,9,9,47784.11655,46855.98616,1,9,1200,4,56.58609139,0
2025-04-27,57,True,4,282.1936876,58.00814942,0.01210630379,4.626667462e-07,0,4.10061591e-05,17,17,47784.11655,46855.98616,2,17,600,8,30.81832442,0
2025-04-27,57,True,4,141.5101616,29.00407471,0.004216526657,4.626667462e-07,0,1.463688343e-05,33,33,47784.11655,46855.98616,3,33,300,16,7.215309503,0
2025-04-27,57,True,4,70.75999598,14.50203735,0.002104174113,4.626667462e-07,0,1.450362297e-05,63,63,47784.11655,46855.98616,4,65,150,30,2.86451849,5.820766091e-11
2025-04-28,58,True,4,842.113905,235.4005797,0.3691989082,5.164268467e-07,0,0.000254622635,5,5,47749.56217,46807.95985,0,5,2400,-1,-1,0
2025-04-28,58,True,4,533.7333957,117.7002898,0.09682637196,5.164268467e-07,0,0.0001711611242,9,9,47749.56217,46807.95985,1,9,1200,4,54.59028034,0
2025-04-28,58,True,4,281.7740489,58.85014492,0.01731333829,5.164268467e-07,0,5.006362767e-05,17,17,47749.56217,46807.95985,2,17,600,8,27.65559697,0
2025-04-28,58,True,4,141.5108679,29.42507246,0.005536072364,5.164268467e-07,0,1.911046779e-05,33,33,47749.56217,46807.95985,3,33,300,16,9.169227404,0
2025-04-28,58,True,4,70.76070224,14.71253623,0.002761335061,5.164268467e-07,0,1.89330741e-05,64,64,47749.56217,46807.95985,4,65,150,31,2.985936172,1.455191523e-11
2025-04-29,59,True,4,906.6462722,260.6428958,1.269820194,4.683015732e-07,0,0.001155848628,5,5,48280.96135,47238.38977,0,5,2400,-1,-1,0
2025-04-29,59,True,4,536.8800281,130.3214479,0.1946244057,4.683015732e-07,0,0.0002872797031,9,9,48280.96135,47238.38977,1,9,1200,4,56.9667387,0
2025-04-29,59,True,4,283.0031942,65.16072395,0.07349145879,4.683015732e-07,0,0.0001257490125,17,17,48280.96135,47238.38977,2,17,600,8,21.55142297,0
2025-04-29,59,True,4,141.5028733,32.58036198,0.03623890287,4.683015732e-07,0,0.0001234416025,33,33,48280.96135,47238.38977,3,33,300,16,14.3170181,0
2025-04-29,59,True,4,70.75270735,16.29018099,0.01802183911,4.683015732e-07,0,0.0001206306997,63,63,48280.96135,47238.38977,4,65,150,30,3.563006042,7.275957614e-12
2025-04-30,60,True,4,943.1806481,275.6169341,1.471824555,4.976823387e-07,0,0.001204619007,5,5,48206.5083,47104.04056,0,5,2400,-1,-1,0
2025-04-30,60,True,4,544.7563119,137.8084671,0.2745975387,4.976823387e-07,0,0.0007511494356,9,9,48206.5083,47104.04056,1,9,1200,4,52.23826926,0
2025-04-30,60,True,4,283.009741,68.90423353,0.07858647768,4.976823387e-07,0,0.0001334714691,17,17,48206.5083,47104.04056,2,17,600,8,25.02671244,0
2025-04-30,60,True,4,141.5094162,34.45211677,0.03891263458,4.976823387e-07,0,0.0001320344215,33,33,48206.5083,47104.04056,3,33,300,16,12.34415924,0
2025-04-30,60,True,4,70.75925025,17.22605838,0.01923852768,4.976823387e-07,0,0.0001306881338,63,63,48206.5083,47104.04056,4,65,150,30,2.912691356,7.275957614e-12
2025-05-01,30,True,4,740.2092817,186.6529235,1.537555363e-07,4.267656819e-07,0,4.267016166e-07,5,5,46266.09448,45519.48278,0,5,2400,-1,-1,0
2025-05-01,30,True,4,528.4398199,93.32646175,6.042682799e-08,4.267656819e-07,0,4.267016166e-07,8,8,46266.09448,45519.48278,1,9,1200,3,57.5524685,0
2025-05-01,30,True,4,278.9116477,46.66323088,3.843160812e-08,4.267656819e-07,0,4.267016166e-07,12,12,46266.09448,45519.48278,2,17,600,4,12.62822328,7.275957614e-12
2025-05-01,30,True,4,141.5056573,23.33161544,1.92085281e-08,4.267656819e-07,0,4.267016166e-07,21,21,46266.09448,45519.48278,3,33,300,9,1.636276345,7.275957614e-12
2025-05-01,30,True,4,70.75549131,11.66580772,9.596988093e-09,4.267656819e-07,0,4.267016166e-07,34,34,46266.09448,45519.48278,4,65,150,13,12.17244888,2.182787284e-11
2025-05-02,31,True,4,400.2848929,182.8067885,86.50488654,4.594125871e-07,0,0.03803133981,5,5,25414.12612,24682.89897,0,5,2400,-1,-1,0
2025-05-02,31,True,4,322.8411792,91.40339423,41.72257547,4.594125871e-07,0,0.03676906293,9,9,25414.12612,24682.89897,1,9,1200,4,13.9386384,0
2025-05-02,31,True,4,231.8545381,45.70169711,20.24047986,4.594125871e-07,0,0.03477093255,17,17,25414.12612,24682.89897,2,17,600,8,48.95482116,0
2025-05-02,31,True,4,132.9280462,22.85084856,10.00811775,4.594125871e-07,0,0.03369519039,33,33,25414.12612,24682.89897,3,33,300,16,11.06914042,0
2025-05-02,31,True,4,70.36409383,11.42542428,4.972503449,4.594125871e-07,0,0.0333953351,65,65,25414.12612,24682.89897,4,65,150,32,2.303830421,3.637978807e-12
2025-05-03,32,True,4,385.486909,169.3064127,76.53783059,6.242476678e-07,0,0.03514399618,5,5,25919.00053,25241.77488,0,5,2400,-1,-1,0
2025-05-03,32,True,4,318.6302127,84.65320637,35.35998913,6.242476678e-07,0,0.03258925888,9,9,25919.00053,25241.77488,1,9,1200,4,9.76537809,0
2025-05-03,32,True,4,239.6902652,42.32660319,16.75532508,6.242476678e-07,0,0.02916554323,17,17,25919.00053,25241.77488,2,17,600,8,42.03557788,0
2025-05-03,32,True,4,133.5281223,21.16330159,8.208617238,6.242476678e-07,0,0.02803071205,33,33,25919.00053,25241.77488,3,33,300,16,13.51285833,0
2025-05-03,32,True,4,68.02702525,10.5816508,4.092202514,6.242476678e-07,0,0.02736061315,65,65,25919.00053,25241.77488,4,65,150,32,3.260952025,3.637978807e-12
2025-05-04,33,True,4,757.0752971,199.4747793,1.400258043e-07,4.952368043e-07,0,4.951784612e-07,5,5,47377.95392,46580.0548,0,5,2400,-1,-1,0
2025-05-04,33,True,4,523.1917854,99.73738967,7.000926416e-08,4.952368043e-07,0,4.951784612e-07,7,7,47377.95392,46580.0548,1,9,1200,2,63.43711723,0
2025-05-04,33,True,4,275.617,49.86869484,3.500463208e-08,4.952368043e-07,0,4.951784612e-07,11,11,47377.95392,46580.0548,2,17,600,4,40.64478318,0
2025-05-04,33,True,4,141.3375532,24.93434742,1.749867806e-08,4.952368043e-07,0,4.951784612e-07,19,19,47377.95392,46580.0548,3,33,300,8,14.16724457,0
2025-05-04,33,True,4,70.75016576,12.46717371,8.745701052e-09,4.952368043e-07,0,4.951784612e-07,33,33,47377.95392,46580.0548,4,65,150,14,5.25873797,7.275957614e-12
2025-05-05,34,True,4,804.1443714,213.2565762,2.019587555e-07,4.654678647e-07,0,4.653837096e-07,5,5,47665.60398,46812.57768,0,5,2400,-1,-1,1.455191523e-11
2025-05-05,34,True,4,533.040135,106.6282881,1.009757398e-07,4.654678647e-07,0,4.653837096e-07,7,7,47665.60398,46812.57768,1,9,1200,2,59.707399,7.275957614e-12
2025-05-05,34,True,4,282.687162,53.31414408,5.048059393e-08,4.654678647e-07,0,4.653837096e-07,11,11,47665.60398,46812.57768,2,17,600,4,37.66925189,2.182787284e-11
2025-05-05,34,True,4,141.5054556,26.65707204,2.524029696e-08,4.654678647e-07,0,4.653837096e-07,19,19,47665.60398,46812.57768,3,33,300,8,9.500928184,2.182787284e-11
2025-05-05,34,True,4,70.75528942,13.32853602,1.26165105e-08,4.654678647e-07,0,4.653837096e-07,32,32,47665.60398,46812.57768,4,65,150,13,7.223630157,1.455191523e-11
2025-05-06,35,True,4,740.7013886,189.3811715,3.61178536e-08,4.840320455e-07,0,4.840170008e-07,5,5,47358.91297,46601.38829,0,5,2400,-1,-1,0
2025-05-06,35,True,4,524.2701954,94.69058573,1.80589268e-08,4.840320455e-07,0,4.840170008e-07,7,7,47358.91297,46601.38829,1,9,1200,2,60.40093572,0
2025-05-06,35,True,4,275.3352665,47.34529287,9.022187442e-09,4.840320455e-07,0,4.840170008e-07,12,12,47358.91297,46601.38829,2,17,600,5,42.77633282,0
2025-05-06,35,True,4,141.17235,23.67264643,4.511093721e-09,4.840320455e-07,0,4.840170008e-07,20,20,47358.91297,46601.38829,3,33,300,8,8.112966085,7.275957614e-12
2025-05-06,35,True,4,70.75016594,11.83632322,2.25554686e-09,4.840320455e-07,0,4.840170008e-07,34,34,47358.91297,46601.38829,4,65,150,14,1.558411368,0
2025-05-07,36,True,4,686.6387286,174.8155622,2.16299668e-07,5.300976369e-07,0,5.300075115e-07,5,5,47568.13074,46868.8685,0,5,2400,-1,-1,0
2025-05-07,36,True,4,518.6005,87.40778111,1.08149834e-07,5.300976369e-07,0,5.300075115e-07,7,7,47568.13074,46868.8685,1,9,1200,2,61.4457298,0
2025-05-07,36,True,4,271.0666805,43.70389056,5.407491699e-08,5.300976369e-07,0,5.300075115e-07,11,11,47568.13074,46868.8685,2,17,600,4,43.89962045,7.275957614e-12
2025-05-07,36,True,4,139.7478878,21.85194528,2.703745849e-08,5.300976369e-07,0,5.300075115e-07,19,19,47568.13074,46868.8685,3,33,300,8,19.49868025,7.275957614e-12
2025-05-07,36,True,4,70.69264062,10.92597264,1.351145329e-08,5.300976369e-07,0,5.300075115e-07,33,33,47568.13074,46868.8685,4,65,150,14,4.066580635,2.182787284e-11
2025-05-08,37,True,4,702.8710069,182.7848873,2.639353625e-07,5.195883193e-07,0,5.194428797e-07,5,5,48103.23948,47372.09993,0,5,2400,-1,-1,0
2025-05-08,37,True,4,521.069061,91.39244366,8.939969121e-08,5.195883193e-07,0,5.194428797e-07,7,7,48103.23948,47372.09993,1,9,1200,2,62.01244069,0
2025-05-08,37,True,4,273.6858997,45.69622183,2.131855581e-09,5.195883193e-07,0,5.194428797e-07,11,11,48103.23948,47372.09993,2,17,600,4,37.41738805,0
2025-05-08,37,True,4,140.6880688,22.84811092,4.150206223e-08,5.195883193e-07,0,5.194428797e-07,18,18,48103.23948,47372.09993,3,33,300,7,15.10663658,0
2025-05-08,37,True,4,70.73497015,11.42405546,2.180604497e-08,5.195883193e-07,0,5.194428797e-07,32,32,48103.23948,47372.09993,4,65,150,14,6.606630264,0
2025-05-09,38,True,4,855.1330439,652.6114911,457.5788824,6.621345929e-07,0,0.2240450206,5,5,31076.82256,28466.37659,0,5,2400,-1,-1,0
2025-05-09,38,True,4,471.0351228,326.3057456,206.2389703,6.621345929e-07,0,0.191310965,9,9,31076.82256,28466.37659,1,9,1200,4,45.07940792,0
2025-05-09,38,True,4,257.0172713,163.1528728,97.19111883,6.621345929e-07,0,0.1741304818,17,17,31076.82256,28466.37659,2,17,600,8,18.46742213,0
2025-05-09,38,True,4,133.5276667,81.57643639,46.86437062,6.621345929e-07,0,0.1615146167,33,33,31076.82256,28466.37659,3,33,300,16,5.164063054,0
2025-05-09,38,True,4,70.68360895,40.7882182,23.09225053,6.621345929e-07,0,0.1557517906,64,64,31076.82256,28466.37659,4,65,150,31,1.261307719,1.091393642e-11
2025-05-10,39,True,4,591.3894499,370.1847816,234.6604435,5.475902694e-07,0,0.1129457318,5,5,28465.09663,26984.35751,0,5,2400,-1,-1,0
2025-05-10,39,True,4,397.6725322,185.0923908,107.0695154,5.475902694e-07,0,0.09833306533,9,9,28465.09663,26984.35751,1,9,1200,4,20.76503095,3.637978807e-12
2025-05-10,39,True,4,257.444534,92.54619539,50.72407097,5.475902694e-07,0,0.08934143593,17,17,28465.09663,26984.35751,2,17,600,8,27.81128677,3.637978807e-12
2025-05-10,39,True,4,133.6776561,46.27309769,24.73536393,5.475902694e-07,0,0.08549108576,33,33,28465.09663,26984.35751,3,33,300,16,5.844710937,3.637978807e-12
2025-05-10,39,True,4,70.04905088,23.13654885,12.20820904,5.475902694e-07,0,0.08245281892,65,65,28465.09663,26984.35751,4,65,150,32,1.171100634,3.637978807e-12
2025-05-11,40,True,4,762.828149,210.6056753,6.168120308e-07,4.942823507e-07,0,4.940253382e-07,4,4,48490.4262,47648.0035,0,5,2400,-1,-1,2.910383046e-11
2025-05-11,40,True,4,527.3138482,105.3028376,3.083987394e-07,4.942823507e-07,0,4.940253382e-07,6,6,48490.4262,47648.0035,1,9,1200,2,55.14411238,2.910383046e-11
2025-05-11,40,True,4,279.5223014,52.65141882,1.541920938e-07,4.942823507e-07,0,4.940253382e-07,10,10,48490.4262,47648.0035,2,17,600,4,26.16185673,2.910383046e-11
2025-05-11,40,True,4,141.5138535,26.32570941,7.708877092e-08,4.942823507e-07,0,4.940253382e-07,16,16,48490.4262,47648.0035,3,33,300,6,10.3320391,3.637978807e-11
2025-05-11,40,True,4,70.76368992,13.16285471,3.853347152e-08,4.942823507e-07,0,4.940253382e-07,28,28,48490.4262,47648.0035,4,65,150,12,2.556908112,5.09317033e-11
2025-05-12,41,True,4,777.8021666,214.6299532,3.442110028e-07,4.648696764e-07,0,4.647262518e-07,4,4,48636.45217,47777.93236,0,5,2400,-1,-1,7.275957614e-12
2025-05-12,41,True,4,529.6669575,107.3149766,1.721055014e-07,4.648696764e-07,0,4.647262518e-07,6,6,48636.45217,47777.93236,1,9,1200,2,55.04275563,7.275957614e-12
2025-05-12,41,True,4,280.9995476,53.6574883,8.604547475e-08,4.648696764e-07,0,4.647262518e-07,10,10,48636.45217,47777.93236,2,17,600,4,25.56639198,7.275957614e-12
2025-05-12,41,True,4,141.513786,26.82874415,4.302273737e-08,4.648696764e-07,0,4.647262518e-07,17,17,48636.45217,47777.93236,3,33,300,7,8.791173801,0
2025-05-12,41,True,4,70.76362028,13.41437208,2.150045475e-08,4.648696764e-07,0,4.647262518e-07,29,29,48636.45217,47777.93236,4,65,150,12,2.731188778,3.637978807e-11
2025-05-13,42,True,4,828.0151552,219.506738,4.384346539e-07,4.481128776e-07,0,4.479301927e-07,5,5,48364.20348,47486.17653,0,5,2400,-1,-1,1.455191523e-11
2025-05-13,42,True,4,537.2370982,109.7533691,2.19210051e-07,4.481128776e-07,0,4.479301927e-07,7,7,48364.20348,47486.17653,1,9,1200,2,58.74167122,2.182787284e-11
2025-05-13,42,True,4,282.8287073,54.87668454,1.095977495e-07,4.481128776e-07,0,4.479301927e-07,11,11,48364.20348,47486.17653,2,17,600,4,37.03169658,1.455191523e-11
2025-05-13,42,True,4,141.5098704,27.43834227,5.478796083e-08,4.481128776e-07,0,4.479301927e-07,18,18,48364.20348,47486.17653,3,33,300,7,9.859300758,7.275957614e-12
2025-05-13,42,True,4,70.75970599,13.71917114,2.73794285e-08,4.481128776e-07,0,4.479301927e-07,31,31,48364.20348,47486.17653,4,65,150,13,6.53761507,3.637978807e-11
2025-05-14,43,True,4,775.6188502,198.9504786,6.177069736e-07,4.51790665e-07,0,4.515332852e-07,5,5,48179.41585,47383.61393,0,5,2400,-1,-1,0
2025-05-14,43,True,4,525.9255364,99.4752394,3.088425728e-07,4.51790665e-07,0,4.515332852e-07,7,7,48179.41585,47383.61393,1,9,1200,2,62.40569823,0
2025-05-14,43,True,4,277.6188768,49.73761972,1.544176484e-07,4.51790665e-07,0,4.515332852e-07,11,11,48179.41585,47383.61393,2,17,600,4,47.16009135,0
2025-05-14,43,True,4,141.1135021,24.86880986,7.719791029e-08,4.51790665e-07,0,4.515332852e-07,19,19,48179.41585,47383.61393,3,33,300,8,12.71851789,7.275957614e-12
2025-05-14,43,True,4,70.75016631,12.43440493,3.859167919e-08,4.51790665e-07,0,4.515332852e-07,33,33,48179.41585,47383.61393,4,65,150,14,3.078849352,2.182787284e-11
2025-05-15,44,True,4,749.2066143,190.3837714,1.97760528e-08,4.417628209e-07,0,4.414095753e-07,5,5,48046.56529,47285.03021,0,5,2400,-1,-1,2.910383046e-11
2025-05-15,44,True,4,525.8711689,95.19188579,4.238754627e-07,4.417628209e-07,0,4.414095753e-07,7,7,48046.56529,47285.03021,1,9,1200,2,60.53066572,2.182787284e-11
2025-05-15,44,True,4,277.4543801,47.59594292,2.025844879e-07,4.417628209e-07,0,4.414095753e-07,12,12,48046.56529,47285.03021,2,17,600,5,49.60622757,2.182787284e-11
2025-05-15,44,True,4,141.3160082,23.79797146,9.661744116e-08,4.417628209e-07,0,4.414095753e-07,20,20,48046.56529,47285.03021,3,33,300,8,10.38927156,2.910383046e-11
2025-05-15,44,True,4,70.75016634,11.89898573,4.364119377e-08,4.417628209e-07,0,4.414095753e-07,34,34,48046.56529,47285.03021,4,65,150,14,4.4780718,3.637978807e-11
2025-05-16,45,True,4,556.4833293,337.7271974,205.2406248,5.845928094e-07,0,0.1027279339,5,5,28347.28675,26996.37796,0,5,2400,-1,-1,0
2025-05-16,45,True,4,384.1356666,168.8635987,92.051378,5.845928094e-07,0,0.08480282385,9,9,28347.28675,26996.37796,1,9,1200,4,24.38350816,0
2025-05-16,45,True,4,254.0786655,84.43179936,43.83988099,5.845928094e-07,0,0.07651628324,17,17,28347.28675,26996.37796,2,17,600,8,33.14593029,0
2025-05-16,45,True,4,138.3187383,42.21589968,21.40390429,5.845928094e-07,0,0.07233317891,33,33,28347.28675,26996.37796,3,33,300,16,10.87049854,0
2025-05-16,45,True,4,70.57389049,21.10794984,10.5770977,5.845928094e-07,0,0.0713133561,64,64,28347.28675,26996.37796,4,65,150,31,1.692588888,0
2025-05-17,46,True,4,621.3051825,408.3375561,260.0178309,6.499941596e-07,0,0.129543286,5,5,28955.18223,27321.83201,0,5,2400,-1,-1,0
2025-05-17,46,True,4,400.6076596,204.168778,115.9584998,6.499941596e-07,0,0.1087485592,9,9,28955.18223,27321.83201,1,9,1200,4,28.17068127,0
2025-05-17,46,True,4,256.1398353,102.084389,55.43613252,6.499941596e-07,0,0.09515333753,17,17,28955.18223,27321.83201,2,17,600,8,26.86083138,0
2025-05-17,46,True,4,134.0766572,51.04219451,27.25429358,6.499941596e-07,0,0.09245535952,33,33,28955.18223,27321.83201,3,33,300,16,8.927468954,3.637978807e-12
2025-05-17,46,True,4,69.7212674,25.52109725,13.53206932,6.499941596e-07,0,0.09042593071,64,64,28955.18223,27321.83201,4,65,150,31,1.642582114,3.637978807e-12
2025-05-18,47,True,4,712.4113946,179.5416933,5.833862815e-08,4.854344525e-07,0,4.852384402e-07,5,5,47802.18136,47084.01459,0,5,2400,-1,-1,1.455191523e-11
2025-05-18,47,True,4,525.026488,89.77084667,1.768785296e-07,4.854344525e-07,0,4.852384402e-07,7,7,47802.18136,47084.01459,1,9,1200,2,58.19331382,1.455191523e-11
2025-05-18,47,True,4,276.2325369,44.88542334,3.041350283e-08,4.854344525e-07,0,4.852384402e-07,11,11,47802.18136,47084.01459,2,17,600,4,33.50066227,2.182787284e-11
2025-05-18,47,True,4,141.041334,22.44271167,2.839078661e-08,4.854344525e-07,0,4.852384402e-07,19,19,47802.18136,47084.01459,3,33,300,8,10.8732485,2.182787284e-11
2025-05-18,47,True,4,70.7542522,11.22135584,2.344313543e-08,4.854344525e-07,0,4.852384402e-07,34,34,47802.18136,47084.01459,4,65,150,15,2.308272185,2.182787284e-11
2025-05-19,48,True,4,700.4930893,176.3369929,1.886000973e-07,4.451954906e-07,0,4.449738885e-07,5,5,47708.48275,47003.13478,0,5,2400,-1,-1,0
2025-05-19,48,True,4,523.6377685,88.16849646,7.732887752e-08,4.451954906e-07,0,4.449738885e-07,7,7,47708.48275,47003.13478,1,9,1200,2,56.88192607,0
2025-05-19,48,True,4,274.906554,44.08424823,2.635351848e-08,4.451954906e-07,0,4.449738885e-07,11,11,47708.48275,47003.13478,2,17,600,4,19.21652157,0
2025-05-19,48,True,4,140.7017487,22.04212412,4.012690624e-08,4.451954906e-07,0,4.449738885e-07,19,19,47708.48275,47003.13478,3,33,300,8,12.58556423,0
2025-05-19,48,True,4,70.75532962,11.02106206,1.420266926e-08,4.451954906e-07,0,4.449738885e-07,35,35,47708.48275,47003.13478,4,65,150,16,1.00659907,0
2025-05-20,49,True,4,718.979729,180.8643247,1.826629159e-07,4.009259452e-07,0,4.008498352e-07,5,5,47548.8974,46825.44011,0,5,2400,-1,-1,0
2025-05-20,49,True,4,525.4469608,90.43216236,9.132054402e-08,4.009259452e-07,0,4.008498352e-07,7,7,47548.8974,46825.44011,1,9,1200,2,58.2365555,0
2025-05-20,49,True,4,276.8653199,45.21608118,4.565663403e-08,4.009259452e-07,0,4.008498352e-07,12,12,47548.8974,46825.44011,2,17,600,5,11.53154296,0
2025-05-20,49,True,4,141.3885244,22.60804059,9.196810424e-09,4.009259452e-07,0,4.008498352e-07,20,20,47548.8974,46825.44011,3,33,300,8,5.797735421,0
2025-05-20,49,True,4,70.75548872,11.3040203,9.924406186e-09,4.009259452e-07,0,4.008498352e-07,35,35,47548.8974,46825.44011,4,65,150,15,13.03923829,3.637978807e-11
2025-05-21,50,True,4,739.4823642,186.1274658,7.975686458e-07,4.366185805e-07,0,4.362862594e-07,5,5,47577.95859,46833.44873,0,5,2400,-1,-1,7.275957614e-12
2025-05-21,50,True,4,528.6313433,93.06373302,3.987806849e-07,4.366185805e-07,0,4.362862594e-07,7,7,47577.95859,46833.44873,1,9,1200,2,57.73148414,0
2025-05-21,50,True,4,278.9314337,46.53186652,1.038788469e-07,4.366185805e-07,0,4.362862594e-07,12,12,47577.95859,46833.44873,2,17,600,5,22.07862959,0
2025-05-21,50,True,4,141.4970168,23.26593326,5.191395758e-08,4.366185805e-07,0,4.362862594e-07,20,20,47577.95859,46833.44873,3,33,300,8,9.713734315,7.275957614e-12
2025-05-21,50,True,4,70.75548894,11.63296663,2.595334081e-08,4.366185805e-07,0,4.362862594e-07,37,37,47577.95859,46833.44873,4,65,150,17,5.119500778,7.275957614e-12
2025-05-22,51,True,4,776.0001129,195.1980434,5.77972969e-07,4.565153968e-07,0,4.562745773e-07,5,5,47535.14888,46754.35671,0,5,2400,-1,-1,0
2025-05-22,51,True,4,531.8226563,97.59902177,2.889792086e-07,4.565153968e-07,0,4.562745773e-07,7,7,47535.14888,46754.35671,1,9,1200,2,59.58521336,0
2025-05-22,51,True,4,280.6646065,48.7995109,1.444786903e-07,4.565153968e-07,0,4.562745773e-07,11,11,47535.14888,46754.35671,2,17,600,4,26.67780256,0
2025-05-22,51,True,4,141.5056555,24.39975545,7.223570719e-08,4.565153968e-07,0,4.562745773e-07,20,20,47535.14888,46754.35671,3,33,300,9,1.839903376,0
2025-05-22,51,True,4,70.75548931,12.19987773,3.611057764e-08,4.565153968e-07,0,4.562745773e-07,35,35,47535.14888,46754.35671,4,65,150,15,12.10592476,2.182787284e-11
2025-05-23,52,True,4,459.8191307,214.5475874,102.5551466,5.05289089e-07,0,0.04881068763,5,5,27001.18223,26142.99188,0,5,2400,-1,-1,0
2025-05-23,52,True,4,370.0023772,107.2737937,47.19353771,5.05289089e-07,0,0.04346456053,9,9,27001.18223,26142.99188,1,9,1200,4,16.44058589,0
2025-05-23,52,True,4,258.7813577,53.63689686,22.50732577,5.05289089e-07,0,0.03936455842,17,17,27001.18223,26142.99188,2,17,600,8,29.26648954,0
2025-05-23,52,True,4,134.9709595,26.81844843,11.00064973,5.05289089e-07,0,0.03751981337,33,33,27001.18223,26142.99188,3,33,300,16,2.034434162,0
2025-05-23,52,True,4,69.31133666,13.40922422,5.414709778,5.05289089e-07,0,0.03689376844,65,65,27001.18223,26142.99188,4,65,150,32,11.55500503,0
2025-05-24,53,True,4,587.433393,354.9776385,215.721009,5.929498432e-07,0,0.1028211405,5,5,28417.68848,26997.77793,0,5,2400,-1,-1,0
2025-05-24,53,True,4,403.3710467,177.4888193,98.97722471,5.929498432e-07,0,0.0920246673,9,9,28417.68848,26997.77793,1,9,1200,4,22.36328136,0
2025-05-24,53,True,4,258.7202406,88.74440963,47.18774106,5.929498432e-07,0,0.08236244708,17,17,28417.68848,26997.77793,2,17,600,8,27.63024726,0
2025-05-24,53,True,4,134.9533031,44.37220482,23.04407699,5.929498432e-07,0,0.07854481609,33,33,28417.68848,26997.77793,3,33,300,16,2.212067483,0
2025-05-24,53,True,4,69.40688133,22.18610241,11.3404379,5.929498432e-07,0,0.07767219501,64,64,28417.68848,26997.77793,4,65,150,31,7.353840967,1.818989404e-11
2025-05-25,54,True,4,785.9986403,197.306562,3.644454409e-07,4.756764165e-07,0,4.755245529e-07,5,5,47368.60227,46579.37602,0,5,2400,-1,-1,2.182787284e-11
2025-05-25,54,True,4,531.4034746,98.65328104,1.822118065e-07,4.756764165e-07,0,4.755245529e-07,7,7,47368.60227,46579.37602,1,9,1200,2,61.82864439,3.637978807e-11
2025-05-25,54,True,4,282.9560283,49.32664053,9.109498933e-08,4.756764165e-07,0,4.755245529e-07,11,11,47368.60227,46579.37602,2,17,600,4,37.87446838,5.09317033e-11
2025-05-25,54,True,4,141.5080498,24.66332027,4.553294275e-08,4.756764165e-07,0,4.755245529e-07,20,20,47368.60227,46579.37602,3,33,300,9,8.148936389,6.548361853e-11
2025-05-25,54,True,4,70.75788378,12.33166013,2.275191946e-08,4.756764165e-07,0,4.755245529e-07,34,34,47368.60227,46579.37602,4,65,150,14,3.941790906,6.548361853e-11
2025-05-26,55,True,4,795.0403709,199.0858449,8.790157153e-07,4.211959292e-07,0,4.208296882e-07,5,5,47138.92102,46342.57765,0,5,2400,-1,-1,0
2025-05-26,55,True,4,534.2581836,99.54292256,4.336907296e-07,4.211959292e-07,0,4.208296882e-07,7,7,47138.92102,46342.57765,1,9,1200,2,60.598582,5.798938219e-09
2025-05-26,55,True,4,282.9991463,49.77146128,2.139058779e-07,4.211959292e-07,0,4.208296882e-07,12,12,47138.92102,46342.57765,2,17,600,5,44.05095864,5.820766091e-09
2025-05-26,55,True,4,141.5081046,24.88573065,1.040170901e-07,4.211959292e-07,0,4.208296882e-07,21,21,47138.92102,46342.57765,3,33,300,9,8.190379654,5.849869922e-09
2025-05-26,55,True,4,70.75793898,12.44286532,4.909088602e-08,4.211959292e-07,0,4.208296882e-07,36,36,47138.92102,46342.57765,4,65,150,15,8.662465,5.849869922e-09
2025-05-27,56,True,4,813.9537824,204.8254697,6.211339496e-07,3.713370556e-07,0,3.710782544e-07,5,5,47397.12479,46577.82292,0,5,2400,-1,-1,0
2025-05-27,56,True,4,533.8602313,102.4127349,3.105596988e-07,3.713370556e-07,0,3.710782544e-07,7,7,47397.12479,46577.82292,1,9,1200,2,62.56425414,0
2025-05-27,56,True,4,283.0074721,51.20636749,1.552689355e-07,3.713370556e-07,0,3.710782544e-07,11,11,47397.12479,46577.82292,2,17,600,4,39.28835396,7.275957614e-12
2025-05-27,56,True,4,141.5074189,25.60318375,7.761991583e-08,3.713370556e-07,0,3.710782544e-07,20,20,47397.12479,46577.82292,3,33,300,9,10.86258738,2.182787284e-11
2025-05-27,56,True,4,70.75725271,12.80159187,3.8795406e-08,3.713370556e-07,0,3.710782544e-07,35,35,47397.12479,46577.82292,4,65,150,15,5.691866903,2.910383046e-11
2025-05-28,57,True,4,818.5195623,205.5379904,3.727327567e-07,4.311357478e-07,0,4.309804347e-07,5,5,47244.69569,46422.54373,0,5,2400,-1,-1,2.182787284e-11
2025-05-28,57,True,4,534.245305,102.7689953,1.863591024e-07,4.311357478e-07,0,4.309804347e-07,7,7,47244.69569,46422.54373,1,9,1200,2,63.20518073,3.637978807e-11
2025-05-28,57,True,4,283.0085371,51.38449764,9.316863725e-08,4.311357478e-07,0,4.309804347e-07,12,12,47244.69569,46422.54373,2,17,600,5,44.93882833,3.637978807e-11
2025-05-28,57,True,4,141.5082067,25.69224882,4.657340469e-08,4.311357478e-07,0,4.309804347e-07,21,21,47244.69569,46422.54373,3,33,300,9,13.29955702,2.910383046e-11
2025-05-28,57,True,4,70.75804062,12.84612441,2.327578841e-08,4.311357478e-07,0,4.309804347e-07,35,35,47244.69569,46422.54373,4,65,150,14,6.739621049,3.637978807e-11
2025-05-29,58,True,4,829.614568,209.1174445,5.588590284e-07,4.615730464e-07,0,4.61340192e-07,5,5,47347.05956,46510.58979,0,5,2400,-1,-1,0
2025-05-29,58,True,4,536.0174265,104.5587223,1.950975275e-07,4.615730464e-07,0,4.61340192e-07,8,8,47347.05956,46510.58979,1,9,1200,3,62.23122235,0
2025-05-29,58,True,4,282.9747981,52.27936115,2.653541742e-08,4.615730464e-07,0,4.61340192e-07,12,12,47347.05956,46510.58979,2,17,600,4,33.14564074,0
2025-05-29,58,True,4,141.5058623,26.13968058,1.324951882e-08,4.615730464e-07,0,4.61340192e-07,21,21,47347.05956,46510.58979,3,33,300,9,11.56674814,0
2025-05-29,58,True,4,70.75569615,13.06984029,6.621121429e-09,4.615730464e-07,0,4.61340192e-07,36,36,47347.05956,46510.58979,4,65,150,15,5.031440013,7.275957614e-12
2025-05-30,59,True,4,520.5614459,265.5752205,142.2872759,5.543540201e-07,0,0.06645597757,5,5,27400.14645,26337.84557,0,5,2400,-1,-1,0
2025-05-30,59,True,4,399.9354149,132.7876103,66.00450877,5.543540201e-07,0,0.05992345593,9,9,27400.14645,26337.84557,1,9,1200,4,15.34431691,0
2025-05-30,59,True,4,258.1680019,66.39380513,31.66728625,5.543540201e-07,0,0.05449936635,17,17,27400.14645,26337.84557,2,17,600,8,32.8623496,0
2025-05-30,59,True,4,134.4010613,33.19690257,15.5183009,5.543540201e-07,0,0.05271986357,33,33,27400.14645,26337.84557,3,33,300,16,8.551630709,0
2025-05-30,59,True,4,69.50332404,16.59845128,7.677229489,5.543540201e-07,0,0.05178583332,64,64,27400.14645,26337.84557,4,65,150,31,1.806362595,0
2025-05-31,60,True,4,500.3026827,228.3038387,108.3880124,4.650726439e-07,0,0.05061153905,5,5,26997.61708,26084.40173,0,5,2400,-1,-1,0
2025-05-31,60,True,4,406.3656699,114.1519194,50.27790917,4.650726439e-07,0,0.04597048471,9,9,26997.61708,26084.40173,1,9,1200,4,16.10085888,0
2025-05-31,60,True,4,259.636673,57.07595968,24.06571237,4.650726439e-07,0,0.04147634064,17,17,26997.61708,26084.40173,2,17,600,8,34.06429411,0
2025-05-31,60,True,4,135.6642102,28.53797984,11.77810162,4.650726439e-07,0,0.03996335054,33,33,26997.61708,26084.40173,3,33,300,16,10.36233299,0
2025-05-31,60,True,4,69.40708668,14.26898992,5.828430599,4.650726439e-07,0,0.03942098192,65,65,26997.61708,26084.40173,4,65,150,32,1.97896723,0
2025-06-01,31,True,4,857.3032429,214.3258734,1.004809747e-07,3.925858297e-07,0,3.925439643e-07,4,4,48011.06183,47153.75834,0,5,2400,-1,-1,0
2025-06-01,31,True,4,536.1510488,107.1629367,5.024048733e-08,3.925858297e-07,0,3.925439643e-07,5,5,48011.06183,47153.75834,1,9,1200,1,66.8853594,0
2025-06-01,31,True,4,283.0069357,53.58146835,2.511660568e-08,3.925858297e-07,0,3.925439643e-07,8,8,48011.06183,47153.75834,2,17,600,3,32.89273128,0
2025-06-01,31,True,4,141.5066049,26.79073417,1.255830284e-08,3.925858297e-07,0,3.925439643e-07,13,13,48011.06183,47153.75834,3,33,300,5,17.21928877,0
2025-06-01,31,True,4,70.75643944,13.39536709,6.279151421e-09,3.925858297e-07,0,3.925439643e-07,20,20,48011.06183,47153.75834,4,65,150,7,3.583979107,7.275957614e-12
2025-06-02,32,True,4,851.8893498,271.7148459,51.98419249,4.789332572e-07,0,0.02835892124,5,5,48350.54937,47263.68999,0,5,2400,-1,-1,0
2025-06-02,32,True,4,507.2193384,135.857423,20.47515197,4.789332572e-07,0,0.02342547382,9,9,48350.54937,47263.68999,1,9,1200,4,84.88680939,0
2025-06-02,32,True,4,264.8762747,67.92871148,9.410966698,4.789332572e-07,0,0.01654704137,17,17,48350.54937,47263.68999,2,17,600,8,30.90716733,0
2025-06-02,32,True,4,139.8482425,33.96435574,4.647209771,4.789332572e-07,0,0.015503564,33,33,48350.54937,47263.68999,3,33,300,16,7.666470533,0
2025-06-02,32,True,4,70.53570303,16.98217787,2.321861142,4.789332572e-07,6.246453355e-11,0.01550001475,59,59,48350.54937,47263.68999,4,65,150,26,3.024843055,1.562875696e-08
2025-06-03,33,True,4,918.480017,229.7935553,3.494642442e-07,3.733446964e-07,0,3.731990917e-07,5,5,53987.74227,53068.56805,0,5,2400,-1,-1,0
2025-06-03,33,True,4,524.7457409,114.8967777,1.747248461e-07,3.733446964e-07,0,3.731990917e-07,7,7,53987.74227,53068.56805,1,9,1200,2,85.40484921,0
2025-06-03,33,True,4,277.2120142,57.44838884,8.735514712e-08,3.733446964e-07,0,3.731990917e-07,12,12,53987.74227,53068.56805,2,17,600,5,22.88158942,0
2025-06-03,33,True,4,141.5002559,28.72419442,4.366302164e-08,3.733446964e-07,0,3.731990917e-07,21,21,53987.74227,53068.56805,3,33,300,9,1.801791595,1.455191523e-11
2025-06-03,33,True,4,70.75013981,14.36209721,2.182059688e-08,3.733446964e-07,0,3.731990917e-07,35,35,53987.74227,53068.56805,4,65,150,14,0.6488037267,2.182787284e-11
2025-06-04,34,True,1,30.34995561,7.587538362,1.435764716e-07,3.901788316e-09,0,3.841985074e-09,4,4,56524.31081,56493.96066,0,5,2400,-1,-1,0
2025-06-04,34,True,1,30.34930448,3.793769199,7.177732186e-08,3.901788316e-09,0,3.841985074e-09,5,5,56524.31081,56493.96066,1,9,1200,1,0.0006430658759,0
2025-06-05,35,True,4,673.9486111,168.4873647,1.735170372e-07,8.083482568e-07,0,8.082759751e-07,4,4,56466.65883,55792.70937,0,5,2400,-1,-1,0
2025-06-05,35,True,4,508.5622015,84.24368236,8.675124263e-08,8.083482568e-07,0,8.082759751e-07,6,6,56466.65883,55792.70937,1,9,1200,2,70.95027064,0
2025-06-05,35,True,4,261.0288003,42.12184119,4.336470738e-08,8.083482568e-07,1.408462791e-10,8.082759751e-07,9,9,56466.65883,55792.70937,2,17,600,3,0.0003912789543,5.735637387e-08
2025-06-05,35,True,4,134.0681367,21.06092059,2.166052582e-08,8.083482568e-07,1.233293467e-10,8.082759751e-07,14,14,56466.65883,55792.70937,3,33,300,5,21.78935487,5.735637387e-08
2025-06-05,35,True,4,68.70145506,10.5304603,1.081934897e-08,8.083482568e-07,6.73412992e-11,8.082759751e-07,24,24,56466.65883,55792.70937,4,65,150,10,10.03605827,2.715387382e-08
2025-06-06,36,True,4,345.1867287,86.29679101,2.888336894e-07,2.561312036e-07,0,2.560108871e-07,4,4,57194.25204,56849.06487,0,5,2400,-1,-1,0
2025-06-06,36,True,4,345.1847236,43.14839554,1.444059308e-07,2.561312036e-07,0,2.560108871e-07,5,5,57194.25204,56849.06487,1,9,1200,1,0.001943011091,0
2025-06-06,36,True,4,269.0853539,21.57419778,7.217022358e-08,2.561312036e-07,0,2.560108871e-07,7,7,57194.25204,56849.06487,2,17,600,2,21.81460805,0
2025-06-06,36,True,4,140.2547628,10.78709889,3.606692189e-08,2.561312036e-07,0,2.560108871e-07,12,12,57194.25204,56849.06487,3,33,300,5,36.02884323,0
2025-06-06,36,True,4,70.41080355,5.393549445,1.801527105e-08,2.561312036e-07,0,2.560108871e-07,21,21,57194.25204,56849.06487,4,65,150,9,4.648258665,0
2025-06-07,37,True,1,43.62248785,37.79137093,32.74969368,8.972558532e-07,0,0.01413497443,5,5,33159.15402,33007.98854,0,5,2400,-1,-1,0
2025-06-07,37,True,1,22.17328489,18.89568547,16.17053574,8.972558532e-07,0,0.01355677419,9,9,33159.15402,33007.98854,1,9,1200,4,1.027561221,0
2025-06-08,38,True,4,297.538696,74.38476053,3.857639967e-07,2.07191465e-07,0,2.070307279e-07,4,4,57113.78745,56816.24841,0,5,2400,-1,-1,0
2025-06-08,38,True,4,297.5372503,37.19238031,1.928565325e-07,2.07191465e-07,0,2.070307279e-07,5,5,57113.78745,56816.24841,1,9,1200,1,0.001690545134,2.910383046e-11
2025-06-08,38,True,4,255.9982154,18.59619016,9.641371435e-08,2.07191465e-07,0,2.070307279e-07,8,8,57113.78745,56816.24841,2,17,600,3,29.6047139,2.910383046e-11
2025-06-08,38,True,4,134.2375436,9.298095081,4.819594324e-08,2.07191465e-07,0,2.070307279e-07,13,13,57113.78745,56816.24841,3,33,300,5,13.90356888,7.275957614e-12
2025-06-08,38,True,4,69.04018488,4.649047541,2.40834197e-08,2.07191465e-07,0,2.070307279e-07,23,23,57113.78745,56816.24841,4,65,150,10,1.464224142,1.455191523e-11
2025-06-09,39,True,4,1087.625846,343.2323352,7.239359547e-07,1.629527944e-07,0,1.626511662e-07,5,5,55786.63969,54413.71035,0,5,2400,-1,-1,0
2025-06-09,39,True,4,565.8028198,171.6161677,3.619570634e-07,1.629527944e-07,0,1.626511662e-07,7,7,55786.63969,54413.71035,1,9,1200,2,2.884918491,0
2025-06-09,39,True,4,283.1171123,85.80808386,1.809676178e-07,1.629527944e-07,1.298059993e-10,1.626511662e-07,9,9,55786.63969,54413.71035,2,17,600,2,84.13864352,5.667970981e-08
2025-06-09,39,True,4,141.6002538,42.90404193,9.047653293e-08,1.629527944e-07,7.265837931e-11,1.626511662e-07,16,16,55786.63969,54413.71035,3,33,300,7,4.598465798,5.667970981e-08
2025-06-09,39,True,4,70.80016644,21.45202097,4.521280061e-08,1.629527944e-07,7.265837931e-11,1.626511662e-07,24,24,55786.63969,54413.71035,4,65,150,8,1.241056766,5.667970981e-08
2025-06-10,40,True,4,818.6217784,204.6954338,1.294632966e-06,4.739375132e-07,0,4.733980698e-07,4,4,57040.75104,56221.96931,0,5,2400,-1,-1,3.637978807e-11
2025-06-10,40,True,4,540.0209833,102.3477169,3.421009751e-07,4.739375132e-07,0,4.733980698e-07,6,6,57040.75104,56221.96931,1,9,1200,2,58.02831482,4.365574569e-11
2025-06-10,40,True,4,281.2839435,51.17385848,3.236491466e-07,4.739375132e-07,0,4.733980698e-07,9,9,57040.75104,56221.96931,2,17,600,3,56.1493347,4.365574569e-11
2025-06-10,40,True,4,141.3545801,25.58692925,1.618172973e-07,4.739375132e-07,0,4.733980698e-07,13,13,57040.75104,56221.96931,3,33,300,4,6.74198283,3.637978807e-11
2025-06-10,40,True,4,70.75431422,12.79346463,8.087954484e-08,4.739375132e-07,0,4.733980698e-07,22,22,57040.75104,56221.96931,4,65,150,9,0.5879464459,3.637978807e-11
2025-06-11,41,True,4,636.7389628,159.2154869,9.198192856e-07,4.047199048e-07,0,4.043366315e-07,4,4,57403.76301,56766.90107,0,5,2400,-1,-1,5.820766091e-11
2025-06-11,41,True,4,528.3489086,79.60774356,4.598914529e-07,4.047199048e-07,0,4.043366315e-07,5,5,57403.76301,56766.90107,1,9,1200,1,71.51968578,9.458744898e-11
2025-06-11,41,True,4,278.8272925,39.8038718,1.870284905e-07,4.047199048e-07,0,4.043366315e-07,8,8,57403.76301,56766.90107,2,17,600,3,12.26215706,9.458744898e-11
2025-06-11,41,True,4,140.2719126,19.9019359,7.203925634e-08,4.047199048e-07,0,4.043366315e-07,13,13,57403.76301,56766.90107,3,33,300,5,15.70154576,9.458744898e-11
2025-06-11,41,True,4,70.37290577,9.950967951,1.454463927e-08,4.047199048e-07,7.071560004e-11,4.043366315e-07,21,21,57403.76301,56766.90107,4,65,150,8,0.6572695908,4.707544576e-09
2025-06-12,42,True,4,1136.550891,563.3495263,1.134460035e-06,4.645463859e-07,0,4.640737263e-07,5,5,59692.07501,57438.67691,0,5,2400,-1,-1,0
2025-06-12,42,True,4,569.3825021,281.6747633,5.672118277e-07,4.645463859e-07,0,4.640737263e-07,7,7,59692.07501,57438.67691,1,9,1200,2,13.75728544,0
2025-06-12,42,True,4,284.7388908,140.8373816,2.777887858e-07,4.645463859e-07,0,4.640737263e-07,12,12,59692.07501,57438.67691,2,17,600,5,16.916868,5.76255843e-09
2025-06-12,42,True,4,142.3718927,70.41869082,1.359803719e-07,4.645463859e-07,0,4.640737263e-07,15,15,59692.07501,57438.67691,3,33,300,3,0.0001567735017,4.714092938e-08
2025-06-12,42,True,4,71.18839311,35.20934541,6.506161299e-08,4.645463859e-07,9.420486613e-11,4.640737263e-07,20,20,59692.07501,57438.67691,4,65,150,5,0.8243582443,4.714092938e-08
2025-06-13,43,True,4,1144.875905,1124.860558,1080.016693,7.617756097e-07,0,0.4716675988,5,5,47753.76217,43254.31994,0,5,2400,-1,-1,0
2025-06-13,43,True,4,573.1957896,562.4302788,517.8467895,7.617756097e-07,0,0.4651548736,9,9,47753.76217,43254.31994,1,9,1200,4,10.9265665,0
2025-06-13,43,True,4,286.7599642,281.2151394,247.3219232,7.617756097e-07,0,0.4125564879,17,17,47753.76217,43254.31994,2,17,600,8,35.5568845,7.275957614e-12
2025-06-13,43,True,4,143.3932396,140.6075697,123.5552054,7.617756097e-07,9.88004123e-11,0.4125564877,25,25,47753.76217,43254.31994,3,33,300,8,0.6080288101,1.702428563e-07
2025-06-13,43,True,4,71.70011296,70.30378486,61.67184651,7.617756097e-07,8.596623413e-11,0.4125564877,37,37,47753.76217,43254.31994,4,65,150,12,0.04577685309,1.702428563e-07
2025-06-14,44,True,4,1014.877044,876.649003,759.2284219,5.07351967e-07,0,0.3262090252,5,5,41447.33244,37940.73643,0,5,2400,-1,-1,0
2025-06-14,44,True,4,522.898497,438.3245015,374.651222,5.07351967e-07,0,0.3153156082,9,9,41447.33244,37940.73643,1,9,1200,4,19.15033814,0
2025-06-14,44,True,4,269.882688,219.1622508,186.1835838,5.07351967e-07,0,0.311431477,17,17,41447.33244,37940.73643,2,17,600,8,8.114138155,0
2025-06-14,44,True,4,139.8195451,109.5811254,92.77012766,5.07351967e-07,1.967237484e-11,0.3112422526,32,32,41447.33244,37940.73643,3,33,300,15,1.38181557,0
2025-06-14,44,True,4,70.57897101,54.79056269,46.26690267,5.07351967e-07,1.967237484e-11,0.3092884974,62,62,41447.33244,37940.73643,4,65,150,30,0.5117500671,1.455191523e-11
2025-06-15,45,True,4,1135.363986,554.6821271,7.292401278e-07,3.894466192e-07,0,3.891427576e-07,5,5,59492.18841,57273.45991,0,5,2400,-1,-1,2.910383046e-11
2025-06-15,45,True,4,569.1346985,277.3410635,3.64612788e-07,3.894466192e-07,0,3.891427576e-07,8,8,59492.18841,57273.45991,1,9,1200,3,37.41584608,2.910383046e-11
2025-06-15,45,True,4,284.6861593,138.6705318,1.822845661e-07,3.894466192e-07,0,3.891427576e-07,12,12,59492.18841,57273.45991,2,17,600,4,12.14823099,1.455191523e-11
2025-06-15,45,True,4,142.3669942,69.3352659,9.11168172e-08,3.894466192e-07,0,3.891427576e-07,17,17,59492.18841,57273.45991,3,33,300,5,1.011045964,1.455191523e-11
2025-06-15,45,True,4,71.18349781,34.66763295,4.555477062e-08,3.894466192e-07,0,3.891427576e-07,25,25,59492.18841,57273.45991,4,65,150,8,0.508646495,6.002665032e-09
2025-06-16,46,True,4,1131.057284,539.8905359,8.63445166e-07,4.636909887e-07,0,4.63331226e-07,5,5,59465.59561,57306.03347,0,5,2400,-1,-1,0
2025-06-16,46,True,4,567.9214024,269.9452681,3.622335498e-07,4.636909887e-07,0,4.63331226e-07,8,8,59465.59561,57306.03347,1,9,1200,3,40.54022064,0
2025-06-16,46,True,4,284.5977663,134.972634,1.463704393e-07,4.636909887e-07,0,4.63331226e-07,12,12,59465.59561,57306.03347,2,17,600,4,2.886160107,7.275957614e-12
2025-06-16,46,True,4,142.3003295,67.48631702,3.844616003e-08,4.636909887e-07,0,4.63331226e-07,19,19,59465.59561,57306.03347,3,33,300,7,2.402161918,7.275957614e-12
2025-06-16,46,True,4,71.15016534,33.74315851,1.555599738e-08,4.636909887e-07,0,4.63331226e-07,28,28,59465.59561,57306.03347,4,65,150,9,0.751402734,1.455191523e-11
2025-06-17,47,True,4,1118.474766,494.4984288,2.592860255e-07,4.032325636e-07,0,4.031245088e-07,5,5,59476.7976,57498.80388,0,5,2400,-1,-1,4.365574569e-11
2025-06-17,47,True,4,566.2378155,247.2492145,1.296284609e-07,4.032325636e-07,0,4.031245088e-07,7,7,59476.7976,57498.80388,1,9,1200,2,41.92294342,2.910383046e-11
2025-06-17,47,True,4,283.2006563,123.6246072,6.479240255e-08,4.032325636e-07,0,4.031245088e-07,12,12,59476.7976,57498.80388,2,17,600,5,7.547939643,2.910383046e-11
2025-06-17,47,True,4,141.6003292,61.81230361,3.237801138e-08,4.032325636e-07,0,4.031245088e-07,19,19,59476.7976,57498.80388,3,33,300,7,8.448866332,2.910383046e-11
2025-06-17,47,True,4,70.80016527,30.90615181,1.618172973e-08,4.032325636e-07,0,4.031245088e-07,28,28,59476.7976,57498.80388,4,65,150,9,2.221585856,3.637978807e-11
2025-06-18,48,True,4,1122.787665,452.2525427,1.14190334e-06,4.721608887e-07,0,4.716850921e-07,5,5,59590.5308,57781.52063,0,5,2400,-1,-1,7.275957614e-12
2025-06-18,48,True,4,566.8259934,226.1262715,5.70944394e-07,4.721608887e-07,0,4.716850921e-07,7,7,59590.5308,57781.52063,1,9,1200,2,111.2026032,0
2025-06-18,48,True,4,283.7035427,113.0631357,2.854576451e-07,4.721608887e-07,0,4.716850921e-07,11,11,59590.5308,57781.52063,2,17,600,4,52.83178892,7.275957614e-12
2025-06-18,48,True,4,142.1032133,56.53156788,1.427033567e-07,4.721608887e-07,0,4.716850921e-07,18,18,59590.5308,57781.52063,3,33,300,7,0.8712174299,1.455191523e-11
2025-06-18,48,True,4,71.15016548,28.26578394,7.134804036e-08,4.721608887e-07,0,4.716850921e-07,28,28,59590.5308,57781.52063,4,65,150,10,3.817889483,2.910383046e-11
2025-06-19,49,True,4,1123.894838,465.7288983,8.459173841e-07,5.150160059e-07,0,5.146635344e-07,5,5,59390.87445,57527.95886,0,5,2400,-1,-1,1.455191523e-11
2025-06-19,49,True,4,566.972551,232.8644492,4.229586921e-07,5.150160059e-07,0,5.146635344e-07,7,7,59390.87445,57527.95886,1,9,1200,2,123.6808047,2.182787284e-11
2025-06-19,49,True,4,283.8293087,116.4322246,2.114611561e-07,5.150160059e-07,0,5.146635344e-07,11,11,59390.87445,57527.95886,2,17,600,4,51.97546041,2.910383046e-11
2025-06-19,49,True,4,142.2289803,58.21611231,1.057123882e-07,5.150160059e-07,0,5.146635344e-07,17,17,59390.87445,57527.95886,3,33,300,6,6.290564174,2.910383046e-11
2025-06-19,49,True,4,71.15016523,29.10805616,5.284528015e-08,5.150160059e-07,0,5.146635344e-07,27,27,59390.87445,57527.95886,4,65,150,10,1.709155417,4.365574569e-11
2025-06-20,50,True,4,1097.534447,954.2941055,824.1077572,5.727949008e-07,0,0.3570075662,5,5,41978.23862,38161.0622,0,5,2400,-1,-1,0
2025-06-20,50,True,4,561.3642493,477.1470527,405.2207392,5.727949008e-07,0,0.3422723236,9,9,41978.23862,38161.0622,1,9,1200,4,25.85273808,0
2025-06-20,50,True,4,282.9378855,238.5735264,201.2201908,5.727949008e-07,0,0.3374069294,17,17,41978.23862,38161.0622,2,17,600,8,4.272082629,0
2025-06-20,50,True,4,141.5087175,119.2867632,100.3554055,5.727949008e-07,0,0.3357331683,32,32,41978.23862,38161.0622,3,33,300,15,1.253642648,0
2025-06-20,50,True,4,70.75860283,59.64338159,50.07239979,5.727949008e-07,0,0.3345689263,62,62,41978.23862,38161.0622,4,65,150,30,0.343245587,0
2025-06-21,51,True,4,1001.350583,845.0279883,703.741427,4.738844015e-07,0,0.3074112488,5,5,40051.14562,36671.03367,0,5,2400,-1,-1,0
2025-06-21,51,True,4,515.8236518,422.5139941,344.0253766,4.738844015e-07,0,0.2925145649,9,9,40051.14562,36671.03367,1,9,1200,4,25.40115583,0
2025-06-21,51,True,4,267.5980018,211.2569971,170.1923672,4.738844015e-07,0,0.2858270878,17,17,40051.14562,36671.03367,2,17,600,8,5.527432081,0
2025-06-21,51,True,4,140.2831198,105.6284985,84.72051059,4.738844015e-07,0,0.2842271633,31,31,40051.14562,36671.03367,3,33,300,14,1.43271539,0
2025-06-21,51,True,4,70.44186011,52.81424927,42.23679666,4.738844015e-07,0,0.2821567919,61,61,40051.14562,36671.03367,4,65,150,30,0.455876311,7.275957614e-12
2025-06-22,52,True,4,1135.411611,595.8205767,5.872789188e-07,3.635022681e-07,0,3.63257558e-07,5,5,58920.98081,56537.69851,0,5,2400,-1,-1,2.182787284e-11
2025-06-22,52,True,4,569.1771027,297.9102884,2.936285455e-07,3.635022681e-07,0,3.63257558e-07,8,8,58920.98081,56537.69851,1,9,1200,3,28.47802808,2.182787284e-11
2025-06-22,52,True,4,284.6917394,148.9551442,1.468142727e-07,3.635022681e-07,0,3.63257558e-07,13,13,58920.98081,56537.69851,2,17,600,5,57.41436262,2.182787284e-11
2025-06-22,52,True,4,142.3669758,74.4775721,7.339258445e-08,3.635022681e-07,0,3.63257558e-07,20,20,58920.98081,56537.69851,3,33,300,7,0.698200918,4.365574569e-11
2025-06-22,52,True,4,71.18349196,37.23878605,3.668537829e-08,3.635022681e-07,0,3.63257558e-07,32,32,58920.98081,56537.69851,4,65,150,12,3.678459682,4.365574569e-11
2025-06-23,53,True,4,1134.861679,608.3800686,4.408138921e-07,3.314933596e-07,0,3.313096756e-07,5,5,58766.28287,56332.7626,0,5,2400,-1,-1,2.910383046e-11
2025-06-23,53,True,4,568.69064,304.1900343,2.203960321e-07,3.314933596e-07,0,3.313096756e-07,8,8,58766.28287,56332.7626,1,9,1200,3,61.95853298,2.910383046e-11
2025-06-23,53,True,4,284.6493463,152.0950172,1.101943781e-07,3.314933596e-07,0,3.313096756e-07,14,14,58766.28287,56332.7626,2,17,600,6,20.71348584,2.910383046e-11
2025-06-23,53,True,4,142.3490452,76.04750858,5.509355105e-08,3.314933596e-07,0,3.313096756e-07,22,22,58766.28287,56332.7626,3,33,300,8,5.595181409,2.910383046e-11
2025-06-23,53,True,4,71.18349389,38.02375429,2.753222361e-08,3.314933596e-07,0,3.313096756e-07,31,31,58766.28287,56332.7626,4,65,150,9,0.9826218118,4.365574569e-11
2025-06-24,54,True,4,1133.912538,618.6840541,9.040610166e-06,2.848256431e-07,0,3.739292368e-07,5,5,58588.07088,56113.33467,0,5,2400,-1,-1,0
2025-06-24,54,True,4,568.3042431,309.3420271,1.901644282e-07,2.848256431e-07,0,2.846671726e-07,9,9,58588.07088,56113.33467,1,9,1200,4,115.7596319,0
2025-06-24,54,True,4,284.6139049,154.6710136,9.507493814e-08,2.848256431e-07,0,2.846671726e-07,14,14,58588.07088,56113.33467,2,17,600,5,29.70455958,7.275957614e-12
2025-06-24,54,True,4,142.3136055,77.33550678,4.752655514e-08,2.848256431e-07,0,2.846671726e-07,22,22,58588.07088,56113.33467,3,33,300,8,5.445540369,7.275957614e-12
2025-06-24,54,True,4,71.16345218,38.66775339,2.376327757e-08,2.848256431e-07,0,2.846671726e-07,38,38,58588.07088,56113.33467,4,65,150,16,0.7060798947,2.182787284e-11
2025-06-25,55,True,4,1134.833898,589.1345511,4.363319022e-07,3.956667518e-07,0,3.954849365e-07,5,5,59375.16339,57018.62519,0,5,2400,-1,-1,2.182787284e-11
2025-06-25,55,True,4,568.6633914,294.5672755,2.181623131e-07,3.956667518e-07,0,3.954849365e-07,8,8,59375.16339,57018.62519,1,9,1200,3,50.87227145,2.182787284e-11
2025-06-25,55,True,4,284.6455517,147.2836378,1.090811566e-07,3.956667518e-07,0,3.954849365e-07,12,12,59375.16339,57018.62519,2,17,600,4,52.03892656,3.637978807e-11
2025-06-25,55,True,4,142.3452323,73.64181889,5.452602636e-08,3.956667518e-07,0,3.954849365e-07,21,21,59375.16339,57018.62519,3,33,300,9,18.67370741,3.637978807e-11
2025-06-25,55,True,4,71.18349784,36.82090945,2.724846127e-08,3.956667518e-07,0,3.954849365e-07,33,33,59375.16339,57018.62519,4,65,150,12,1.887110873,4.365574569e-11
2025-06-26,56,True,4,1133.983304,575.6035127,2.297092578e-07,4.838883464e-07,0,4.837926262e-07,5,5,59287.63306,56985.21901,0,5,2400,-1,-1,1.455191523e-11
2025-06-26,56,True,4,568.2922481,287.8017563,1.148509909e-07,4.838883464e-07,0,4.837926262e-07,8,8,59287.63306,56985.21901,1,9,1200,3,46.05293306,1.455191523e-11
2025-06-26,56,True,4,284.6133232,143.9008782,5.740730558e-08,4.838883464e-07,0,4.837926262e-07,13,13,59287.63306,56985.21901,2,17,600,5,29.98821204,1.455191523e-11
2025-06-26,56,True,4,142.3130012,71.95043909,2.869637683e-08,4.838883464e-07,0,4.837926262e-07,22,22,59287.63306,56985.21901,3,33,300,9,26.70252655,1.455191523e-11
2025-06-26,56,True,4,71.16283966,35.97521954,1.434091246e-08,4.838883464e-07,0,4.837926262e-07,36,36,59287.63306,56985.21901,4,65,150,14,1.414812397,2.182787284e-11
2025-06-27,57,True,4,737.7003185,583.6559807,478.6400669,5.594836697e-07,0,0.2084341699,5,5,37193.09263,34858.4687,0,5,2400,-1,-1,0
2025-06-27,57,True,4,415.1807778,291.8279903,234.681721,5.594836697e-07,0,0.198529206,9,9,37193.09263,34858.4687,1,9,1200,4,21.36513957,0
2025-06-27,57,True,4,248.2117199,145.9139952,116.2722318,5.594836697e-07,0,0.1960829815,17,17,37193.09263,34858.4687,2,17,600,8,3.300519755,0
2025-06-27,57,True,4,137.0982519,72.95699759,57.80690404,5.594836697e-07,0,0.1938043458,33,33,37193.09263,34858.4687,3,33,300,16,7.961165943,0
2025-06-27,57,True,4,69.76758178,36.47849879,28.84245107,5.594836697e-07,0,0.1925106486,65,65,37193.09263,34858.4687,4,65,150,32,2.438260106,7.275957614e-12
2025-06-28,58,True,4,736.0330625,566.2522198,450.4036869,5.290576349e-07,0,0.1987646206,5,5,36309.51838,34044.5095,0,5,2400,-1,-1,0
2025-06-28,58,True,4,424.9506019,283.1261099,218.7816831,5.290576349e-07,0,0.1868078331,9,9,36309.51838,34044.5095,1,9,1200,4,21.01589542,0
2025-06-28,58,True,4,262.6106946,141.563055,107.9368778,5.290576349e-07,0,0.1830661421,17,17,36309.51838,34044.5095,2,17,600,8,3.375035048,0
2025-06-28,58,True,4,135.8354824,70.78152748,53.4925686,5.290576349e-07,0,0.1799588646,33,33,36309.51838,34044.5095,3,33,300,16,12.22626671,0
2025-06-28,58,True,4,69.53146932,35.39076374,26.61979462,5.290576349e-07,0,0.1777085856,65,65,36309.51838,34044.5095,4,65,150,32,0.9651757755,0
2025-06-29,59,True,4,1136.531186,668.1865906,4.584071576e-07,3.690400866e-07,0,3.688490946e-07,5,5,59026.30824,56353.56187,0,5,2400,-1,-1,0
2025-06-29,59,True,4,569.3774175,334.0932953,2.291999408e-07,3.690400866e-07,0,3.688490946e-07,8,8,59026.30824,56353.56187,1,9,1200,3,108.0036643,0
2025-06-29,59,True,4,284.7402945,167.0466477,1.145890565e-07,3.690400866e-07,0,3.688490946e-07,13,13,59026.30824,56353.56187,2,17,600,5,9.239151508,0
2025-06-29,59,True,4,142.3733227,83.52332383,5.729089025e-08,3.690400866e-07,0,3.688490946e-07,22,22,59026.30824,56353.56187,3,33,300,9,23.45538973,0
2025-06-29,59,True,4,71.18983459,41.76166192,2.863816917e-08,3.690400866e-07,0,3.688490946e-07,38,38,59026.30824,56353.56187,4,65,150,16,3.752998252,7.275957614e-12
2025-06-30,60,True,4,1136.107085,646.2746261,3.828463377e-07,3.887658702e-07,0,3.886063533e-07,5,5,59048.99337,56463.89487,0,5,2400,-1,-1,0
2025-06-30,60,True,4,569.3410748,323.137313,1.914231689e-07,3.887658702e-07,0,3.886063533e-07,8,8,59048.99337,56463.89487,1,9,1200,3,93.15345342,0
2025-06-30,60,True,4,284.7339639,161.5686565,9.569339454e-08,3.887658702e-07,0,3.886063533e-07,14,14,59048.99337,56463.89487,2,17,600,6,16.59706876,1.455191523e-11
2025-06-30,60,True,4,142.366986,80.78432826,4.784669727e-08,3.887658702e-07,0,3.886063533e-07,23,23,59048.99337,56463.89487,3,33,300,9,23.74479272,1.455191523e-11
2025-06-30,60,True,4,71.18349576,40.39216413,2.390879672e-08,3.887658702e-07,0,3.886063533e-07,38,38,59048.99337,56463.89487,4,65,150,15,4.286191335,2.910383046e-11
2025-07-01,30,True,4,1133.509656,551.5958933,8.27058102e-08,4.825884612e-07,0,4.825540035e-07,5,5,59481.0695,57274.68593,0,5,2400,-1,-1,0
2025-07-01,30,True,4,568.1339882,275.7979466,4.134926712e-08,4.825884612e-07,0,4.825540035e-07,8,8,59481.0695,57274.68593,1,9,1200,3,46.1188339,0
2025-07-01,30,True,4,284.6006653,137.8989733,2.067099558e-08,4.825884612e-07,0,4.825540035e-07,13,13,59481.0695,57274.68593,2,17,600,5,35.27802634,0
2025-07-01,30,True,4,142.3003326,68.94948666,1.032458385e-08,4.825884612e-07,0,4.825540035e-07,21,21,59481.0695,57274.68593,3,33,300,8,8.530915928,7.275957614e-12
2025-07-01,30,True,4,71.15016633,34.47474333,5.158653948e-09,4.825884612e-07,5.390021762e-12,4.825540035e-07,32,32,59481.0695,57274.68593,4,65,150,11,1.812814145,6.766640581e-10
2025-07-02,31,True,4,1126.148465,670.30678,142.4163585,5.536305028e-07,0,0.1483498975,5,5,60425.94909,57744.72197,0,5,2400,-1,-1,0
2025-07-02,31,True,4,567.8026056,335.15339,9.218608466e-05,5.536305028e-07,0,6.399350967e-07,9,9,60425.94909,57744.72197,1,9,1200,4,45.09203164,0
2025-07-02,31,True,4,284.6006648,167.576695,4.04033417e-05,5.536305028e-07,0,6.399350967e-07,16,16,60425.94909,57744.72197,2,17,600,7,7.278135047,0
2025-07-02,31,True,4,142.3003324,83.7883475,1.451194839e-05,5.536305028e-07,0,6.399350967e-07,29,29,60425.94909,57744.72197,3,33,300,13,1.977145715,3.637978807e-11
2025-07-02,31,True,4,71.1501662,41.89417375,1.566266292e-06,5.536305028e-07,0,6.399350967e-07,51,51,60425.94909,57744.72197,4,65,150,22,0.959595868,2.182787284e-11
2025-07-03,32,True,4,1128.607147,630.5900942,59.96956484,5.093780102e-07,0,0.08899125223,5,5,60373.66996,57851.30958,0,5,2400,-1,-1,0
2025-07-03,32,True,4,567.8687989,315.2950471,4.01324578e-05,5.093780102e-07,0,5.609583597e-07,9,9,60373.66996,57851.30958,1,9,1200,4,12.78386162,0
2025-07-03,32,True,4,284.6006655,157.6475236,9.184244846e-06,5.093780102e-07,0,5.609583597e-07,16,16,60373.66996,57851.30958,2,17,600,7,16.29562007,7.275957614e-12
2025-07-03,32,True,4,142.3003327,78.82376178,7.282505976e-08,5.093780102e-07,0,5.091352276e-07,28,28,60373.66996,57851.30958,3,33,300,12,3.618173429,7.275957614e-12
2025-07-03,32,True,4,71.15016636,39.41188089,3.64088919e-08,5.093780102e-07,0,5.091352276e-07,46,46,60373.66996,57851.30958,4,65,150,18,1.158596264,1.455191523e-11
2025-07-04,33,True,4,629.2069248,480.7690804,394.0986322,5.095296378e-07,0,0.1710983237,5,5,36180.41588,34257.33956,0,5,2400,-1,-1,0
2025-07-04,33,True,4,376.6455875,240.3845402,194.0812572,5.095296378e-07,0,0.1638949615,9,9,36180.41588,34257.33956,1,9,1200,4,13.24559867,0
2025-07-04,33,True,4,247.9871757,120.1922701,96.45964421,5.095296378e-07,0,0.1619655192,17,17,36180.41588,34257.33956,2,17,600,8,1.842161237,0
2025-07-04,33,True,4,131.1109391,60.09613505,47.99136456,5.095296378e-07,0,0.1609151939,33,33,36180.41588,34257.33956,3,33,300,16,17.55778486,0
2025-07-04,33,True,4,67.02387044,30.04806752,23.9114144,5.095296378e-07,0,0.1600317163,65,65,36180.41588,34257.33956,4,65,150,32,2.654570162,0
2025-07-05,34,True,4,301.0042625,161.3948255,106.5745222,1.174224595e-07,0,0.04589930603,5,5,37207.3362,36561.75689,0,5,2400,-1,-1,0
2025-07-05,34,True,4,233.3415694,80.69741273,52.44357401,1.174224595e-07,0,0.04438382469,9,9,37207.3362,36561.75689,1,9,1200,4,6.300646113,0
2025-07-05,34,True,4,198.2686943,40.34870637,26.03706328,1.174224595e-07,0,0.0436529797,17,17,37207.3362,36561.75689,2,17,600,8,0.6485392076,0
2025-07-05,34,True,4,121.3877871,20.17435318,12.98136732,1.174224595e-07,0,0.04336972352,33,33,37207.3362,36561.75689,3,33,300,16,26.9573186,0
2025-07-05,34,True,4,61.10315055,10.08717659,6.481664354,1.174224595e-07,0,0.04331369132,65,65,37207.3362,36561.75689,4,65,150,32,0.9576502014,0
2025-07-06,35,True,4,1086.908442,623.0677363,3.443618334e-05,5.595993526e-07,0,8.803451636e-07,5,5,61971.06428,59478.79334,0,5,2400,-1,-1,0
2025-07-06,35,True,4,565.9442033,311.5338682,2.522792784e-07,5.595993526e-07,0,5.593891119e-07,9,9,61971.06428,59478.79334,1,9,1200,4,9.051389015,1.455191523e-11
2025-07-06,35,True,4,283.1460607,155.7669341,1.261360012e-07,5.595993526e-07,0,5.593891119e-07,15,15,61971.06428,59478.79334,2,17,600,6,2.192470896,1.455191523e-11
2025-07-06,35,True,4,141.6003309,77.88346706,6.305344868e-08,5.595993526e-07,0,5.593891119e-07,25,25,61971.06428,59478.79334,3,33,300,10,0.7302154762,7.275957614e-12
2025-07-06,35,True,4,70.80016575,38.94173353,3.151944838e-08,5.595993526e-07,0,5.593891119e-07,41,41,61971.06428,59478.79334,4,65,150,16,0.2106113349,1.455191523e-11
2025-07-07,36,True,4,1069.925423,426.2764484,3.684326657e-07,3.66615789e-07,0,3.664622813e-07,5,5,63045.81636,61340.71057,0,5,2400,-1,-1,0
2025-07-07,36,True,4,561.8048149,213.1382243,1.842126949e-07,3.66615789e-07,0,3.664622813e-07,7,7,63045.81636,61340.71057,1,9,1200,2,6.727754378,0
2025-07-07,36,True,4,283.0720629,106.5691121,9.209907148e-08,3.66615789e-07,0,3.664622813e-07,12,12,63045.81636,61340.71057,2,17,600,5,3.023012613,0
2025-07-07,36,True,4,141.5717515,53.28455607,4.604225978e-08,3.66615789e-07,0,3.664622813e-07,19,19,63045.81636,61340.71057,3,33,300,7,19.78615218,1.455191523e-11
2025-07-07,36,True,4,70.80016596,26.64227804,2.301385393e-08,3.66615789e-07,0,3.664622813e-07,30,30,63045.81636,61340.71057,4,65,150,11,0.604297429,2.182787284e-10
2025-07-08,37,True,4,1110.816761,472.3238094,6.742047844e-07,5.175215509e-07,0,5.17240624e-07,5,5,62874.85517,60985.55993,0,5,2400,-1,-1,2.182787284e-11
2025-07-08,37,True,4,566.2184878,236.1619048,3.370878403e-07,5.175215509e-07,0,5.17240624e-07,7,7,62874.85517,60985.55993,1,9,1200,2,33.2506953,4.365574569e-11
2025-07-08,37,True,4,283.1971718,118.0809524,1.685402822e-07,5.175215509e-07,0,5.17240624e-07,11,11,62874.85517,60985.55993,2,17,600,4,45.15785291,4.365574569e-11
2025-07-08,37,True,4,141.600333,59.0404762,8.425558917e-08,5.175215509e-07,0,5.17240624e-07,19,19,62874.85517,60985.55993,3,33,300,8,10.94811944,5.954643711e-08
2025-07-08,37,True,4,70.80016658,29.5202381,4.212051863e-08,5.175215509e-07,0,5.17240624e-07,34,34,62874.85517,60985.55993,4,65,150,15,1.879472252,5.954643711e-08
2025-07-09,38,True,4,1099.798457,438.5564805,4.37394192e-07,2.438096603e-07,0,2.436274264e-07,5,5,63057.65609,61303.43017,0,5,2400,-1,-1,0
2025-07-09,38,True,4,564.7009125,219.2782403,2.186861821e-07,2.438096603e-07,0,2.436274264e-07,7,7,63057.65609,61303.43017,1,9,1200,2,72.21831312,0
2025-07-09,38,True,4,283.0787457,109.6391202,1.093358151e-07,2.438096603e-07,0,2.436274264e-07,11,11,63057.65609,61303.43017,2,17,600,4,15.1258527,0
2025-07-09,38,True,4,141.577943,54.81956008,5.46569936e-08,2.438096603e-07,0,2.436274264e-07,18,18,63057.65609,61303.43017,3,33,300,7,3.161865958,6.450864021e-08
2025-07-09,38,True,4,70.80016654,27.40978004,2.732122084e-08,2.438096603e-07,0,2.436274264e-07,31,31,63057.65609,61303.43017,4,65,150,13,1.181990528,6.450864021e-08
2025-07-10,39,True,4,1066.181089,378.4768277,6.542541087e-07,4.679183338e-07,0,4.676457198e-07,5,5,63174.39321,61660.4859,0,5,2400,-1,-1,2.182787284e-11
2025-07-10,39,True,4,557.356439,189.2384139,3.271125024e-07,4.679183338e-07,0,4.676457198e-07,7,7,63174.39321,61660.4859,1,9,1200,2,103.9600104,4.365574569e-11
2025-07-10,39,True,4,282.6606831,94.61920695,1.635489753e-07,4.679183338e-07,0,4.676457198e-07,12,12,63174.39321,61660.4859,2,17,600,5,13.22265755,4.365574569e-11
2025-07-10,39,True,4,141.500333,47.30960348,8.176721167e-08,4.679183338e-07,0,4.676457198e-07,21,21,63174.39321,61660.4859,3,33,300,9,21.43557067,2.182787284e-11
2025-07-10,39,True,4,70.75016654,23.65480174,4.086905392e-08,4.679183338e-07,9.753964303e-11,4.676457198e-07,36,36,63174.39321,61660.4859,4,65,150,15,1.220645712,1.750595402e-08
2025-07-11,40,True,4,1148.51726,1129.954543,1088.316962,3.924629002e-07,0,0.4743338581,5,5,49459.00192,44939.18375,0,5,2400,-1,-1,0
2025-07-11,40,True,4,574.8004433,564.9772714,521.6668183,3.924629002e-07,0,0.4716671914,9,9,49459.00192,44939.18375,1,9,1200,4,5.4684152,0
2025-07-11,40,True,4,287.4003638,282.4886357,247.5334127,3.924629002e-07,0,0.4125560803,17,17,49459.00192,44939.18375,2,17,600,8,38.77216713,1.455191523e-11
2025-07-11,40,True,4,143.7002993,141.2443178,123.7667063,3.924629002e-07,1.110223025e-16,0.4125560803,21,21,49459.00192,44939.18375,3,33,300,4,2.09877835e-05,2.182787284e-11
2025-07-11,40,True,4,71.85015147,70.62215892,61.88335317,3.924629002e-07,5.551115123e-17,0.4125560803,27,26,49459.00192,44939.18375,4,65,150,5,1.468370465e-05,2.182787284e-11
2025-07-12,41,True,4,1097.783897,976.5850366,876.908601,4.180376773e-07,0,0.3758119075,5,5,46418.42898,42512.08883,0,5,2400,-1,-1,0
2025-07-12,41,True,4,559.4784714,488.2925183,433.1978275,4.180376773e-07,0,0.3655295099,9,9,46418.42898,42512.08883,1,9,1200,4,18.91584927,0
2025-07-12,41,True,4,282.7620485,244.1462591,214.8810435,4.180376773e-07,0,0.3613308271,16,16,46418.42898,42512.08883,2,17,600,7,3.950887025,0
2025-07-12,41,True,4,141.5062512,122.0731296,106.9345679,4.180376773e-07,0,0.3582662882,31,31,46418.42898,42512.08883,3,33,300,15,1.354357041,0
2025-07-12,41,True,4,70.75610254,61.03656479,53.28429787,4.180376773e-07,0,0.3572060986,60,60,46418.42898,42512.08883,4,65,150,29,0.2945003458,7.275957614e-12
2025-07-13,42,True,4,1108.320706,469.9229032,7.671187632e-07,4.8473597e-07,0,4.844163241e-07,5,5,62778.70115,60899.00953,0,5,2400,-1,-1,2.910383046e-11
2025-07-13,42,True,4,563.440058,234.9614517,3.835375537e-07,4.8473597e-07,0,4.844163241e-07,7,7,62778.70115,60899.00953,1,9,1200,2,35.90119041,1.455191523e-11
2025-07-13,42,True,4,283.0199835,117.4807258,1.917578629e-07,4.8473597e-07,0,4.844163241e-07,12,12,62778.70115,60899.00953,2,17,600,5,51.84299347,1.455191523e-11
2025-07-13,42,True,4,141.5196521,58.74036293,9.586801752e-08,4.8473597e-07,9.639727905e-11,4.844163241e-07,19,19,62778.70115,60899.00953,3,33,300,7,9.077959652,1.919397619e-08
2025-07-13,42,True,4,70.76948635,29.37018146,4.79267328e-08,4.8473597e-07,9.639727905e-11,4.844163241e-07,33,33,62778.70115,60899.00953,4,65,150,14,7.374034647,3.363675205e-08
2025-07-14,43,True,4,1109.001665,478.5519656,4.69153747e-07,4.154651775e-07,0,4.152697111e-07,5,5,62732.26614,60818.05828,0,5,2400,-1,-1,0
2025-07-14,43,True,4,563.5717134,239.2759829,2.345623216e-07,4.154651775e-07,0,4.152697111e-07,7,7,62732.26614,60818.05828,1,9,1200,2,30.50185565,0
2025-07-14,43,True,4,283.0641076,119.6379914,1.172811608e-07,4.154651775e-07,0,4.152697111e-07,12,12,62732.26614,60818.05828,2,17,600,5,63.01103622,0
2025-07-14,43,True,4,141.5637761,59.81899572,5.862966646e-08,4.154651775e-07,0,4.152697111e-07,21,21,62732.26614,60818.05828,3,33,300,9,3.09498047,7.275957614e-12
2025-07-14,43,True,4,70.80016613,29.90949786,2.930028131e-08,4.154651775e-07,0,4.152697111e-07,36,36,62732.26614,60818.05828,4,65,150,15,8.270238663,1.455191523e-11
2025-07-15,44,True,4,1086.174124,437.6367872,2.661909093e-07,4.170548603e-07,0,4.169439587e-07,5,5,62718.60941,60968.06226,0,5,2400,-1,-1,0
2025-07-15,44,True,4,566.0497592,218.8183936,1.330918167e-07,4.170548603e-07,0,4.169439587e-07,8,8,62718.60941,60968.06226,1,9,1200,3,19.18667941,0
2025-07-15,44,True,4,283.1513228,109.4091968,6.653135642e-08,4.170548603e-07,0,4.169439587e-07,13,13,62718.60941,60968.06226,2,17,600,5,7.029039831,7.275957614e-12
2025-07-15,44,True,4,141.6003323,54.70459841,3.325840225e-08,4.170548603e-07,0,4.169439587e-07,24,24,62718.60941,60968.06226,3,33,300,11,2.179181503,7.275957614e-12
2025-07-15,44,True,4,70.80016621,27.3522992,1.661828719e-08,4.170548603e-07,0,4.169439587e-07,40,40,62718.60941,60968.06226,4,65,150,16,8.80519849,3.637978807e-11
2025-07-16,45,True,4,1099.190529,447.2581766,2.890083124e-07,4.469871052e-07,0,4.468666977e-07,5,5,62493.4133,60704.3806,0,5,2400,-1,-1,0
2025-07-16,45,True,4,566.2321978,223.6290883,1.445005182e-07,4.469871052e-07,0,4.468666977e-07,8,8,62493.4133,60704.3806,1,9,1200,3,56.79326502,0
2025-07-16,45,True,4,283.2006643,111.8145441,7.223570719e-08,4.469871052e-07,0,4.468666977e-07,14,14,62493.4133,60704.3806,2,17,600,6,7.987757246,7.275957614e-12
2025-07-16,45,True,4,141.6003323,55.90727207,3.608874977e-08,4.469871052e-07,0,4.468666977e-07,23,23,62493.4133,60704.3806,3,33,300,9,9.503307477,1.455191523e-11
2025-07-16,45,True,4,70.80016617,27.95363604,1.803709893e-08,4.469871052e-07,0,4.468666977e-07,41,41,62493.4133,60704.3806,4,65,150,18,1.204348049,1.455191523e-11
2025-07-17,46,True,4,1105.501957,474.1337932,3.491659299e-07,4.066904446e-07,0,4.065449779e-07,5,5,62406.31316,60509.77799,0,5,2400,-1,-1,0
2025-07-17,46,True,4,566.3034681,237.0668966,1.74579327e-07,4.066904446e-07,0,4.065449779e-07,8,8,62406.31316,60509.77799,1,9,1200,3,52.1331552,0
2025-07-17,46,True,4,283.2431061,118.5334483,8.727511158e-08,4.066904446e-07,0,4.065449779e-07,14,14,62406.31316,60509.77799,2,17,600,6,7.730514449,0
2025-07-17,46,True,4,141.6427741,59.26672415,4.361208994e-08,4.066904446e-07,0,4.065449779e-07,23,23,62406.31316,60509.77799,3,33,300,9,3.000392822,2.182787284e-11
2025-07-17,46,True,4,70.84260802,29.63336208,2.180604497e-08,4.066904446e-07,0,4.065449779e-07,41,41,62406.31316,60509.77799,4,65,150,18,8.375590622,2.182787284e-11
2025-07-18,47,True,4,1124.586873,1022.253607,930.7366017,3.056581462e-07,0,0.4000246774,5,5,47005.72477,42916.71034,0,5,2400,-1,-1,0
2025-07-18,47,True,4,566.30215,511.1268033,457.4277431,3.056581462e-07,0,0.3879786743,9,9,47005.72477,42916.71034,1,9,1200,4,20.29093281,0
2025-07-18,47,True,4,283.2452793,255.5634016,226.6089759,3.056581462e-07,0,0.3810696943,16,16,47005.72477,42916.71034,2,17,600,7,5.967724389,7.275957614e-12
2025-07-18,47,True,4,141.6450482,127.7817008,112.7633897,3.056581462e-07,0,0.3779058191,30,30,47005.72477,42916.71034,3,33,300,14,1.406169064,7.275957614e-12
2025-07-18,47,True,4,70.84489461,63.89085041,56.16590788,3.056581462e-07,0,0.3770024408,56,56,47005.72477,42916.71034,4,65,150,26,0.2757170871,7.275957614e-12
2025-07-19,48,True,4,1044.064499,915.8893303,810.2418047,4.316687216e-07,0,0.3482759512,5,5,45423.5779,41760.02058,0,5,2400,-1,-1,0
2025-07-19,48,True,4,543.3138778,457.9446652,398.6553189,4.316687216e-07,0,0.3378480226,9,9,45423.5779,41760.02058,1,9,1200,4,18.08681945,0
2025-07-19,48,True,4,280.5791581,228.9723326,197.4512502,4.316687216e-07,0,0.3319154393,17,17,45423.5779,41760.02058,2,17,600,8,4.944435011,0
2025-07-19,48,True,4,141.500301,114.4861663,98.31586067,4.316687216e-07,0,0.3288375576,31,31,45423.5779,41760.02058,3,33,300,14,1.495983563,0
2025-07-19,48,True,4,70.75015221,57.24308315,49.05748709,4.316687216e-07,0,0.3279439808,61,61,45423.5779,41760.02058,4,65,150,30,0.5709807299,7.275957614e-12
2025-07-20,49,True,4,1115.16227,549.1411002,5.722977221e-07,3.904923125e-07,0,3.902538473e-07,5,5,62319.28036,60122.71596,0,5,2400,-1,-1,2.182787284e-11
2025-07-20,49,True,4,565.4866936,274.5705501,2.861415851e-07,3.904923125e-07,0,3.902538473e-07,8,8,62319.28036,60122.71596,1,9,1200,3,48.86454337,2.182787284e-11
2025-07-20,49,True,4,283.1313892,137.2852751,1.430453267e-07,3.904923125e-07,0,3.902538473e-07,13,13,62319.28036,60122.71596,2,17,600,5,8.309767247,2.910383046e-11
2025-07-20,49,True,4,141.6003308,68.64263754,7.151538739e-08,3.904923125e-07,0,3.902538473e-07,23,23,62319.28036,60122.71596,3,33,300,10,4.05666417,2.910383046e-11
2025-07-20,49,True,4,70.80016578,34.32131877,3.574677976e-08,3.904923125e-07,4.127115316e-11,3.902538473e-07,38,38,62319.28036,60122.71596,4,65,150,15,0.9774605401,5.144102033e-09
2025-07-21,50,True,4,1114.528054,539.6719567,5.25105861e-07,3.541646633e-07,0,3.539458635e-07,5,5,62281.4205,60122.73268,0,5,2400,-1,-1,7.275957614e-12
2025-07-21,50,True,4,566.3166552,269.8359784,2.625529305e-07,3.541646633e-07,0,3.539458635e-07,8,8,62281.4205,60122.73268,1,9,1200,3,34.65068479,7.275957614e-12
2025-07-21,50,True,4,283.2720348,134.9179892,1.312582754e-07,3.541646633e-07,0,3.539458635e-07,13,13,62281.4205,60122.73268,2,17,600,5,14.23361356,7.275957614e-12
2025-07-21,50,True,4,141.6717041,67.4589946,6.562186172e-08,3.541646633e-07,0,3.539458635e-07,22,22,62281.4205,60122.73268,3,33,300,9,5.10947628,1.455191523e-11
2025-07-21,50,True,4,70.87153873,33.7294973,3.280001692e-08,3.541646633e-07,0,3.539458635e-07,41,41,62281.4205,60122.73268,4,65,150,19,1.181711156,1.455191523e-11
2025-07-22,51,True,4,1106.012106,503.4210335,6.129266694e-07,3.630474337e-07,0,3.627920521e-07,5,5,62277.01326,60263.32912,0,5,2400,-1,-1,0
2025-07-22,51,True,4,566.2006071,251.7105167,3.064633347e-07,3.630474337e-07,0,3.627920521e-07,8,8,62277.01326,60263.32912,1,9,1200,3,50.69834251,0
2025-07-22,51,True,4,283.1999454,125.8552584,1.532243914e-07,3.630474337e-07,0,3.627920521e-07,13,13,62277.01326,60263.32912,2,17,600,5,7.155755305,0
2025-07-22,51,True,4,141.6003316,62.92762919,7.660855772e-08,3.630474337e-07,0,3.627920521e-07,23,23,62277.01326,60263.32912,3,33,300,10,3.506082481,0
2025-07-22,51,True,4,70.80016603,31.4638146,3.829336492e-08,3.630474337e-07,0,3.627920521e-07,42,42,62277.01326,60263.32912,4,65,150,19,4.792252012,2.182787284e-11
2025-07-23,52,True,4,1106.597752,504.1690527,7.86370947e-07,3.525732752e-07,0,3.522456203e-07,5,5,62229.07938,60212.40317,0,5,2400,-1,-1,0
2025-07-23,52,True,4,566.1952814,252.0845264,3.931709216e-07,3.525732752e-07,0,3.522456203e-07,8,8,62229.07938,60212.40317,1,9,1200,3,57.89887296,1.455191523e-11
2025-07-23,52,True,4,283.1946196,126.0422632,1.965818228e-07,3.525732752e-07,0,3.522456203e-07,13,13,62229.07938,60212.40317,2,17,600,5,7.482850398,7.275957614e-12
2025-07-23,52,True,4,141.6003317,63.0211316,9.827635949e-08,3.525732752e-07,0,3.522456203e-07,23,23,62229.07938,60212.40317,3,33,300,10,3.661105882,2.182787284e-11
2025-07-23,52,True,4,70.80016609,31.5105658,4.913454177e-08,3.525732752e-07,0,3.522456203e-07,42,42,62229.07938,60212.40317,4,65,150,19,4.773767344,2.182787284e-11
2025-07-24,53,True,4,1101.075412,492.988178,9.595969459e-07,3.536076259e-07,0,3.532077647e-07,5,5,62240.82215,60268.86944,0,5,2400,-1,-1,6.548361853e-11
2025-07-24,53,True,4,566.1762904,246.494089,4.79791197e-07,3.536076259e-07,0,3.532077647e-07,8,8,62240.82215,60268.86944,1,9,1200,3,62.59389763,6.548361853e-11
2025-07-24,53,True,4,283.1756287,123.2470445,2.398883225e-07,3.536076259e-07,0,3.532077647e-07,12,12,62240.82215,60268.86944,2,17,600,4,9.047638986,5.09317033e-11
2025-07-24,53,True,4,141.6003316,61.62352227,1.199223334e-07,3.536076259e-07,0,3.532077647e-07,22,22,62240.82215,60268.86944,3,33,300,10,3.988530475,5.820766091e-11
2025-07-24,53,True,4,70.80016611,30.81176113,5.995389074e-08,3.536076259e-07,0,3.532077647e-07,41,41,62240.82215,60268.86944,4,65,150,19,5.398171569,5.820766091e-11
2025-07-25,54,True,4,955.5101828,796.3995508,690.6360136,5.021849426e-07,0,0.2968025618,5,5,44142.84829,40957.25009,0,5,2400,-1,-1,0
2025-07-25,54,True,4,511.776332,398.1997754,339.9179981,5.021849426e-07,0,0.2884528386,9,9,44142.84829,40957.25009,1,9,1200,4,24.3705917,0
2025-07-25,54,True,4,276.6576055,199.0998877,168.1493024,5.021849426e-07,0,0.283463004,17,17,44142.84829,40957.25009,2,17,600,8,6.026850954,0
2025-07-25,54,True,4,141.2606509,99.54994385,83.59806273,5.021849426e-07,0,0.2796006897,33,33,44142.84829,40957.25009,3,33,300,16,1.704018272,0
2025-07-25,54,True,4,70.75015336,49.77497193,41.73125961,5.021849426e-07,0,0.2784083452,65,65,44142.84829,40957.25009,4,65,150,32,0.4101522322,0
2025-07-26,55,True,4,787.4800445,584.9094941,480.3760778,4.365110013e-07,0,0.2065234386,5,5,41713.19682,39373.55884,0,5,2400,-1,-1,0
2025-07-26,55,True,4,478.6821114,292.4547471,236.4693301,4.365110013e-07,0,0.2005998767,9,9,41713.19682,39373.55884,1,9,1200,4,16.59552757,7.275957614e-12
2025-07-26,55,True,4,272.6374217,146.2273735,117.0796219,4.365110013e-07,0,0.1975148486,17,17,41713.19682,39373.55884,2,17,600,8,15.8008291,7.275957614e-12
2025-07-26,55,True,4,139.129856,73.11368677,58.1464983,4.365110013e-07,0,0.1953779778,33,33,41713.19682,39373.55884,3,33,300,16,6.14701637,7.275957614e-12
2025-07-26,55,True,4,70.25305924,36.55684338,29.00168601,4.365110013e-07,0,0.1936026739,65,65,41713.19682,39373.55884,4,65,150,32,0.5781461931,7.275957614e-12
2025-07-27,56,True,4,1100.99671,491.3230356,1.072017767e-06,3.74970781e-07,0,3.745241067e-07,5,5,62170.17467,60204.88253,0,5,2400,-1,-1,0
2025-07-27,56,True,4,566.197345,245.6615178,5.359979696e-07,3.74970781e-07,0,3.745241067e-07,8,8,62170.17467,60204.88253,1,9,1200,3,73.19737071,0
2025-07-27,56,True,4,283.1966845,122.8307589,2.679953468e-07,3.74970781e-07,0,3.745241067e-07,13,13,62170.17467,60204.88253,2,17,600,5,10.93075908,7.275957614e-12
2025-07-27,56,True,4,141.600331,61.41537946,1.339940354e-07,3.74970781e-07,0,3.745241067e-07,23,23,62170.17467,60204.88253,3,33,300,10,3.68440118,7.275957614e-12
2025-07-27,56,True,4,70.80016584,30.70768973,6.69824658e-08,3.74970781e-07,0,3.745241067e-07,42,42,62170.17467,60204.88253,4,65,150,19,5.696808288,1.455191523e-11
2025-07-28,57,True,4,1093.528349,474.4184649,8.422503015e-07,3.61535339e-07,0,3.611844153e-07,5,5,62186.45702,60288.78316,0,5,2400,-1,-1,0
2025-07-28,57,True,4,566.2078962,237.2092324,4.211178748e-07,3.61535339e-07,0,3.611844153e-07,8,8,62186.45702,60288.78316,1,9,1200,3,82.60850147,0
2025-07-28,57,True,4,283.2003723,118.6046162,2.105371095e-07,3.61535339e-07,0,3.611844153e-07,13,13,62186.45702,60288.78316,2,17,600,5,12.54071678,0
2025-07-28,57,True,4,141.6003313,59.30230812,1.052612788e-07,3.61535339e-07,0,3.611844153e-07,23,23,62186.45702,60288.78316,3,33,300,10,3.027936123,0
2025-07-28,57,True,4,70.80016595,29.65115406,5.260517355e-08,3.61535339e-07,0,3.611844153e-07,40,40,62186.45702,60288.78316,4,65,150,17,4.964843009,0
2025-07-29,58,True,4,1100.545074,494.0813922,8.341667126e-07,3.569804396e-07,0,3.566328741e-07,5,5,62173.47866,60197.15309,0,5,2400,-1,-1,0
2025-07-29,58,True,4,566.1996548,247.0406961,4.170724424e-07,3.569804396e-07,0,3.566328741e-07,8,8,62173.47866,60197.15309,1,9,1200,3,54.90261223,7.275957614e-12
2025-07-29,58,True,4,283.1989948,123.5203481,2.085289452e-07,3.569804396e-07,0,3.566328741e-07,13,13,62173.47866,60197.15309,2,17,600,5,20.76944598,7.275957614e-12
2025-07-29,58,True,4,141.6003309,61.76017403,1.042644726e-07,3.569804396e-07,0,3.566328741e-07,23,23,62173.47866,60197.15309,3,33,300,10,7.303200791,7.275957614e-12
2025-07-29,58,True,4,70.80016589,30.88008702,5.211040843e-08,3.569804396e-07,0,3.566328741e-07,39,39,62173.47866,60197.15309,4,65,150,16,1.156138,2.910383046e-11
2025-07-30,59,True,4,1104.870545,500.1631876,8.094139048e-07,3.758842526e-07,0,3.755469876e-07,5,5,62120.64669,60119.99394,0,5,2400,-1,-1,2.182787284e-11
2025-07-30,59,True,4,566.1295126,250.0815938,4.047033144e-07,3.758842526e-07,0,3.755469876e-07,8,8,62120.64669,60119.99394,1,9,1200,3,33.22282503,2.182787284e-11
2025-07-30,59,True,4,283.1421185,125.0407969,2.023298293e-07,3.758842526e-07,0,3.755469876e-07,14,14,62120.64669,60119.99394,2,17,600,6,43.70523866,2.182787284e-11
2025-07-30,59,True,4,141.6003307,62.52039846,1.011576387e-07,3.758842526e-07,0,3.755469876e-07,24,24,62120.64669,60119.99394,3,33,300,10,4.573563158,5.820766091e-11
2025-07-30,59,True,4,70.80016587,31.26019923,5.056062946e-08,3.758842526e-07,0,3.755469876e-07,39,39,62120.64669,60119.99394,4,65,150,15,4.659455888,4.365574569e-11
2025-07-31,60,True,4,1100.947001,489.2508512,8.337665349e-07,3.599182904e-07,0,3.595708729e-07,5,5,62121.87627,60164.87287,0,5,2400,-1,-1,3.637978807e-11
2025-07-31,60,True,4,565.863917,244.6254256,4.168832675e-07,3.599182904e-07,0,3.595708729e-07,8,8,62121.87627,60164.87287,1,9,1200,3,47.47527154,3.637978807e-11
2025-07-31,60,True,4,283.0989161,122.3127128,2.084343578e-07,3.599182904e-07,0,3.595708729e-07,13,13,62121.87627,60164.87287,2,17,600,5,41.42700938,4.365574569e-11
2025-07-31,60,True,4,141.5985348,61.15635641,1.04198989e-07,3.599182904e-07,2.555694545e-11,3.595708729e-07,23,23,62121.87627,60164.87287,3,33,300,10,4.402344168,5.369656719e-09
2025-07-31,60,True,4,70.8001659,30.57817821,5.209585652e-08,3.599182904e-07,2.555694545e-11,3.595708729e-07,40,40,62121.87627,60164.87287,4,65,150,17,4.255103093,5.369656719e-09
2025-08-01,31,True,4,556.8952395,343.0560567,251.777276,5.55342978e-07,0,0.1081768887,5,5,39656.87776,38284.65353,0,5,2400,-1,-1,0
2025-08-01,31,True,4,394.6998364,171.5280284,124.1891808,5.55342978e-07,0,0.1048813054,9,9,39656.87776,38284.65353,1,9,1200,4,9.679547347,0
2025-08-01,31,True,4,263.8698404,85.76401418,61.50297467,5.55342978e-07,0,0.1037528523,17,17,39656.87776,38284.65353,2,17,600,8,24.09619042,0
2025-08-01,31,True,4,138.5930604,42.88200709,30.50073265,5.55342978e-07,0,0.1022007096,33,33,39656.87776,38284.65353,3,33,300,16,1.912899196,0
2025-08-01,31,True,4,70.57005865,21.44100355,15.19756594,5.55342978e-07,0,0.1014759044,65,65,39656.87776,38284.65353,4,65,150,32,5.498670288,0
2025-08-02,32,True,4,557.63936,330.0980914,235.8043382,5.354615607e-07,0,0.1016521057,5,5,39324.50263,38004.11027,0,5,2400,-1,-1,0
2025-08-02,32,True,4,406.1269439,165.0490457,116.1130563,5.354615607e-07,0,0.09832116425,9,9,39324.50263,38004.11027,1,9,1200,4,8.131912927,0
2025-08-02,32,True,4,264.5871945,82.52452284,57.47070249,5.354615607e-07,0,0.09704151967,17,17,39324.50263,38004.11027,2,17,600,8,26.18778631,0
2025-08-02,32,True,4,139.4196495,41.26226142,28.48338816,5.354615607e-07,0,0.09567818046,33,33,39324.50263,38004.11027,3,33,300,16,1.599298207,0
2025-08-02,32,True,4,70.26451295,20.63113071,14.19653866,5.354615607e-07,0,0.09492829189,65,65,39324.50263,38004.11027,4,65,150,32,5.141229793,0
2025-08-03,33,True,4,1016.929263,290.039106,2.681117621e-07,3.519192748e-07,0,3.51807551e-07,5,5,61649.82135,60489.66492,0,5,2400,-1,-1,2.182787284e-11
2025-08-03,33,True,4,562.270605,145.0195531,1.340449671e-07,3.519192748e-07,0,3.51807551e-07,7,7,61649.82135,60489.66492,1,9,1200,2,55.03426145,2.182787284e-11
2025-08-03,33,True,4,283.0720201,72.50977653,6.700429367e-08,3.519192748e-07,0,3.51807551e-07,12,12,61649.82135,60489.66492,2,17,600,5,0.9195472232,2.910383046e-11
2025-08-03,33,True,4,141.5716893,36.25488826,3.34912329e-08,3.519192748e-07,0,3.51807551e-07,17,17,61649.82135,60489.66492,3,33,300,5,10.02819564,3.637978807e-11
2025-08-03,33,True,4,70.80016571,18.12744413,1.674197847e-08,3.519192748e-07,0,3.51807551e-07,29,29,61649.82135,60489.66492,4,65,150,12,2.804035227,3.637978807e-11
2025-08-04,34,True,4,827.173228,233.3867715,1.906824764e-06,5.674737866e-07,0,5.724230608e-07,5,5,60031.57763,59098.03054,0,5,2400,-1,-1,0
2025-08-04,34,True,4,528.1742238,116.6933859,3.74049705e-07,5.674737866e-07,0,5.671620841e-07,9,9,60031.57763,59098.03054,1,9,1200,4,61.94755901,0
2025-08-04,34,True,4,279.6199407,58.34669295,1.870212145e-07,5.674737866e-07,0,5.671620841e-07,15,15,60031.57763,59098.03054,2,17,600,6,9.06336201,0
2025-08-04,34,True,4,141.5058514,29.17334648,9.35033313e-08,5.674737866e-07,0,5.671620841e-07,23,23,60031.57763,59098.03054,3,33,300,8,2.744391682,5.820766091e-11
2025-08-04,34,True,4,70.75568507,14.58667324,4.674075171e-08,5.674737866e-07,0,5.671620841e-07,39,39,60031.57763,59098.03054,4,65,150,16,0.7689313079,5.820766091e-11
2025-08-05,35,True,4,594.978701,164.3538879,1.342248987,8.603183707e-07,0,0.002169047585,5,5,58027.46121,57370.04566,0,5,2400,-1,-1,0
2025-08-05,35,True,4,418.3821437,82.17694394,8.807983249e-07,8.603183707e-07,0,8.612663172e-07,9,9,58027.46121,57370.04566,1,9,1200,4,114.5974758,0
2025-08-05,35,True,4,254.4948893,41.08847197,3.071763786e-07,8.603183707e-07,0,8.612663172e-07,16,16,58027.46121,57370.04566,2,17,600,7,27.03039382,4.853063729e-09
2025-08-05,35,True,4,131.0353119,20.54423598,6.399204722e-08,8.603183707e-07,0,8.605275324e-07,30,30,58027.46121,57370.04566,3,33,300,14,5.953185665,5.391484592e-09
2025-08-05,35,True,4,67.03361823,10.27211799,2.964225132e-08,8.603183707e-07,0,8.605275324e-07,57,57,58027.46121,57370.04566,4,65,150,27,4.449263598,5.391484592e-09
2025-08-06,36,True,4,322.5237103,85.7138846,1.568844712,7.190408825e-07,0,0.001414170878,5,5,57265.00032,56922.14479,0,5,2400,-1,-1,0
2025-08-06,36,True,4,296.0628761,42.8569423,7.742346497e-07,7.190408825e-07,0,7.19686083e-07,9,9,57265.00032,56922.14479,1,9,1200,4,22.36875855,0
2025-08-06,36,True,4,245.1037768,21.42847115,3.869427019e-07,7.190408825e-07,0,7.19686083e-07,16,16,57265.00032,56922.14479,2,17,600,7,33.70112419,1.673470251e-10
2025-08-06,36,True,4,124.6957261,10.71423558,1.933731255e-07,7.190408825e-07,0,7.19686083e-07,30,30,57265.00032,56922.14479,3,33,300,14,2.299076108,1.818989404e-10
2025-08-06,36,True,4,62.96432935,5.357117788,9.656650946e-08,7.190408825e-07,0,7.19686083e-07,58,58,57265.00032,56922.14479,4,65,150,28,1.881272421,1.964508556e-10
2025-08-07,37,True,4,447.2622989,136.4380522,6.836751709e-06,5.15689798e-07,0,5.217369399e-07,5,5,58456.21634,57910.46413,0,5,2400,-1,-1,0
2025-08-07,37,True,4,366.9008655,68.21902613,1.744338078e-07,5.15689798e-07,0,5.15660406e-07,9,9,58456.21634,57910.46413,1,9,1200,4,42.34705266,0
2025-08-07,37,True,4,252.6786072,34.10951307,1.76296453e-08,5.15689798e-07,0,5.15660406e-07,15,15,58456.21634,57910.46413,2,17,600,6,35.43853433,7.275957614e-12
2025-08-07,37,True,4,128.9222047,17.05475653,8.796632756e-09,5.15689798e-07,0,5.15401179e-07,28,28,58456.21634,57910.46413,3,33,300,13,5.700325621,2.182787284e-11
2025-08-07,37,True,4,66.9729032,8.527378266,4.394678399e-09,5.15689798e-07,0,5.15401179e-07,51,51,58456.21634,57910.46413,4,65,150,23,1.04909233,2.182787284e-11
2025-08-08,38,True,4,1137.161587,859.4374485,320.2665186,4.218059759e-07,0,0.3576861902,5,5,51242.4563,47804.7065,0,5,2400,-1,-1,0
2025-08-08,38,True,4,569.4345125,429.7187242,38.80448299,4.218059759e-07,0,0.03344260659,9,9,51242.4563,47804.7065,1,9,1200,4,48.9822432,0
2025-08-08,38,True,4,284.7611653,214.8593621,19.08999018,4.218059759e-07,0,0.03239850207,17,17,51242.4563,47804.7065,2,17,600,8,5.052178352,0
2025-08-08,38,True,4,142.3943215,107.4296811,9.483516257,4.218059759e-07,0,0.03179336081,27,27,51242.4563,47804.7065,3,33,300,10,0.8407861249,2.910383046e-11
2025-08-08,38,True,4,71.20011588,53.71484053,4.723277395,4.218059759e-07,0,0.03156083943,49,49,51242.4563,47804.7065,4,65,150,22,3.820662719,4.365574569e-11
2025-08-09,39,True,1,70.35928758,48.00114148,28.44497941,8.927753743e-07,0,0.01470679976,5,5,34980.73005,34788.72548,0,5,2400,-1,-1,0
2025-08-09,39,True,1,41.04675809,24.00057074,12.41663456,8.927753743e-07,0,0.01144628021,9,9,34980.73005,34788.72548,1,9,1200,4,4.897706167,0
2025-08-10,40,True,4,463.9858859,121.4316739,1.073023751,3.530801196e-07,0,0.001653725683,5,5,57634.36412,57148.63743,0,5,2400,-1,-1,0
2025-08-10,40,True,4,439.1240564,60.71583696,4.573230399e-07,3.530801196e-07,0,3.537539095e-07,9,9,57634.36412,57148.63743,1,9,1200,4,14.54730691,0
2025-08-10,40,True,4,255.5633475,30.35791848,5.069887266e-08,3.530801196e-07,0,3.537539095e-07,16,16,57634.36412,57148.63743,2,17,600,7,45.70445107,2.350134309e-09
2025-08-10,40,True,4,131.7511887,15.17895924,3.500463208e-08,3.530801196e-07,0,3.529576961e-07,30,30,57634.36412,57148.63743,3,33,300,14,6.54276947,1.724401955e-09
2025-08-10,40,True,4,68.30880834,7.589479621,9.975337889e-09,3.530801196e-07,0,3.529576961e-07,55,55,57634.36412,57148.63743,4,65,150,25,1.575576686,8.389179129e-09
2025-08-11,41,True,4,553.8124445,151.1862619,2.544143592,5.303337213e-07,0,0.003489402152,5,5,57715.68062,57110.93557,0,5,2400,-1,-1,0
2025-08-11,41,True,4,494.9339638,75.59313095,1.107677235e-06,5.303337213e-07,0,5.317049416e-07,9,9,57715.68062,57110.93557,1,9,1200,4,29.20976986,0
2025-08-11,41,True,4,255.8337195,37.79656547,2.84955604e-07,5.303337213e-07,0,5.317049416e-07,16,16,57715.68062,57110.93557,2,17,600,7,51.57204788,0
2025-08-11,41,True,4,132.0667223,18.89828274,4.834873835e-08,5.303337213e-07,0,5.301724253e-07,29,29,57715.68062,57110.93557,3,33,300,13,3.821176379,4.365574569e-11
2025-08-11,41,True,4,69.90040859,9.44914137,2.417073119e-08,5.303337213e-07,0,5.301724253e-07,55,55,57715.68062,57110.93557,4,65,150,26,1.128997706,4.365574569e-11
2025-08-12,42,True,4,574.213304,166.1823923,4.317711666,5.976471871e-07,0,0.007158100944,5,5,57926.45443,57261.72487,0,5,2400,-1,-1,0
2025-08-12,42,True,4,484.1903521,83.09119613,3.049593943e-06,5.976471871e-07,0,6.014169932e-07,9,9,57926.45443,57261.72487,1,9,1200,4,38.06553533,0
2025-08-12,42,True,4,258.4593018,41.54559806,7.877024473e-07,5.976471871e-07,0,6.014169932e-07,16,16,57926.45443,57261.72487,2,17,600,7,22.4989213,7.275957614e-12
2025-08-12,42,True,4,132.2973831,20.77279903,1.887092367e-07,5.976471871e-07,0,5.982761831e-07,30,30,57926.45443,57261.72487,3,33,300,14,1.592666905,1.455191523e-11
2025-08-12,42,True,4,66.43142551,10.38639952,9.433279047e-08,5.976471871e-07,0,5.982761831e-07,55,55,57926.45443,57261.72487,4,65,150,25,1.567775386,7.275957614e-12
2025-08-13,43,True,4,687.5457668,213.6670028,3.449648598,4.260780687e-07,0,0.0132495064,5,5,58404.34312,57549.67511,0,5,2400,-1,-1,0
2025-08-13,43,True,4,508.5432793,106.8335014,3.948895028e-06,4.260780687e-07,0,4.33500053e-07,9,9,58404.34312,57549.67511,1,9,1200,4,58.55185699,0
2025-08-13,43,True,4,260.8712732,53.41675071,7.605922292e-07,4.260780687e-07,0,4.279076899e-07,17,17,58404.34312,57549.67511,2,17,600,8,29.66794942,0
2025-08-13,43,True,4,134.3009051,26.70837535,2.117012627e-07,4.260780687e-07,0,4.279076899e-07,29,29,58404.34312,57549.67511,3,33,300,12,21.20625487,7.275957614e-12
2025-08-13,43,True,4,69.54715723,13.35418768,4.394678399e-08,4.260780687e-07,0,4.25785075e-07,55,55,58404.34312,57549.67511,4,65,150,26,2.722470456,7.275957614e-12
2025-08-14,44,True,4,693.6557692,217.0850313,7.89099073,3.821974451e-07,0,0.01309250336,5,5,58186.08481,57317.74469,0,5,2400,-1,-1,0
2025-08-14,44,True,4,507.922289,108.5425157,6.095746357e-06,3.821974451e-07,0,3.894588907e-07,9,9,58186.08481,57317.74469,1,9,1200,4,58.86230199,0
2025-08-14,44,True,4,260.3009701,54.27125783,1.738873834e-06,3.821974451e-07,0,3.894588907e-07,16,16,58186.08481,57317.74469,2,17,600,7,24.83008779,7.275957614e-12
2025-08-14,44,True,4,134.2976077,27.13562891,5.383408279e-07,3.821974451e-07,0,3.839918846e-07,31,31,58186.08481,57317.74469,3,33,300,15,15.74716387,2.182787284e-11
2025-08-14,44,True,4,69.95524294,13.56781446,2.691522241e-07,3.821974451e-07,0,3.839918846e-07,57,57,58186.08481,57317.74469,4,65,150,26,2.324693145,2.182787284e-11
2025-08-15,45,True,4,482.1110103,203.2937363,84.67963654,4.581417581e-07,0,0.04423944393,5,5,36353.29553,35540.12059,0,5,2400,-1,-1,0
2025-08-15,45,True,4,395.3293157,101.6468682,36.09797509,4.581417581e-07,0,0.03638338381,9,9,36353.29553,35540.12059,1,9,1200,4,58.97206881,0
2025-08-15,45,True,4,242.3899939,50.82343408,16.40837454,4.581417581e-07,0,0.03009166875,17,17,36353.29553,35540.12059,2,17,600,8,43.71571349,0
2025-08-15,45,True,4,131.8275382,25.41171704,7.936930054,4.581417581e-07,0,0.02743443333,33,33,36353.29553,35540.12059,3,33,300,16,13.25386363,0
2025-08-15,45,True,4,67.65017416,12.70585852,3.951551357,4.581417581e-07,0,0.02635980654,65,65,36353.29553,35540.12059,4,65,150,32,4.523605067,0
2025-08-16,46,True,4,423.9243441,202.9019429,96.7596823,5.585511336e-07,0,0.0517937991,5,5,36437.60516,35625.99738,0,5,2400,-1,-1,0
2025-08-16,46,True,4,334.5716842,101.4509714,41.04586996,5.585511336e-07,0,0.03995809143,9,9,36437.60516,35625.99738,1,9,1200,4,42.63098224,0
2025-08-16,46,True,4,234.2687326,50.72548571,18.7894213,5.585511336e-07,0,0.03476744421,17,17,36437.60516,35625.99738,2,17,600,8,30.76009039,0
2025-08-16,46,True,4,134.3448007,25.36274286,9.210919049,5.585511336e-07,0,0.03076172692,33,33,36437.60516,35625.99738,3,33,300,16,10.74427499,0
2025-08-16,46,True,4,68.53465091,12.68137143,4.601180897,5.585511336e-07,0,0.03070703765,65,65,36437.60516,35625.99738,4,65,150,32,1.909016595,0
2025-08-17,47,True,4,812.6787314,226.151518,3.523894675,4.390532327e-07,0,0.006314655308,5,5,58306.80674,57402.20067,0,5,2400,-1,-1,0
2025-08-17,47,True,4,540.3709976,113.075759,2.818378562e-06,4.390532327e-07,0,4.422392375e-07,9,9,58306.80674,57402.20067,1,9,1200,4,51.48218715,0
2025-08-17,47,True,4,282.5986963,56.5378795,9.067880455e-07,4.390532327e-07,0,4.422392375e-07,16,16,58306.80674,57402.20067,2,17,600,7,18.22428428,0
2025-08-17,47,True,4,141.5003311,28.26893975,3.502282198e-07,4.390532327e-07,0,4.402206417e-07,31,31,58306.80674,57402.20067,3,33,300,15,4.221225799,0
2025-08-17,47,True,4,70.75016562,14.13446987,1.751031959e-07,4.390532327e-07,0,4.402206417e-07,55,55,58306.80674,57402.20067,4,65,150,24,1.638842814,1.455191523e-11
2025-08-18,48,True,4,764.7588187,205.4900903,2.59445252,4.034619946e-07,0,0.003742129925,5,5,58154.7622,57332.80184,0,5,2400,-1,-1,0
2025-08-18,48,True,4,533.9856967,102.7450451,1.751162927e-06,4.034619946e-07,0,4.052474082e-07,9,9,58154.7622,57332.80184,1,9,1200,4,53.09711381,0
2025-08-18,48,True,4,282.0013688,51.37252257,6.79952791e-07,4.034619946e-07,0,4.052474082e-07,16,16,58154.7622,57332.80184,2,17,600,7,32.58155951,0
2025-08-18,48,True,4,141.5003314,25.68626128,1.954831532e-07,4.034619946e-07,0,4.041135738e-07,31,31,58154.7622,57332.80184,3,33,300,15,5.926726063,7.275957614e-12
2025-08-18,48,True,4,70.75016573,12.84313064,9.773793863e-08,4.034619946e-07,0,4.041135738e-07,56,56,58154.7622,57332.80184,4,65,150,25,1.288664416,1.455191523e-11
2025-08-19,49,True,4,732.3508695,200.7805046,2.997046216,5.327777411e-07,0,0.004917913805,5,5,58247.24978,57444.12776,0,5,2400,-1,-1,0
2025-08-19,49,True,4,531.4854085,100.3902523,2.290937118e-06,5.327777411e-07,0,5.352372829e-07,9,9,58247.24978,57444.12776,1,9,1200,4,50.60366548,0
2025-08-19,49,True,4,280.6519229,50.19512614,8.15212843e-07,5.327777411e-07,0,5.352372829e-07,16,16,58247.24978,57444.12776,2,17,600,7,11.63381183,0
2025-08-19,49,True,4,141.2249362,25.09756307,2.749657142e-07,5.327777411e-07,0,5.336942705e-07,31,31,58247.24978,57444.12776,3,33,300,15,28.15454195,7.275957614e-12
2025-08-19,49,True,4,70.74651066,12.54878153,1.374646672e-07,5.327777411e-07,0,5.336942705e-07,56,56,58247.24978,57444.12776,4,65,150,25,4.265220406,2.182787284e-11
2025-08-20,50,True,4,746.1351964,207.9367081,4.24056092,4.866575324e-07,0,0.006067486768,5,5,58232.92016,57401.17333,0,5,2400,-1,-1,0
2025-08-20,50,True,4,531.1972178,103.9683541,3.033979738e-06,4.866575324e-07,0,4.897842835e-07,9,9,58232.92016,57401.17333,1,9,1200,4,51.77145847,0
2025-08-20,50,True,4,280.6246771,51.98417703,1.157924999e-06,4.866575324e-07,0,4.897842835e-07,16,16,58232.92016,57401.17333,2,17,600,7,9.699752995,7.275957614e-12
2025-08-20,50,True,4,141.2587847,25.99208852,3.108943929e-07,4.866575324e-07,0,4.876938433e-07,31,31,58232.92016,57401.17333,3,33,300,15,25.18468812,7.275957614e-12
2025-08-20,50,True,4,70.74999715,12.99604426,1.554362825e-07,4.866575324e-07,0,4.876938433e-07,58,58,58232.92016,57401.17333,4,65,150,27,4.402429748,1.455191523e-11
2025-08-21,51,True,4,1072.748827,357.4027399,4.154080918,4.347506789e-07,0,0.02650077794,5,5,59334.68317,57905.07221,0,5,2400,-1,-1,0
2025-08-21,51,True,4,565.8658578,178.7013699,7.699265552e-06,4.347506789e-07,0,4.504902528e-07,9,9,59334.68317,57905.07221,1,9,1200,4,30.61237007,0
2025-08-21,51,True,4,283.0969021,89.35068497,1.459186024e-06,4.347506789e-07,0,4.399161186e-07,16,16,59334.68317,57905.07221,2,17,600,7,27.21508315,0
2025-08-21,51,True,4,141.5965704,44.67534249,5.171750672e-08,4.347506789e-07,0,4.345782996e-07,29,29,59334.68317,57905.07221,3,33,300,13,14.52389686,0
2025-08-21,51,True,4,70.80016596,22.33767124,2.585875336e-08,4.347506789e-07,0,4.345782996e-07,50,50,59334.68317,57905.07221,4,65,150,21,4.467776563,2.910383046e-11
2025-08-22,52,True,4,481.9810826,201.3153818,84.04248194,6.089861071e-07,0,0.04188179561,5,5,36479.27305,35674.01153,0,5,2400,-1,-1,0
2025-08-22,52,True,4,404.4919456,100.6576909,37.26491888,6.089861071e-07,0,0.03600822097,9,9,36479.27305,35674.01153,1,9,1200,4,38.69856728,0
2025-08-22,52,True,4,254.6699904,50.32884545,17.52005153,6.089861071e-07,0,0.03086714897,17,17,36479.27305,35674.01153,2,17,600,8,39.03207624,0
2025-08-22,52,True,4,131.7418206,25.16442273,8.592456877,6.089861071e-07,0,0.02920552745,33,33,36479.27305,35674.01153,3,33,300,16,14.39462514,0
2025-08-22,52,True,4,66.91353047,12.58221136,4.290364355,6.089861071e-07,0,0.02863931447,65,65,36479.27305,35674.01153,4,65,150,32,4.926508763,0
2025-08-23,53,True,4,484.2735403,195.6557659,79.14163293,4.946419262e-07,0,0.03908033467,5,5,36641.91573,35859.29267,0,5,2400,-1,-1,0
2025-08-23,53,True,4,412.3834827,97.82788296,35.43766188,4.946419262e-07,0,0.03376058555,9,9,36641.91573,35859.29267,1,9,1200,4,41.23370527,0
2025-08-23,53,True,4,257.0985959,48.91394148,16.70630977,4.946419262e-07,0,0.02924085552,17,17,36641.91573,35859.29267,2,17,600,8,34.9063599,0
2025-08-23,53,True,4,131.9848802,24.45697074,8.194218775,4.946419262e-07,0,0.02779283275,33,33,36641.91573,35859.29267,3,33,300,16,17.83352791,0
2025-08-23,53,True,4,67.36148359,12.22848537,4.085399953,4.946419262e-07,0,0.02727452358,65,65,36641.91573,35859.29267,4,65,150,32,5.540442834,0
2025-08-24,54,True,4,1078.193987,399.5450788,1.548941824,4.106361586e-07,0,0.02485593416,5,5,59562.09225,57963.91194,0,5,2400,-1,-1,0
2025-08-24,54,True,4,566.1719183,199.7725394,9.855401004e-06,4.106361586e-07,0,4.354857668e-07,9,9,59562.09225,57963.91194,1,9,1200,4,39.70905721,0
2025-08-24,54,True,4,283.17135,99.88626971,1.612883352e-06,4.106361586e-07,0,4.208665062e-07,16,16,59562.09225,57963.91194,2,17,600,7,28.74471509,0
2025-08-24,54,True,4,141.60033,49.94313486,5.369656719e-08,4.106361586e-07,0,4.104571487e-07,30,30,59562.09225,57963.91194,3,33,300,14,17.81594357,7.275957614e-12
2025-08-24,54,True,4,70.80016518,24.97156743,2.68482836e-08,4.106361586e-07,0,4.104571487e-07,50,50,59562.09225,57963.91194,4,65,150,20,1.0009065,1.455191523e-11
2025-08-25,55,True,4,1055.923869,358.1276929,2.476777998,4.548788418e-07,0,0.01532263544,5,5,59365.96934,57933.45857,0,5,2400,-1,-1,0
2025-08-25,55,True,4,562.5274956,179.0638464,8.470851753e-06,4.548788418e-07,0,4.712956887e-07,9,9,59365.96934,57933.45857,1,9,1200,4,29.26265109,0
2025-08-25,55,True,4,282.9670304,89.53192321,1.79381459e-06,4.548788418e-07,0,4.62366603e-07,16,16,59365.96934,57933.45857,2,17,600,7,29.21301499,0
2025-08-25,55,True,4,141.5028011,44.76596161,5.340552889e-08,4.548788418e-07,0,4.547008358e-07,30,30,59365.96934,57933.45857,3,33,300,14,17.35236181,0
2025-08-25,55,True,4,70.75263575,22.38298081,2.669548849e-08,4.548788418e-07,0,4.547008358e-07,52,52,59365.96934,57933.45857,4,65,150,22,1.467196675,1.455191523e-11
2025-08-26,56,True,4,1070.533762,416.903268,3.32538475e-05,4.417099116e-07,0,4.822030681e-07,5,5,60285.24681,58617.63374,0,5,2400,-1,-1,0
2025-08-26,56,True,4,566.1098633,208.451634,1.180014806e-07,4.417099116e-07,0,4.416115746e-07,9,9,60285.24681,58617.63374,1,9,1200,4,102.9350336,7.275957614e-12
2025-08-26,56,True,4,283.1455451,104.225817,5.900074029e-08,4.417099116e-07,0,4.416115746e-07,16,16,60285.24681,58617.63374,2,17,600,7,22.4274051,7.275957614e-12
2025-08-26,56,True,4,141.6003305,52.11290851,2.949673217e-08,4.417099116e-07,0,4.416115746e-07,27,27,60285.24681,58617.63374,3,33,300,11,6.436580642,7.275957614e-12
2025-08-26,56,True,4,70.80016541,26.05645425,1.474836608e-08,4.417099116e-07,0,4.416115746e-07,45,45,60285.24681,58617.63374,4,65,150,18,2.69008192,2.182787284e-11
2025-08-27,57,True,4,1050.565424,384.6353481,2.805382974e-05,4.627186473e-07,0,4.939164033e-07,5,5,60127.60577,58589.06438,0,5,2400,-1,-1,0
2025-08-27,57,True,4,564.6707737,192.3176741,1.349471859e-07,4.627186473e-07,0,4.770747245e-07,9,9,60127.60577,58589.06438,1,9,1200,4,88.03458996,0
2025-08-27,57,True,4,283.0174227,96.15883704,1.148509909e-07,4.627186473e-07,0,4.625272362e-07,16,16,60127.60577,58589.06438,2,17,600,7,27.74034446,0
2025-08-27,57,True,4,141.5170911,48.07941852,5.742185749e-08,4.627186473e-07,0,4.625272362e-07,26,26,60127.60577,58589.06438,3,33,300,10,5.752100306,2.182787284e-11
2025-08-27,57,True,4,70.76692522,24.03970926,2.870365279e-08,4.627186473e-07,0,4.625272362e-07,45,45,60127.60577,58589.06438,4,65,150,19,2.389941254,8.731149137e-11
2025-08-28,58,True,4,1072.456595,423.9560955,2.119861165e-05,4.962584401e-07,0,5.49022083e-07,5,5,60671.54578,58975.7214,0,5,2400,-1,-1,7.275957614e-12
2025-08-28,58,True,4,564.8544222,211.9780478,2.321394277e-07,4.962584401e-07,0,4.960649894e-07,9,9,60671.54578,58975.7214,1,9,1200,4,83.41203236,7.275957614e-12
2025-08-28,58,True,4,283.0530611,105.9890239,1.160660759e-07,4.962584401e-07,0,4.960649894e-07,15,15,60671.54578,58975.7214,2,17,600,6,19.32523127,7.275957614e-12
2025-08-28,58,True,4,141.5527302,52.99451195,5.802576197e-08,4.962584401e-07,0,4.960649894e-07,24,24,60671.54578,58975.7214,3,33,300,9,10.11067951,1.455191523e-11
2025-08-28,58,True,4,70.80015597,26.49725598,2.900924301e-08,4.962584401e-07,0,4.960649894e-07,42,42,60671.54578,58975.7214,4,65,150,18,1.077721577,1.455191523e-11
2025-08-29,59,True,4,556.6087648,266.9046447,145.079173,5.773054819e-07,0,0.06708868659,5,5,37769.5615,36701.94292,0,5,2400,-1,-1,0
2025-08-29,59,True,4,448.9120543,133.4523223,68.0278743,5.773054819e-07,0,0.05985948207,9,9,37769.5615,36701.94292,1,9,1200,4,27.37941694,0
2025-08-29,59,True,4,258.7703527,66.72616117,33.17184537,5.773054819e-07,0,0.05662688926,17,17,37769.5615,36701.94292,2,17,600,8,37.89718701,0
2025-08-29,59,True,4,132.9990276,33.36308059,16.38115179,5.773054819e-07,0,0.05521768775,33,33,37769.5615,36701.94292,3,33,300,16,4.169358546,0
2025-08-29,59,True,4,67.20516354,16.68154029,8.144148121,5.773054819e-07,0,0.05468232495,65,65,37769.5615,36701.94292,4,65,150,32,7.785926414,0
2025-08-30,60,True,4,602.6094975,278.5976987,147.2658231,5.899889428e-07,0,0.0672756938,5,5,37977.26322,36862.87242,0,5,2400,-1,-1,0
2025-08-30,60,True,4,496.9511361,139.2988493,69.7728042,5.899889428e-07,0,0.060583232,9,9,37977.26322,36862.87242,1,9,1200,4,9.854611867,0
2025-08-30,60,True,4,278.9154206,69.64942467,34.18299659,5.899889428e-07,0,0.0580804178,17,17,37977.26322,36862.87242,2,17,600,8,9.031186193,0
2025-08-30,60,True,4,140.185235,34.82471234,16.88840687,5.899889428e-07,0,0.05704194538,33,33,37977.26322,36862.87242,3,33,300,16,9.43564242,0
2025-08-30,60,True,4,70.42187655,17.41235617,8.389823331,5.899889428e-07,0,0.05602508316,65,65,37977.26322,36862.87242,4,65,150,32,2.77569983,0
2025-08-31,61,True,4,1048.16029,401.4450275,3.013967944e-05,3.985833335e-07,0,4.409727196e-07,5,5,60397.53838,58791.75827,0,5,2400,-1,-1,0
2025-08-31,61,True,4,562.9710846,200.7225138,0,3.985833335e-07,0,3.985833335e-07,9,9,60397.53838,58791.75827,1,9,1200,4,88.35650525,0
2025-08-31,61,True,4,283.0031298,100.3612569,0,3.985833335e-07,0,3.985833335e-07,16,16,60397.53838,58791.75827,2,17,600,7,20.17855319,0
2025-08-31,61,True,4,141.5028002,50.18062844,0,3.985833335e-07,0,3.985833335e-07,26,26,60397.53838,58791.75827,3,33,300,10,14.25265515,0
2025-08-31,61,True,4,70.75263546,25.09031422,0,3.985833335e-07,0,3.985833335e-07,44,44,60397.53838,58791.75827,4,65,150,18,2.855291667,7.275957614e-11
2025-09-01,31,True,4,736.4579353,187.1192764,6.741902325e-08,5.397202409e-07,0,5.396921471e-07,4,4,58866.27514,58117.79803,0,5,2400,-1,-1,7.275957614e-12
2025-09-01,31,True,4,536.9977272,93.5596382,3.370951163e-08,5.397202409e-07,0,5.396921471e-07,5,5,58866.27514,58117.79803,1,9,1200,1,45.94479975,7.275957614e-12
2025-09-01,31,True,4,279.9326952,46.7798191,1.685111783e-08,5.397202409e-07,0,5.396921471e-07,8,8,58866.27514,58117.79803,2,17,600,3,18.11861567,7.275957614e-12
2025-09-01,31,True,4,141.1500807,23.38990955,8.425558917e-09,5.397202409e-07,0,5.396921471e-07,14,14,58866.27514,58117.79803,3,33,300,6,15.7794865,7.275957614e-12
2025-09-01,31,True,4,70.75390901,11.69495477,4.212779459e-09,5.397202409e-07,0,5.396921471e-07,23,23,58866.27514,58117.79803,4,65,150,9,2.216422468,1.455191523e-11
2025-09-02,32,True,4,876.5050166,230.392217,5.27506927e-08,4.300944741e-07,0,4.300724895e-07,4,4,58217.53399,57295.96512,0,5,2400,-1,-1,2.910383046e-11
2025-09-02,32,True,4,531.7657231,115.1961085,2.636807039e-08,4.300944741e-07,0,4.300724895e-07,6,6,58217.53399,57295.96512,1,9,1200,2,66.48285067,2.910383046e-11
2025-09-02,32,True,4,276.3420262,57.59805425,1.317675924e-08,4.300944741e-07,0,4.300724895e-07,9,9,58217.53399,57295.96512,2,17,600,3,24.31597761,2.910383046e-11
2025-09-02,32,True,4,141.0938437,28.79902713,6.584741641e-09,4.300944741e-07,0,4.300724895e-07,16,16,58217.53399,57295.96512,3,33,300,7,14.65057835,2.910383046e-11
2025-09-02,32,True,4,70.7544705,14.39951356,3.288732842e-09,4.300944741e-07,0,4.300724895e-07,25,25,58217.53399,57295.96512,4,65,150,9,1.898161158,3.637978807e-11
2025-09-03,33,True,4,915.7377722,242.1823267,1.116131898e-08,3.564814791e-07,0,3.564768233e-07,5,5,57478.63188,56509.90258,0,5,2400,-1,-1,1.455191523e-11
2025-09-03,33,True,4,535.8559874,121.0911634,5.58065949e-09,3.564814791e-07,0,3.564768233e-07,7,7,57478.63188,56509.90258,1,9,1200,2,63.58413338,7.275957614e-12
2025-09-03,33,True,4,274.5786468,60.54558168,2.779415809e-09,3.564814791e-07,0,3.564768233e-07,11,11,57478.63188,56509.90258,2,17,600,4,11.49102334,2.182787284e-11
2025-09-03,33,True,4,139.1879506,30.27279084,1.382431947e-09,3.564814791e-07,0,3.564768233e-07,19,19,57478.63188,56509.90258,3,33,300,8,7.300667087,2.182787284e-11
2025-09-03,33,True,4,70.47400942,15.13639542,6.912159733e-10,3.564814791e-07,0,3.564768233e-07,32,32,57478.63188,56509.90258,4,65,150,13,1.397336584,2.910383046e-11
2025-09-04,34,True,4,1031.306386,304.006362,1.295120455e-09,3.882858831e-07,0,3.882853443e-07,5,5,56402.75574,55186.73029,0,5,2400,-1,-1,0
2025-09-04,34,True,4,542.7170845,152.003181,6.475602277e-10,3.882858831e-07,0,3.882853443e-07,8,8,56402.75574,55186.73029,1,9,1200,3,66.02130282,0
2025-09-04,34,True,4,279.0402259,76.00159051,3.20142135e-10,3.882858831e-07,0,3.882853443e-07,13,13,56402.75574,55186.73029,2,17,600,5,11.02594204,0
2025-09-04,34,True,4,141.3655861,38.00079525,1.527951099e-10,3.882858831e-07,0,3.882853443e-07,22,22,56402.75574,55186.73029,3,33,300,9,9.588411649,3.637978807e-11
2025-09-04,34,True,4,70.75447741,19.00039763,7.275957614e-11,3.882858831e-07,0,3.882853443e-07,39,39,56402.75574,55186.73029,4,65,150,17,1.858781592,3.637978807e-11
2025-09-05,35,True,4,569.0870077,310.6903547,126.5659322,5.308546459e-07,0,0.08100005859,5,5,37494.1009,36251.33948,0,5,2400,-1,-1,0
2025-09-05,35,True,4,401.1445955,155.3451773,43.52557685,5.308546459e-07,0,0.05455315465,9,9,37494.1009,36251.33948,1,9,1200,4,23.74343588,0
2025-09-05,35,True,4,257.9192982,77.67258867,18.40243095,5.308546459e-07,0,0.03544847088,17,17,37494.1009,36251.33948,2,17,600,8,39.73168717,0
2025-09-05,35,True,4,137.7887292,38.83629433,8.836993479,5.308546459e-07,0,0.02974943626,33,33,37494.1009,36251.33948,3,33,300,16,7.151136532,0
2025-09-05,35,True,4,69.91337711,19.41814717,4.391763179,5.308546459e-07,0,0.02948177733,65,65,37494.1009,36251.33948,4,65,150,32,4.657772391,0
2025-09-06,36,True,4,777.1984878,303.9797907,28.35761729,7.624024835e-07,0,0.01306913436,5,5,30993.38295,29777.46379,0,5,2400,-1,-1,0
2025-09-06,36,True,4,403.586673,151.9898953,13.36939797,7.624024835e-07,0,0.01185386992,9,9,30993.38295,29777.46379,1,9,1200,4,24.81138246,0
2025-09-06,36,True,4,212.3939572,75.99494767,6.536876405,7.624024835e-07,0,0.01104293865,17,17,30993.38295,29777.46379,2,17,600,8,6.333531153,0
2025-09-06,36,True,4,114.7667614,37.99747384,3.251389195,7.624024835e-07,0,0.01086958594,33,33,30993.38295,29777.46379,3,33,300,16,1.209276096,0
2025-09-06,36,True,4,61.53384518,18.99873692,1.622361137,7.624024835e-07,0,0.01084573963,65,65,30993.38295,29777.46379,4,65,150,32,5.790748097,0
2025-09-07,37,True,4,1037.930364,449.8023472,0.0004775351263,5.585767557e-07,0,9.267213437e-07,5,5,54148.76888,52349.55949,0,5,2400,-1,-1,0
2025-09-07,37,True,4,540.5457655,224.9011736,0.0001540856392,5.585767557e-07,0,7.618546853e-07,8,8,54148.76888,52349.55949,1,9,1200,3,42.48198456,0
2025-09-07,37,True,4,274.7953928,112.4505868,5.220496678e-05,5.585767557e-07,0,6.658884118e-07,15,15,54148.76888,52349.55949,2,17,600,7,8.722068875,0
2025-09-07,37,True,4,138.2560171,56.2252934,2.092152863e-05,5.585767557e-07,0,6.350669473e-07,28,28,54148.76888,52349.55949,3,33,300,13,23.85685897,7.275957614e-12
2025-09-07,37,True,4,69.44555067,28.1126467,1.013829751e-05,5.585767557e-07,0,6.261655119e-07,52,52,54148.76888,52349.55949,4,65,150,24,1.490015149,2.182787284e-11
2025-09-08,38,True,4,663.804397,306.9618888,64.30700019,1.579874651e-07,0,0.03444619375,5,5,50008.78587,48780.93832,0,5,2400,-1,-1,0
2025-09-08,38,True,4,470.4158676,153.4809444,26.82847945,1.579874651e-07,0,0.0224658004,9,9,50008.78587,48780.93832,1,9,1200,4,28.84972136,0
2025-09-08,38,True,4,267.4624577,76.74047221,13.38486882,1.579874651e-07,0,0.02232737813,17,17,50008.78587,48780.93832,2,17,600,8,23.22716734,0
2025-09-08,38,True,4,136.0987612,38.3702361,6.689303277,1.579874651e-07,0,0.02230223831,33,33,50008.78587,48780.93832,3,33,300,16,3.814106982,0
2025-09-08,38,True,4,68.33684154,19.18511805,3.344250448,1.579874651e-07,0,0.02229516097,65,65,50008.78587,48780.93832,4,65,150,32,1.17724647,2.910383046e-11
2025-09-09,39,True,4,610.2489948,243.0946037,35.11108944,5.348212167e-07,0,0.02475006543,5,5,51287.39696,50315.01855,0,5,2400,-1,-1,0
2025-09-09,39,True,4,442.8395256,121.5473018,5.550200518,5.348212167e-07,0,0.02441279179,9,9,51287.39696,50315.01855,1,9,1200,4,25.24771825,0
2025-09-09,39,True,4,265.8550289,60.77365092,3.679381916e-05,5.348212167e-07,0,5.961442733e-07,17,17,51287.39696,50315.01855,2,17,600,8,24.05692691,0
2025-09-09,39,True,4,137.8987095,30.38682546,1.839689503e-05,5.348212167e-07,0,5.961442733e-07,32,32,51287.39696,50315.01855,3,33,300,15,2.886468993,7.275957614e-12
2025-09-09,39,True,4,69.35177343,15.19341273,9.198447515e-06,5.348212167e-07,0,5.961442733e-07,61,61,51287.39696,50315.01855,4,65,150,29,2.609074771,7.275957614e-12
2025-09-10,40,True,4,575.0827923,210.522942,16.83782132,4.813264089e-07,0,0.0218941694,5,5,51683.09401,50841.00224,0,5,2400,-1,-1,0
2025-09-10,40,True,4,432.40485,105.261471,6.390229828e-05,4.813264089e-07,0,5.345783257e-07,9,9,51683.09401,50841.00224,1,9,1200,4,25.41444104,0
2025-09-10,40,True,4,267.1638445,52.6307355,3.195113095e-05,4.813264089e-07,0,5.345783257e-07,16,16,51683.09401,50841.00224,2,17,600,7,20.04530834,1.455191523e-11
2025-09-10,40,True,4,138.0254555,26.31536775,1.597555092e-05,4.813264089e-07,0,5.345783257e-07,29,29,51683.09401,50841.00224,3,33,300,13,1.169517657,2.182787284e-11
2025-09-10,40,True,4,69.53009628,13.15768387,7.987764548e-06,4.813264089e-07,0,5.345783257e-07,56,56,51683.09401,50841.00224,4,65,150,27,3.617820617,2.910383046e-11
2025-09-11,41,True,4,911.5295042,275.5324628,2.612261549,4.70967949e-07,0,0.02101714193,5,5,52673.44231,51571.31246,0,5,2400,-1,-1,0
2025-09-11,41,True,4,551.7790189,137.7662314,5.134309322e-05,4.70967949e-07,0,5.137538753e-07,9,9,52673.44231,51571.31246,1,9,1200,4,29.27231413,0
2025-09-11,41,True,4,279.733221,68.88311569,2.567154297e-05,4.70967949e-07,0,5.137538753e-07,15,15,52673.44231,51571.31246,2,17,600,6,17.86800572,0
2025-09-11,41,True,4,140.3608638,34.44155785,1.283572055e-05,4.70967949e-07,0,5.137538753e-07,27,27,52673.44231,51571.31246,3,33,300,12,2.922262678,1.455191523e-11
2025-09-11,41,True,4,70.32117746,17.22077892,6.417845725e-06,4.70967949e-07,0,5.137538753e-07,52,52,52673.44231,51571.31246,4,65,150,25,0.9212687667,1.455191523e-11
2025-09-12,42,True,4,995.8664911,418.8316657,117.028447,7.133687459e-07,0,0.05203253761,5,5,32476.27146,30800.9448,0,5,2400,-1,-1,3.637978807e-12
2025-09-12,42,True,4,510.0961135,209.4158329,55.75345828,7.133687459e-07,0,0.04936307319,9,9,32476.27146,30800.9448,1,9,1200,4,9.982795103,3.637978807e-12
2025-09-12,42,True,4,260.8243069,104.7079164,26.50298723,7.133687459e-07,0,0.04747389877,17,17,32476.27146,30800.9448,2,17,600,8,7.794261529,3.637978807e-12
2025-09-12,42,True,4,132.59344,52.35395822,12.89924274,7.133687459e-07,0,0.04302159817,33,33,32476.27146,30800.9448,3,33,300,16,19.45553219,3.637978807e-12
2025-09-12,42,True,4,66.90367591,26.17697911,6.446462275,7.133687459e-07,0,0.04300056825,65,65,32476.27146,30800.9448,4,65,150,32,3.067793547,3.637978807e-12
2025-09-13,43,True,4,765.1215196,335.7508501,104.2469902,6.244245005e-07,0,0.04644668954,5,5,31972.50876,30629.50536,0,5,2400,-1,-1,0
2025-09-13,43,True,4,408.4466903,167.8754251,49.66696286,6.244245005e-07,0,0.04421818844,9,9,31972.50876,30629.50536,1,9,1200,4,17.14113714,0
2025-09-13,43,True,4,223.9439765,83.93771253,24.0366756,6.244245005e-07,0,0.04033872249,17,17,31972.50876,30629.50536,2,17,600,8,11.32022159,0
2025-09-13,43,True,4,127.8678282,41.96885626,11.98573988,6.244245005e-07,0,0.04001698319,33,33,31972.50876,30629.50536,3,33,300,16,13.94841174,3.637978807e-12
2025-09-13,43,True,4,65.50551195,20.98442813,5.987676397,6.244245005e-07,0,0.03995502483,65,65,31972.50876,30629.50536,4,65,150,32,1.401190862,3.637978807e-12
2025-09-14,44,True,4,1019.858002,398.4351535,0.0003561434933,6.172779481e-07,0,7.71775428e-07,5,5,53183.33963,51589.59902,0,5,2400,-1,-1,0
2025-09-14,44,True,4,537.9006666,199.2175767,0.0001707465199,6.172779481e-07,0,7.71775428e-07,8,8,53183.33963,51589.59902,1,9,1200,3,53.03966337,0
2025-09-14,44,True,4,273.833414,99.60878837,7.804803317e-05,6.172779481e-07,0,7.71775428e-07,14,14,53183.33963,51589.59902,2,17,600,6,17.48060176,1.455191523e-11
2025-09-14,44,True,4,138.5442349,49.80439419,3.723673581e-05,6.172779481e-07,0,7.424270978e-07,27,27,53183.33963,51589.59902,3,33,300,13,5.228207496,2.182787284e-11
2025-09-14,44,True,4,69.56241165,24.90219709,1.846435043e-05,6.172779481e-07,0,7.424270978e-07,51,51,53183.33963,51589.59902,4,65,150,24,2.020231875,2.910383046e-11
2025-09-15,45,True,4,942.7029674,333.9234057,0.0002479217073,4.879178366e-07,0,5.935868071e-07,5,5,53248.1957,51912.50208,0,5,2400,-1,-1,0
2025-09-15,45,True,4,545.5023005,166.9617029,0.0001211189447,4.879178366e-07,0,5.935868071e-07,8,8,53248.1957,51912.50208,1,9,1200,3,28.32530008,0
2025-09-15,45,True,4,276.2395775,83.48085143,5.771755968e-05,4.879178366e-07,0,5.935868071e-07,14,14,53248.1957,51912.50208,2,17,600,6,12.21599905,0
2025-09-15,45,True,4,139.1704144,41.74042572,2.669415699e-05,4.879178366e-07,0,5.772134983e-07,27,27,53248.1957,51912.50208,3,33,300,13,3.106259586,1.455191523e-11
2025-09-15,45,True,4,69.6820658,20.87021286,1.329982479e-05,4.879178366e-07,0,5.772134983e-07,51,51,53248.1957,51912.50208,4,65,150,24,1.262487365,3.637978807e-11
2025-09-16,46,True,4,903.5944723,306.308164,0.1979082492,4.410594471e-07,0,0.008579937034,5,5,53011.27465,51786.04199,0,5,2400,-1,-1,0
2025-09-16,46,True,4,549.9581131,153.154082,9.705546108e-05,4.410594471e-07,0,5.225780124e-07,9,9,53011.27465,51786.04199,1,9,1200,4,19.5322027,0
2025-09-16,46,True,4,277.6148164,76.577041,4.814431304e-05,4.410594471e-07,0,5.225780124e-07,15,15,53011.27465,51786.04199,2,17,600,6,17.79185634,7.275957614e-12
2025-09-16,46,True,4,139.577006,38.2885205,2.368872811e-05,4.410594471e-07,0,5.225780124e-07,27,27,53011.27465,51786.04199,3,33,300,12,1.426274219,2.182787284e-11
2025-09-16,46,True,4,70.02182536,19.14426025,1.154696656e-05,4.410594471e-07,0,5.192331585e-07,52,52,53011.27465,51786.04199,4,65,150,25,2.643211047,4.365574569e-11
2025-09-17,47,True,4,819.8399705,269.8357261,0.0001644741787,4.625075208e-07,0,5.337568674e-07,5,5,53277.73761,52198.39471,0,5,2400,-1,-1,0
2025-09-17,47,True,4,550.5951374,134.917863,7.897496835e-05,4.625075208e-07,0,5.337568674e-07,8,8,53277.73761,52198.39471,1,9,1200,3,15.2363943,0
2025-09-17,47,True,4,277.2147477,67.45893151,3.622536315e-05,4.625075208e-07,0,5.337568674e-07,14,14,53277.73761,52198.39471,2,17,600,6,2.627216363,0
2025-09-17,47,True,4,138.8772092,33.72946576,1.508567948e-05,4.625075208e-07,0,5.318140559e-07,26,26,53277.73761,52198.39471,3,33,300,12,20.94681633,2.182787284e-11
2025-09-17,47,True,4,69.51860107,16.86473288,6.429487257e-06,4.625075208e-07,0,5.121578472e-07,50,50,53277.73761,52198.39471,4,65,150,24,2.241087812,2.910383046e-11
2025-09-18,48,True,4,760.0437559,240.418846,0.0001256816104,5.312615924e-07,0,5.837701345e-07,5,5,53104.79957,52143.12418,0,5,2400,-1,-1,0
2025-09-18,48,True,4,544.3098555,120.209423,6.267136632e-05,5.312615924e-07,0,5.837701345e-07,8,8,53104.79957,52143.12418,1,9,1200,3,26.00363186,0
2025-09-18,48,True,4,277.5253134,60.10471149,3.11662443e-05,5.312615924e-07,0,5.837701345e-07,14,14,53104.79957,52143.12418,2,17,600,6,4.648945227,7.275957614e-12
2025-09-18,48,True,4,139.3337835,30.05235575,1.541368692e-05,5.312615924e-07,0,5.837701345e-07,26,26,53104.79957,52143.12418,3,33,300,12,5.947583866,7.275957614e-12
2025-09-18,48,True,4,69.87489416,15.02617787,7.600981917e-06,5.312615924e-07,0,5.823007102e-07,50,50,53104.79957,52143.12418,4,65,150,24,1.988673306,7.275957614e-12
2025-09-19,49,True,4,918.1320529,465.9860149,215.3199147,7.666806067e-07,0,0.09629541753,5,5,33403.24073,31539.29667,0,5,2400,-1,-1,0
2025-09-19,49,True,4,476.0366977,232.9930075,102.3874473,7.666806067e-07,0,0.09211383372,9,9,33403.24073,31539.29667,1,9,1200,4,20.76581684,0
2025-09-19,49,True,4,246.2736463,116.4965037,48.8962663,7.666806067e-07,0,0.08485349212,17,17,33403.24073,31539.29667,2,17,600,8,17.40755511,0
2025-09-19,49,True,4,129.4746167,58.24825186,23.86267133,7.666806067e-07,0,0.08103372952,33,33,33403.24073,31539.29667,3,33,300,16,12.01972578,3.637978807e-12
2025-09-19,49,True,4,65.62833203,29.12412593,11.75568286,7.666806067e-07,0,0.07858531208,65,65,33403.24073,31539.29667,4,65,150,32,2.965935899,3.637978807e-12
2025-09-20,50,True,4,601.3058337,287.9785131,117.5562932,5.45216809e-07,0,0.05275468899,5,5,31941.11576,30789.2017,0,5,2400,-1,-1,0
2025-09-20,50,True,4,340.8321324,143.9892565,55.74124151,5.45216809e-07,0,0.05006965915,9,9,31941.11576,30789.2017,1,9,1200,4,14.41000029,0
2025-09-20,50,True,4,205.8560541,71.99462827,26.61222921,5.45216809e-07,0,0.04676940394,17,17,31941.11576,30789.2017,2,17,600,8,10.13540639,0
2025-09-20,50,True,4,129.7420649,35.99731414,12.97817231,5.45216809e-07,0,0.04468379105,33,33,31941.11576,30789.2017,3,33,300,16,5.469710238,0
2025-09-20,50,True,4,65.85508867,17.99865707,6.424387756,5.45216809e-07,0,0.043081084,65,65,31941.11576,30789.2017,4,65,150,32,1.92917341,0
2025-09-21,51,True,4,703.1547772,238.1342992,0.0001560939418,5.876670521e-07,0,6.535735107e-07,5,5,53399.35763,52446.82043,0,5,2400,-1,-1,0
2025-09-21,51,True,4,537.8885991,119.0671496,7.700622518e-05,5.876670521e-07,0,6.535735107e-07,8,8,53399.35763,52446.82043,1,9,1200,3,24.01444314,0
2025-09-21,51,True,4,275.7732064,59.5335748,3.746236325e-05,5.876670521e-07,0,6.535735107e-07,14,14,53399.35763,52446.82043,2,17,600,6,8.796270635,0
2025-09-21,51,True,4,138.53506,29.7667874,1.769040682e-05,5.876670521e-07,0,6.535735107e-07,26,26,53399.35763,52446.82043,3,33,300,12,7.056021029,0
2025-09-21,51,True,4,69.54149785,14.8833937,7.931543223e-06,5.876670521e-07,0,6.524228972e-07,50,50,53399.35763,52446.82043,4,65,150,24,2.309167183,2.182787284e-11
2025-09-22,52,True,4,732.770098,238.1753458,0.0001310993975,3.858848752e-07,0,4.405477152e-07,5,5,53169.47726,52216.77588,0,5,2400,-1,-1,0
2025-09-22,52,True,4,542.4616352,119.0876729,6.550399121e-05,3.858848752e-07,0,4.405477152e-07,8,8,53169.47726,52216.77588,1,9,1200,3,26.29533002,0
2025-09-22,52,True,4,276.5577955,59.54383644,3.270629531e-05,3.858848752e-07,0,4.405477152e-07,14,14,53169.47726,52216.77588,2,17,600,6,7.309832371,7.275957614e-12
2025-09-22,52,True,4,138.9735613,29.77191822,1.63074219e-05,3.858848752e-07,0,4.405477152e-07,26,26,53169.47726,52216.77588,3,33,300,12,4.689043626,1.455191523e-11
2025-09-22,52,True,4,69.6866178,14.88595911,8.107977919e-06,3.858848752e-07,0,4.405477152e-07,50,50,53169.47726,52216.77588,4,65,150,24,3.234131401,4.365574569e-11
2025-09-23,53,True,4,748.3127553,255.8587089,0.0001821262558,5.189632677e-07,0,6.001972241e-07,5,5,53655.26168,52631.82685,0,5,2400,-1,-1,0
2025-09-23,53,True,4,543.4971274,127.9293545,8.464552229e-05,5.189632677e-07,0,6.001972241e-07,8,8,53655.26168,52631.82685,1,9,1200,3,22.98880061,0
2025-09-23,53,True,4,276.0792576,63.96467723,3.590514825e-05,5.189632677e-07,0,6.001972241e-07,13,13,53655.26168,52631.82685,2,17,600,5,9.13179605,7.275957614e-12
2025-09-23,53,True,4,138.9104226,31.98233862,1.434630394e-05,5.189632677e-07,0,5.734465966e-07,25,25,53655.26168,52631.82685,3,33,300,12,1.745975657,7.275957614e-12
2025-09-23,53,True,4,69.7830485,15.99116931,6.932445103e-06,5.189632677e-07,0,5.654771762e-07,49,49,53655.26168,52631.82685,4,65,150,24,2.603489898,2.182787284e-11
2025-09-24,54,True,4,702.568352,237.947936,0.0001665648088,3.925286025e-07,0,4.692985019e-07,5,5,53877.12794,52925.3362,0,5,2400,-1,-1,0
2025-09-24,54,True,4,536.5957441,118.973968,7.444089715e-05,3.925286025e-07,0,4.692985019e-07,8,8,53877.12794,52925.3362,1,9,1200,3,22.39055599,2.910383046e-11
2025-09-24,54,True,4,275.7108086,59.48698401,2.963071165e-05,3.925286025e-07,0,4.559627075e-07,14,14,53877.12794,52925.3362,2,17,600,6,11.74054499,5.09317033e-11
2025-09-24,54,True,4,138.6222283,29.743492,1.308367064e-05,3.925286025e-07,0,4.366925416e-07,26,26,53877.12794,52925.3362,3,33,300,12,3.129220895,5.09317033e-11
2025-09-24,54,True,4,69.46870161,14.871746,6.459071301e-06,3.925286025e-07,0,4.366925416e-07,48,48,53877.12794,52925.3362,4,65,150,22,0.7438192481,4.365574569e-11
2025-09-25,55,True,4,903.3871775,271.2472566,0.000120601755,4.023781358e-07,0,4.569617765e-07,5,5,54168.73675,53083.74772,0,5,2400,-1,-1,0
2025-09-25,55,True,4,555.5216324,135.6236283,5.510143092e-05,4.023781358e-07,0,4.569617765e-07,8,8,54168.73675,53083.74772,1,9,1200,3,18.98718908,0
2025-09-25,55,True,4,279.3715746,67.81181414,2.270288678e-05,4.023781358e-07,0,4.469727873e-07,14,14,54168.73675,53083.74772,2,17,600,6,28.99971872,1.455191523e-11
2025-09-25,55,True,4,140.0639632,33.90590707,1.013503061e-05,4.023781358e-07,0,4.39879039e-07,26,26,54168.73675,53083.74772,3,33,300,12,1.290022915,2.182787284e-11
2025-09-25,55,True,4,70.09683078,16.95295353,4.733155947e-06,4.023781358e-07,0,4.380859183e-07,49,49,54168.73675,53083.74772,4,65,150,23,0.6402961734,2.910383046e-11
2025-09-26,56,True,4,1017.454099,548.9249659,301.0504149,4.967897858e-07,0,0.1354110439,5,5,34644.29172,32448.59185,0,5,2400,-1,-1,0
2025-09-26,56,True,4,514.4620506,274.462483,141.9404509,4.967897858e-07,0,0.1287112149,9,9,34644.29172,32448.59185,1,9,1200,4,17.55582637,0
2025-09-26,56,True,4,259.1160613,137.2312415,67.68594055,4.967897858e-07,0,0.1186365067,17,17,34644.29172,32448.59185,2,17,600,8,22.73691157,0
2025-09-26,56,True,4,130.1835963,68.61562074,33.05116434,4.967897858e-07,0,0.1132250966,33,33,34644.29172,32448.59185,3,33,300,16,15.29783517,3.637978807e-12
2025-09-26,56,True,4,65.3738607,34.30781037,16.29907857,4.967897858e-07,0,0.1109871284,65,65,34644.29172,32448.59185,4,65,150,32,3.098169805,3.637978807e-12
2025-09-27,57,True,4,808.1974709,452.754532,250.926501,4.87753298e-07,0,0.113699025,5,5,33715.22496,31904.20683,0,5,2400,-1,-1,0
2025-09-27,57,True,4,432.9207431,226.377266,117.5511154,4.87753298e-07,0,0.1076567878,9,9,33715.22496,31904.20683,1,9,1200,4,21.21894105,3.637978807e-12
2025-09-27,57,True,4,237.1312556,113.188633,55.93128103,4.87753298e-07,0,0.09797321925,17,17,33715.22496,31904.20683,2,17,600,8,16.52795536,3.637978807e-12
2025-09-27,57,True,4,131.3114188,56.59431649,27.21760621,4.87753298e-07,0,0.09362524455,33,33,33715.22496,31904.20683,3,33,300,16,9.066697864,3.637978807e-12
2025-09-27,57,True,4,66.30696818,28.29715825,13.25972334,4.87753298e-07,0,0.08998263754,65,65,33715.22496,31904.20683,4,65,150,32,2.342546336,3.637978807e-12
2025-09-28,58,True,4,844.7894296,250.2202524,0.0001011019485,4.957433988e-07,0,5.408576596e-07,5,5,54126.43078,53125.54977,0,5,2400,-1,-1,0
2025-09-28,58,True,4,553.8394912,125.1101262,4.696483666e-05,4.957433988e-07,0,5.408576596e-07,8,8,54126.43078,53125.54977,1,9,1200,3,19.39760484,0
2025-09-28,58,True,4,278.4611533,62.55506311,1.989630982e-05,4.957433988e-07,0,5.408576596e-07,13,13,54126.43078,53125.54977,2,17,600,5,34.23457616,7.275957614e-12
2025-09-28,58,True,4,139.571173,31.27753156,9.066752682e-06,4.957433988e-07,0,5.265656654e-07,25,25,54126.43078,53125.54977,3,33,300,12,1.312003445,3.637978807e-11
2025-09-28,58,True,4,69.90861642,15.63876578,4.443398211e-06,4.957433988e-07,0,5.265656654e-07,48,48,54126.43078,53125.54977,4,65,150,23,1.755082866,3.637978807e-11
2025-09-29,59,True,4,736.7958873,216.1888724,8.302617061e-05,4.472489578e-07,0,4.848721112e-07,5,5,54314.21502,53449.45953,0,5,2400,-1,-1,0
2025-09-29,59,True,4,544.5289545,108.0944362,3.793777432e-05,4.472489578e-07,0,4.848721112e-07,8,8,54314.21502,53449.45953,1,9,1200,3,31.10641514,0
2025-09-29,59,True,4,276.9477543,54.04721809,1.60408963e-05,4.472489578e-07,0,4.775690666e-07,14,14,54314.21502,53449.45953,2,17,600,6,7.805636501,7.275957614e-12
2025-09-29,59,True,4,139.3976912,27.02360905,7.505936082e-06,4.472489578e-07,0,4.72571459e-07,26,26,54314.21502,53449.45953,3,33,300,12,11.41789137,7.275957614e-12
2025-09-29,59,True,4,69.82964303,13.51180452,3.707573342e-06,4.472489578e-07,0,4.72571459e-07,48,48,54314.21502,53449.45953,4,65,150,22,1.200573803,3.637978807e-11
2025-09-30,60,True,4,735.976191,224.9123492,0.0001114243933,4.916844488e-07,0,5.438146021e-07,5,5,54569.60816,53669.95876,0,5,2400,-1,-1,0
2025-09-30,60,True,4,546.6246188,112.4561746,4.886819806e-05,4.916844488e-07,0,5.438146021e-07,8,8,54569.60816,53669.95876,1,9,1200,3,21.85501744,7.275957614e-12
2025-09-30,60,True,4,278.0734439,56.22808731,2.046684676e-05,4.916844488e-07,0,5.278767962e-07,14,14,54569.60816,53669.95876,2,17,600,6,5.766844428,0
2025-09-30,60,True,4,139.4009763,28.11404366,9.609175322e-06,4.916844488e-07,0,5.278767962e-07,24,24,54569.60816,53669.95876,3,33,300,10,1.353966906,0
2025-09-30,60,True,4,69.76084921,14.05702183,4.352958058e-06,4.916844488e-07,0,5.256556629e-07,47,47,54569.60816,53669.95876,4,65,150,23,1.456492173,1.455191523e-11
2025-10-01,30,True,4,639.9701353,159.9925782,4.621178959e-07,4.64815156e-07,0,4.646226063e-07,4,4,55134.64268,54494.67237,0,5,2400,-1,-1,0
2025-10-01,30,True,4,519.8097674,79.99628913,2.3105531e-07,4.64815156e-07,0,4.646226063e-07,5,5,55134.64268,54494.67237,1,9,1200,1,60.94589575,0
2025-10-01,30,True,4,273.2759745,39.99814457,1.15520379e-07,4.64815156e-07,0,4.646226063e-07,6,6,55134.64268,54494.67237,2,17,600,1,16.22285324,0
2025-10-01,30,True,4,141.4597865,19.99907229,5.774927558e-08,4.64815156e-07,0,4.646226063e-07,9,9,55134.64268,54494.67237,3,33,300,3,2.263813219,2.182787284e-11
2025-10-01,30,True,4,70.7501662,9.999536144,2.886372386e-08,4.64815156e-07,0,4.646226063e-07,14,14,55134.64268,54494.67237,4,65,150,5,0.8666844887,2.182787284e-11
2025-10-02,31,True,4,779.3539875,194.8385434,2.934830263e-07,4.433858671e-07,0,4.432635823e-07,4,4,54167.72302,53388.36885,0,5,2400,-1,-1,0
2025-10-02,31,True,4,525.6404564,97.41927171,1.467415132e-07,4.433858671e-07,0,4.432635823e-07,6,6,54167.72302,53388.36885,1,9,1200,2,67.47769286,0
2025-10-02,31,True,4,275.8800346,48.70963585,7.336348062e-08,4.433858671e-07,0,4.432635823e-07,8,8,54167.72302,53388.36885,2,17,600,2,58.28269759,0
2025-10-02,31,True,4,140.9771316,24.35481793,3.667810233e-08,4.433858671e-07,0,4.432635823e-07,12,12,54167.72302,53388.36885,3,33,300,4,20.2649237,0
2025-10-02,31,True,4,70.76583102,12.17740896,1.833541319e-08,4.433858671e-07,0,4.432635823e-07,20,20,54167.72302,53388.36885,4,65,150,8,0.654749222,7.275957614e-12
2025-10-03,32,True,4,533.663396,293.695117,182.6421111,5.425237266e-07,0,0.08214212069,5,5,32201.21785,31026.43738,0,5,2400,-1,-1,0
2025-10-03,32,True,4,399.5386723,146.8475585,86.21104972,5.425237266e-07,0,0.07770446468,9,9,32201.21785,31026.43738,1,9,1200,4,11.05262594,0
2025-10-03,32,True,4,263.8947578,73.42377926,41.24185997,5.425237266e-07,0,0.07165499141,17,17,32201.21785,31026.43738,2,17,600,8,32.41518067,0
2025-10-03,32,True,4,140.0895015,36.71188963,20.12202364,5.425237266e-07,0,0.06836037073,33,33,32201.21785,31026.43738,3,33,300,16,2.584946959,0
2025-10-03,32,True,4,70.43019783,18.35594482,9.879793695,5.425237266e-07,0,0.0681280099,65,65,32201.21785,31026.43738,4,65,150,32,4.110983715,0
2025-10-04,33,True,4,546.93924,319.7743843,205.5498078,5.497025739e-07,0,0.09325383331,5,5,31800.18301,30521.08548,0,5,2400,-1,-1,0
2025-10-04,33,True,4,392.0125876,159.8871922,96.46572648,5.497025739e-07,0,0.08721269398,9,9,31800.18301,30521.08548,1,9,1200,4,12.66644739,0
2025-10-04,33,True,4,266.6760011,79.94359608,46.01801289,5.497025739e-07,0,0.08085092683,17,17,31800.18301,30521.08548,2,17,600,8,23.5681723,0
2025-10-04,33,True,4,139.8539156,39.97179804,22.57971085,5.497025739e-07,0,0.07627006916,33,33,31800.18301,30521.08548,3,33,300,16,14.2318015,0
2025-10-04,33,True,4,70.43888092,19.98589902,11.15026131,5.497025739e-07,0,0.07449606692,65,65,31800.18301,30521.08548,4,65,150,32,2.130402805,0
2025-10-05,34,True,4,786.6017081,199.2975917,0,3.705153692e-07,0,3.705153692e-07,5,5,53343.64793,52546.45756,0,5,2400,-1,-1,0
2025-10-05,34,True,4,528.5620598,99.64879586,0,3.705153692e-07,0,3.705153692e-07,6,6,53343.64793,52546.45756,1,9,1200,1,62.4646587,1.455191523e-11
2025-10-05,34,True,4,280.3760264,49.82439793,0,3.705153692e-07,0,3.705153692e-07,9,9,53343.64793,52546.45756,2,17,600,3,46.96285944,1.455191523e-11
2025-10-05,34,True,4,141.3592,24.91219897,0,3.705153692e-07,0,3.705153692e-07,15,15,53343.64793,52546.45756,3,33,300,6,7.835966868,1.455191523e-11
2025-10-05,34,True,4,70.75016563,12.45609948,0,3.705153692e-07,0,3.705153692e-07,26,26,53343.64793,52546.45756,4,65,150,11,3.533076136,1.455191523e-11
2025-10-06,35,True,4,713.7851577,180.0849485,1.342050382e-07,3.914353013e-07,0,3.913793838e-07,5,5,53103.85257,52383.51278,0,5,2400,-1,-1,0
2025-10-06,35,True,4,522.631871,90.04247428,6.709888112e-08,3.914353013e-07,0,3.913793838e-07,7,7,53103.85257,52383.51278,1,9,1200,2,64.81979312,0
2025-10-06,35,True,4,277.0324427,45.02123714,3.354944056e-08,3.914353013e-07,0,3.913793838e-07,10,10,53103.85257,52383.51278,2,17,600,3,51.66156628,0
2025-10-06,35,True,4,140.122766,22.51061857,1.67710823e-08,3.914353013e-07,0,3.913793838e-07,16,16,53103.85257,52383.51278,3,33,300,6,10.2123227,1.455191523e-11
2025-10-06,35,True,4,70.60896136,11.25530929,8.381903172e-09,3.914353013e-07,0,3.913793838e-07,25,25,53103.85257,52383.51278,4,65,150,9,8.818537087,2.182787284e-11
2025-10-07,36,True,4,659.0968459,165.7841537,2.697197488e-07,4.600729245e-07,0,4.599605396e-07,5,5,53021.97624,52358.83963,0,5,2400,-1,-1,0
2025-10-07,36,True,4,512.5791804,82.89207689,1.348598744e-07,4.600729245e-07,0,4.599605396e-07,6,6,53021.97624,52358.83963,1,9,1200,1,77.9350708,0
2025-10-07,36,True,4,276.3178839,41.44603845,6.74117473e-08,4.600729245e-07,0,4.599605396e-07,9,9,53021.97624,52358.83963,2,17,600,3,23.95841805,0
2025-10-07,36,True,4,139.613003,20.72301922,3.370223567e-08,4.600729245e-07,0,4.599605396e-07,15,15,53021.97624,52358.83963,3,33,300,6,15.69646819,1.455191523e-11
2025-10-07,36,True,4,70.3841085,10.36150961,1.684384188e-08,4.600729245e-07,0,4.599605396e-07,24,24,53021.97624,52358.83963,4,65,150,9,4.175248636,1.455191523e-11
2025-10-08,37,True,4,773.2918534,193.9632184,8.989445632e-08,4.427715218e-07,0,4.427340574e-07,5,5,52814.1517,52038.29882,0,5,2400,-1,-1,2.182787284e-11
2025-10-08,37,True,4,540.2717696,96.9816092,4.494359018e-08,4.427715218e-07,0,4.427340574e-07,7,7,52814.1517,52038.29882,1,9,1200,2,51.16449714,2.910383046e-11
2025-10-08,37,True,4,283.0165541,48.4908046,2.246815711e-08,4.427715218e-07,0,4.427340574e-07,10,10,52814.1517,52038.29882,2,17,600,3,11.3667872,2.910383046e-11
2025-10-08,37,True,4,141.5162274,24.2454023,1.12268026e-08,4.427715218e-07,0,4.427340574e-07,16,16,52814.1517,52038.29882,3,33,300,6,1.372150235,2.910383046e-11
2025-10-08,37,True,4,70.76606269,12.12270115,5.609763321e-09,4.427715218e-07,0,4.427340574e-07,22,22,52814.1517,52038.29882,4,65,150,6,14.82631058,2.910383046e-11
2025-10-09,38,True,4,674.2089389,168.5900799,1.306470949e-07,5.082819257e-07,0,5.082274891e-07,5,5,52762.06162,52087.7013,0,5,2400,-1,-1,7.275957614e-12
2025-10-09,38,True,4,524.26579,84.29503998,6.530899554e-08,5.082819257e-07,0,5.082274891e-07,7,7,52762.06162,52087.7013,1,9,1200,2,53.05652124,2.182787284e-11
2025-10-09,38,True,4,276.6716304,42.14751999,3.264722181e-08,5.082819257e-07,0,5.082274891e-07,10,10,52762.06162,52087.7013,2,17,600,3,5.26627159,2.182787284e-11
2025-10-09,38,True,4,141.4269122,21.07376,1.631997293e-08,5.082819257e-07,0,5.082274891e-07,15,15,52762.06162,52087.7013,3,33,300,5,9.272551349,2.182787284e-11
2025-10-09,38,True,4,70.75016545,10.53688,8.149072528e-09,5.082819257e-07,0,5.082274891e-07,25,25,52762.06162,52087.7013,4,65,150,10,1.794364793,1.455191523e-11
2025-10-10,39,True,4,445.5462939,184.7039371,83.20273687,5.712087602e-07,0,0.03891265062,5,5,30649.4085,29910.59275,0,5,2400,-1,-1,0
2025-10-10,39,True,4,383.0777502,92.35196854,38.11997337,5.712087602e-07,0,0.0355862476,9,9,30649.4085,29910.59275,1,9,1200,4,4.731631712,0
2025-10-10,39,True,4,264.5255481,46.17598427,17.98182731,5.712087602e-07,0,0.03136477105,17,17,30649.4085,29910.59275,2,17,600,8,27.58853221,0
2025-10-10,39,True,4,137.4594255,23.08799214,8.736545046,5.712087602e-07,0,0.0302917059,33,33,30649.4085,29910.59275,3,33,300,16,10.05568468,0
2025-10-10,39,True,4,69.97844157,11.54399607,4.294864216,5.712087602e-07,0,0.02873778643,64,64,30649.4085,29910.59275,4,65,150,31,2.105724428,7.275957614e-12
2025-10-11,40,True,4,486.0369785,250.0248645,143.1909644,4.878938136e-07,0,0.06816534808,5,5,31098.28568,30098.18623,0,5,2400,-1,-1,0
2025-10-11,40,True,4,375.4348277,125.0124322,65.08061973,4.878938136e-07,0,0.06107366443,9,9,31098.28568,30098.18623,1,9,1200,4,10.07340687,0
2025-10-11,40,True,4,264.8455156,62.50621612,30.83786469,4.878938136e-07,0,0.05472164822,17,17,31098.28568,30098.18623,2,17,600,8,23.81805666,3.637978807e-12
2025-10-11,40,True,4,140.3655147,31.25310806,14.92969131,4.878938136e-07,0,0.05097968677,33,33,31098.28568,30098.18623,3,33,300,16,1.494256395,3.637978807e-12
2025-10-11,40,True,4,70.48144324,15.62655403,7.326186647,4.878938136e-07,0,0.05053179908,64,64,31098.28568,30098.18623,4,65,150,31,0.4175860419,3.637978807e-12
2025-10-12,41,True,4,655.9437217,163.9859868,3.551394911e-08,5.383146122e-07,0,5.382998192e-07,5,5,52716.69498,52060.75104,0,5,2400,-1,-1,0
2025-10-12,41,True,4,521.2481702,81.99299343,1.774606062e-08,5.383146122e-07,0,5.382998192e-07,7,7,52716.69498,52060.75104,1,9,1200,2,56.01741103,0
2025-10-12,41,True,4,273.5928089,40.99649671,8.869392332e-09,5.383146122e-07,0,5.382998192e-07,10,10,52716.69498,52060.75104,2,17,600,3,20.92602498,1.455191523e-11
2025-10-12,41,True,4,140.3787851,20.49824836,4.431058187e-09,5.383146122e-07,0,5.382998192e-07,16,16,52716.69498,52060.75104,3,33,300,6,9.424249268,0
2025-10-12,41,True,4,70.73958227,10.24912418,2.211891115e-09,5.383146122e-07,0,5.382998192e-07,25,25,52716.69498,52060.75104,4,65,150,9,1.288370342,3.637978807e-11
2025-10-13,42,True,4,604.0363674,151.0091507,2.434680937e-07,5.585823907e-07,0,5.584809388e-07,5,5,52820.15602,52216.11942,0,5,2400,-1,-1,1.455191523e-11
2025-10-13,42,True,4,519.2436997,75.50457537,1.217340468e-07,5.585823907e-07,0,5.584809388e-07,6,6,52820.15602,52216.11942,1,9,1200,1,51.20808279,2.182787284e-11
2025-10-13,42,True,4,271.3904045,37.75228768,6.086338544e-08,5.585823907e-07,0,5.584809388e-07,9,9,52820.15602,52216.11942,2,17,600,3,26.27881144,2.182787284e-11
2025-10-13,42,True,4,138.9210563,18.87614384,3.042805474e-08,5.585823907e-07,0,5.584809388e-07,15,15,52820.15602,52216.11942,3,33,300,6,8.982843187,2.910383046e-11
2025-10-13,42,True,4,70.01613869,9.438071922,1.520675141e-08,5.585823907e-07,0,5.584809388e-07,24,24,52820.15602,52216.11942,4,65,150,9,8.008916726,2.910383046e-11
2025-10-14,43,True,4,558.9992194,139.749866,3.197710612e-07,5.629458921e-07,0,5.62812648e-07,5,5,52810.66687,52251.6674,0,5,2400,-1,-1,1.455191523e-11
2025-10-14,43,True,4,508.0998356,69.87493306,1.598818926e-07,5.629458921e-07,0,5.62812648e-07,6,6,52810.66687,52251.6674,1,9,1200,1,51.70184928,1.455191523e-11
2025-10-14,43,True,4,271.3128084,34.93746653,7.994094631e-08,5.629458921e-07,0,5.62812648e-07,9,9,52810.66687,52251.6674,2,17,600,3,26.1928328,2.182787284e-11
2025-10-14,43,True,4,138.7823089,17.46873327,3.995955922e-08,5.629458921e-07,0,5.62812648e-07,15,15,52810.66687,52251.6674,3,33,300,6,6.741348352,2.182787284e-11
2025-10-14,43,True,4,69.87397694,8.734366633,1.997977961e-08,5.629458921e-07,0,5.62812648e-07,24,24,52810.66687,52251.6674,4,65,150,9,2.165478245,3.637978807e-11
2025-10-15,44,True,4,831.0952674,207.773888,2.934684744e-07,5.33248439e-07,0,5.331261568e-07,5,5,53254.29925,52423.2037,0,5,2400,-1,-1,7.275957614e-12
2025-10-15,44,True,4,525.921086,103.886944,1.467269612e-07,5.33248439e-07,0,5.331261568e-07,6,6,53254.29925,52423.2037,1,9,1200,1,84.69931867,7.275957614e-12
2025-10-15,44,True,4,278.2576698,51.94347201,7.334892871e-08,5.33248439e-07,0,5.331261568e-07,9,9,53254.29925,52423.2037,2,17,600,3,40.36777873,1.455191523e-11
2025-10-15,44,True,4,141.253148,25.97173601,3.667082638e-08,5.33248439e-07,0,5.331261568e-07,15,15,53254.29925,52423.2037,3,33,300,6,25.21616321,2.910383046e-11
2025-10-15,44,True,4,70.74793368,12.98586801,1.832813723e-08,5.33248439e-07,0,5.331261568e-07,24,24,53254.29925,52423.2037,4,65,150,9,2.636628068,2.182787284e-11
2025-10-16,45,True,4,797.7536094,199.4384679,5.6270801e-07,5.714017453e-07,0,5.711672749e-07,5,5,53463.83247,52666.0786,0,5,2400,-1,-1,2.182787284e-11
2025-10-16,45,True,4,533.60964,99.719234,2.81354005e-07,5.714017453e-07,0,5.711672749e-07,6,6,53463.83247,52666.0786,1,9,1200,1,61.81736984,2.910383046e-11
2025-10-16,45,True,4,280.8305026,49.85961702,1.406733645e-07,5.714017453e-07,0,5.711672749e-07,9,9,53463.83247,52666.0786,2,17,600,3,37.90526626,3.637978807e-11
2025-10-16,45,True,4,141.5085199,24.92980851,7.032213034e-08,5.714017453e-07,0,5.711672749e-07,14,14,53463.83247,52666.0786,3,33,300,5,2.303323295,3.637978807e-11
2025-10-16,45,True,4,70.75836005,12.46490426,3.515742719e-08,5.714017453e-07,0,5.711672749e-07,23,23,53463.83247,52666.0786,4,65,150,9,11.81740814,5.09317033e-11
2025-10-17,46,True,4,448.6670583,244.0918542,156.578005,5.612932998e-07,0,0.07077863721,5,5,31764.50536,30788.13795,0,5,2400,-1,-1,0
2025-10-17,46,True,4,341.8930149,122.0459271,73.93712898,5.612932998e-07,0,0.06628649398,9,9,31764.50536,30788.13795,1,9,1200,4,8.101879371,0
2025-10-17,46,True,4,266.0091765,61.02296354,35.61028605,5.612932998e-07,0,0.06211623988,17,17,31764.50536,30788.13795,2,17,600,8,18.40207966,0
2025-10-17,46,True,4,140.4566158,30.51148177,17.38825199,5.612932998e-07,0,0.05916361244,33,33,31764.50536,30788.13795,3,33,300,16,2.363252552,0
2025-10-17,46,True,4,70.47203064,15.25574089,8.599935286,5.612932998e-07,0,0.0582536382,65,65,31764.50536,30788.13795,4,65,150,32,5.347975903,0
2025-10-18,47,True,4,401.4836613,246.2840983,171.3664901,7.270857156e-07,0,0.07784441229,5,5,31611.00779,30625.8714,0,5,2400,-1,-1,0
2025-10-18,47,True,4,282.2994034,123.1420491,80.86753001,7.270857156e-07,0,0.07221789689,9,9,31611.00779,30625.8714,1,9,1200,4,11.18858118,0
2025-10-18,47,True,4,218.5115507,61.57102457,38.85786651,7.270857156e-07,0,0.06806475811,17,17,31611.00779,30625.8714,2,17,600,8,3.47761253,0
2025-10-18,47,True,4,138.0704618,30.78551228,19.0698138,7.270857156e-07,0,0.06431730349,33,33,31611.00779,30625.8714,3,33,300,16,5.780118922,0
2025-10-18,47,True,4,69.71254244,15.39275614,9.505783929,7.270857156e-07,0,0.06350469791,65,65,31611.00779,30625.8714,4,65,150,32,8.789055383,0
2025-10-19,48,True,4,842.7560823,210.6891309,8.848655852e-07,5.206531708e-07,0,5.202844843e-07,4,4,53968.98521,53126.22869,0,5,2400,-1,-1,0
2025-10-19,48,True,4,547.4976578,105.3445655,4.424218787e-07,5.206531708e-07,0,5.202844843e-07,6,6,53968.98521,53126.22869,1,9,1200,2,53.68598656,0
2025-10-19,48,True,4,283.0149263,52.67228273,2.211963874e-07,5.206531708e-07,0,5.202844843e-07,8,8,53968.98521,53126.22869,2,17,600,2,26.59620543,0
2025-10-19,48,True,4,141.5146527,26.33614137,1.105872798e-07,5.206531708e-07,0,5.202844843e-07,13,13,53968.98521,53126.22869,3,33,300,5,0.6662123087,0
2025-10-19,48,True,4,70.76449842,13.16807069,5.528272595e-08,5.206531708e-07,0,5.202844843e-07,17,17,53968.98521,53126.22869,4,65,150,4,0.5715687522,2.910383046e-11
2025-10-20,49,True,4,755.495673,188.874053,9.490831872e-07,4.915922055e-07,0,4.911967485e-07,4,4,54190.01407,53434.51786,0,5,2400,-1,-1,0
2025-10-20,49,True,4,539.2707625,94.43702649,4.745234037e-07,4.915922055e-07,0,4.911967485e-07,6,6,54190.01407,53434.51786,1,9,1200,2,50.92747441,0
2025-10-20,49,True,4,283.0228932,47.21851328,2.372544259e-07,4.915922055e-07,0,4.911967485e-07,8,8,54190.01407,53434.51786,2,17,600,2,26.68574752,2.182787284e-11
2025-10-20,49,True,4,141.5226206,23.60925664,1.185981091e-07,4.915922055e-07,0,4.911967485e-07,11,11,54190.01407,53434.51786,3,33,300,3,7.73034335e-05,2.182787284e-11
2025-10-20,49,True,4,70.77247409,11.80462832,5.928450264e-08,4.915922055e-07,0,4.911967485e-07,17,17,54190.01407,53434.51786,4,65,150,6,2.453784883,2.182787284e-11
2025-10-21,50,True,4,1081.10589,277.7346197,1.125867129e-06,4.416336531e-07,0,4.411645329e-07,4,4,54882.42357,53771.4851,0,5,2400,-1,-1,0
2025-10-21,50,True,4,566.3764977,138.8673098,5.629190127e-07,4.416336531e-07,0,4.411645329e-07,6,6,54882.42357,53771.4851,1,9,1200,2,5.178977161,0
2025-10-21,50,True,4,283.3103148,69.43365496,2.814485924e-07,4.416336531e-07,0,4.411645329e-07,9,9,54882.42357,53771.4851,2,17,600,3,30.57490194,3.637978807e-11
2025-10-21,50,True,4,141.710044,34.71682749,1.407170203e-07,4.416336531e-07,0,4.411645329e-07,15,15,54882.42357,53771.4851,3,33,300,6,6.844747986e-05,2.910383046e-11
2025-10-21,50,True,4,70.90989183,17.35841374,7.034395821e-08,4.416336531e-07,0,4.411645329e-07,22,22,54882.42357,53771.4851,4,65,150,7,2.362966188e-05,2.910383046e-11
2025-10-22,51,True,4,883.7814808,220.9454497,6.702175597e-07,4.985513923e-07,0,4.982721264e-07,4,4,55023.85314,54140.07134,0,5,2400,-1,-1,2.182787284e-11
2025-10-22,51,True,4,558.7362206,110.4727249,3.351015039e-07,4.985513923e-07,0,4.982721264e-07,5,5,55023.85314,54140.07134,1,9,1200,1,47.61191166,7.275957614e-12
2025-10-22,51,True,4,283.0730949,55.23636247,1.675362e-07,4.985513923e-07,0,4.982721264e-07,8,8,55023.85314,54140.07134,2,17,600,3,0.2846190754,7.275957614e-12
2025-10-22,51,True,4,141.5728177,27.61818124,8.37535481e-08,4.985513923e-07,0,4.982721264e-07,13,13,55023.85314,54140.07134,3,33,300,5,3.60781778e-05,7.275957614e-12
2025-10-22,51,True,4,70.80016631,13.80909062,4.185858415e-08,4.985513923e-07,0,4.982721264e-07,20,20,55023.85314,54140.07134,4,65,150,7,2.643911703,2.910383046e-11
2025-10-23,52,True,4,1028.031036,257.0078243,9.028299246e-07,5.880818216e-07,0,5.877056338e-07,4,4,55583.60332,54555.57202,0,5,2400,-1,-1,1.455191523e-11
2025-10-23,52,True,4,566.1983706,128.5039123,4.514076863e-07,5.880818216e-07,0,5.877056338e-07,5,5,55583.60332,54555.57202,1,9,1200,1,0.5290399771,7.275957614e-12
2025-10-23,52,True,4,283.1978006,64.25195613,2.256856533e-07,5.880818216e-07,0,5.877056338e-07,8,8,55583.60332,54555.57202,2,17,600,3,49.48485747,7.275957614e-12
2025-10-23,52,True,4,141.6003196,32.12597807,1.128282747e-07,5.880818216e-07,0,5.877056338e-07,11,11,55583.60332,54555.57202,3,33,300,3,3.519388986,7.275957614e-12
2025-10-23,52,True,4,70.80016645,16.06298903,5.640322343e-08,5.880818216e-07,0,5.877056338e-07,17,17,55583.60332,54555.57202,4,65,150,6,1.136514512,3.637978807e-11
2025-10-24,53,True,4,592.9706683,470.7545341,398.5980603,4.711731395e-07,0,0.1724754996,5,5,34171.17688,32288.15874,0,5,2400,-1,-1,0
2025-10-24,53,True,4,340.7121268,235.377267,194.9444095,4.711731395e-07,0,0.1661297148,9,9,34171.17688,32288.15874,1,9,1200,4,22.68203078,0
2025-10-24,53,True,4,207.3512509,117.6886335,96.33629435,4.711731395e-07,0,0.1623583066,17,17,34171.17688,32288.15874,2,17,600,8,3.230900425,0
2025-10-24,53,True,4,134.2478741,58.84431676,47.9559359,4.711731395e-07,0,0.1604115794,33,33,34171.17688,32288.15874,3,33,300,16,4.36701371,3.637978807e-12
2025-10-24,53,True,4,68.04337681,29.42215838,23.91991372,4.711731395e-07,0,0.1601316475,65,65,34171.17688,32288.15874,4,65,150,32,1.367265542,3.637978807e-12
2025-10-25,54,True,4,482.688747,312.1751193,235.0067957,6.564509313e-07,0,0.1020154379,5,5,32601.89759,31353.19712,0,5,2400,-1,-1,0
2025-10-25,54,True,4,331.5145602,156.0875597,114.6006739,6.564509313e-07,0,0.09808212635,9,9,32601.89759,31353.19712,1,9,1200,4,11.41591178,0
2025-10-25,54,True,4,251.6022701,78.04377983,56.68046165,6.564509313e-07,0,0.09578234165,17,17,32601.89759,31353.19712,2,17,600,8,2.235683359,0
2025-10-25,54,True,4,140.561625,39.02188991,28.16280487,6.564509313e-07,0,0.09434696105,33,33,32601.89759,31353.19712,3,33,300,16,2.450558831,0
2025-10-25,54,True,4,70.58048156,19.51094496,14.04913989,6.564509313e-07,0,0.09391249392,65,65,32601.89759,31353.19712,4,65,150,32,5.470259839,0
2025-10-26,55,True,4,1054.812003,267.6777812,6.497211871e-07,6.112682496e-07,0,6.109975202e-07,4,4,55428.25059,54357.53947,0,5,2400,-1,-1,2.910383046e-11
2025-10-26,55,True,4,566.2176189,133.8388907,3.248424036e-07,6.112682496e-07,0,6.109975202e-07,5,5,55428.25059,54357.53947,1,9,1200,1,0.4436826716,0
2025-10-26,55,True,4,283.2006167,66.91944533,1.623993739e-07,6.112682496e-07,0,6.109975202e-07,8,8,55428.25059,54357.53947,2,17,600,3,31.15247996,7.275957614e-12
2025-10-26,55,True,4,141.60033,33.45972266,8.119241102e-08,6.112682496e-07,0,6.109975202e-07,12,12,55428.25059,54357.53947,3,33,300,4,5.395773042e-05,1.455191523e-11
2025-10-26,55,True,4,70.80016606,16.72986133,4.059256753e-08,6.112682496e-07,0,6.109975202e-07,18,18,55428.25059,54357.53947,4,65,150,6,0.3453339775,2.910383046e-11
2025-10-27,56,True,5,1003.181498,250.7954311,5.444890121e-07,5.28374893e-07,0,5.281480145e-07,4,4,55455.92448,54452.74276,0,5,2400,-1,-1,0
2025-10-27,56,True,5,565.5208817,125.3977156,2.722154022e-07,5.28374893e-07,0,5.281480145e-07,5,5,55455.92448,54452.74276,1,9,1200,1,23.57262414,4.365574569e-11
2025-10-27,56,True,5,283.120327,62.6988578,1.360895112e-07,5.28374893e-07,0,5.281480145e-07,8,8,55455.92448,54452.74276,2,17,600,3,30.97706887,4.365574569e-11
2025-10-27,56,True,5,141.6003323,31.3494289,6.803020369e-08,5.28374893e-07,0,5.281480145e-07,13,13,55455.92448,54452.74276,3,33,300,5,1.850185946,4.365574569e-11
2025-10-27,56,True,5,70.80016618,15.67471445,3.400054993e-08,5.28374893e-07,0,5.281480145e-07,21,21,55455.92448,54452.74276,4,65,150,8,22.10084482,4.365574569e-11
2025-10-27,56,True,5,35.4000831,7.837357225,1.698208507e-08,5.28374893e-07,0,5.281480145e-07,32,32,55455.92448,54452.74276,5,129,75,11,0.3293847887,5.09317033e-11
2025-10-28,57,True,4,963.393494,240.8484362,7.923517842e-07,5.702228937e-07,0,5.698927306e-07,4,4,55578.7959,54615.40216,0,5,2400,-1,-1,3.637978807e-11
2025-10-28,57,True,4,551.0189637,120.4242182,3.961540642e-07,5.702228937e-07,0,5.698927306e-07,5,5,55578.7959,54615.40216,1,9,1200,1,65.24361684,6.548361853e-11
2025-10-28,57,True,4,283.0231207,60.21210911,1.980661182e-07,5.702228937e-07,0,5.698927306e-07,8,8,55578.7959,54615.40216,2,17,600,3,0.2318642639,6.548361853e-11
2025-10-28,57,True,4,141.522821,30.10605455,9.901850717e-08,5.702228937e-07,0,5.698927306e-07,14,14,55578.7959,54615.40216,3,33,300,6,30.86128238,6.548361853e-11
2025-10-28,57,True,4,70.77265473,15.05302728,4.949106369e-08,5.702228937e-07,0,5.698927306e-07,23,23,55578.7959,54615.40216,4,65,150,9,5.676845087,5.820766091e-11
2025-10-29,58,True,4,876.5268591,219.1317674,7.656199159e-07,5.11803547e-07,0,5.114845277e-07,4,4,55666.14966,54789.62259,0,5,2400,-1,-1,4.365574569e-11
2025-10-29,58,True,4,545.7855707,109.5658838,3.82802682e-07,5.11803547e-07,0,5.114845277e-07,5,5,55666.14966,54789.62259,1,9,1200,1,59.56042902,2.910383046e-11
2025-10-29,58,True,4,283.0233565,54.7829419,1.91394065e-07,5.11803547e-07,0,5.114845277e-07,8,8,55666.14966,54789.62259,2,17,600,3,21.82923897,2.910383046e-11
2025-10-29,58,True,4,141.5230548,27.39147095,9.567884263e-08,5.11803547e-07,0,5.114845277e-07,14,14,55666.14966,54789.62259,3,33,300,6,22.92848241,2.910383046e-11
2025-10-29,58,True,4,70.77289121,13.69573548,4.067987902e-08,5.11803547e-07,0,5.114845277e-07,23,23,55666.14966,54789.62259,4,65,150,9,1.387148395,3.637978807e-11
2025-10-30,59,True,5,848.1676248,212.0419577,9.995128494e-07,5.604737777e-07,0,5.600572908e-07,4,4,56096.15214,55247.98431,0,5,2400,-1,-1,6.548361853e-11
2025-10-30,59,True,5,552.9339495,106.020979,4.946559784e-07,5.604737777e-07,0,5.600572908e-07,6,6,56096.15214,55247.98431,1,9,1200,2,48.84922143,6.548361853e-11
2025-10-30,59,True,5,283.0244673,53.01048949,2.447704901e-07,5.604737777e-07,0,5.600572908e-07,9,9,56096.15214,55247.98431,2,17,600,3,0.239314824,7.275957614e-11
2025-10-30,59,True,5,141.5241563,26.50524475,1.19813194e-07,5.604737777e-07,0,5.600572908e-07,15,15,56096.15214,55247.98431,3,33,300,6,2.797005022,5.820766091e-11
2025-10-30,59,True,5,70.77399214,13.25262237,1.545413397e-08,5.604737777e-07,0,5.600572908e-07,23,23,56096.15214,55247.98431,4,65,150,8,20.54019465,5.09317033e-11
2025-10-30,59,True,5,35.39532618,6.626311187,7.719791029e-09,5.604737777e-07,0,5.600572908e-07,34,34,56096.15214,55247.98431,5,129,75,11,0.1801457629,6.548361853e-11
2025-10-31,60,True,4,510.4795466,378.1034288,311.7770944,4.164426436e-07,0,0.1341846332,5,5,33534.57794,32022.16422,0,5,2400,-1,-1,0
2025-10-31,60,True,4,316.9889473,189.0517144,153.27718,4.164426436e-07,0,0.1294689851,9,9,33534.57794,32022.16422,1,9,1200,4,14.35531281,0
2025-10-31,60,True,4,215.3616341,94.52585721,76.05695278,4.164426436e-07,0,0.1280523111,17,17,33534.57794,32022.16422,2,17,600,8,2.349968896,3.637978807e-12
2025-10-31,60,True,4,138.3462479,47.26292861,37.83640064,4.164426436e-07,0,0.1266425982,33,33,33534.57794,32022.16422,3,33,300,16,4.824716009,3.637978807e-12
2025-10-31,60,True,4,70.03038157,23.6314643,18.87265643,4.164426436e-07,0,0.1262844247,65,65,33534.57794,32022.16422,4,65,150,32,0.8431982,3.637978807e-12
2025-11-01,31,True,4,369.6728394,263.5123219,214.6784617,5.022337703e-07,0,0.09196707822,5,5,32586.44897,31532.39968,0,5,2400,-1,-1,0
2025-11-01,31,True,4,238.9556161,131.7561609,105.9369709,5.022337703e-07,0,0.08936426256,9,9,32586.44897,31532.39968,1,9,1200,4,9.787408316,3.637978807e-12
2025-11-01,31,True,4,170.306283,65.87808046,52.63507844,5.022337703e-07,0,0.08842948827,17,17,32586.44897,31532.39968,2,17,600,8,2.858624336,3.637978807e-12
2025-11-01,31,True,4,133.2261815,32.93904023,26.19569454,5.022337703e-07,0,0.0875223241,33,33,32586.44897,31532.39968,3,33,300,16,7.158035391,3.637978807e-12
2025-11-01,31,True,4,70.17478096,16.46952012,13.06946373,5.022337703e-07,0,0.08743590564,65,65,32586.44897,31532.39968,4,65,150,32,0.8424738114,3.637978807e-12
2025-11-02,32,True,4,693.6160088,173.4040197,1.062857336e-06,4.312543147e-07,0,4.308114551e-07,4,4,56218.61961,55525.00354,0,5,2400,-1,-1,0
2025-11-02,32,True,4,528.2731544,86.70200996,5.314141163e-07,4.312543147e-07,0,4.308114551e-07,5,5,56218.61961,55525.00354,1,9,1200,1,54.0515385,2.182787284e-11
2025-11-02,32,True,4,277.9776851,43.35100501,2.656961442e-07,4.312543147e-07,0,4.308114551e-07,7,7,56218.61961,55525.00354,2,17,600,2,3.732981827,2.182787284e-11
2025-11-02,32,True,4,141.5052138,21.67550251,1.328298822e-07,4.312543147e-07,0,4.308114551e-07,10,10,56218.61961,55525.00354,3,33,300,3,2.05719309,2.182787284e-11
2025-11-02,32,True,4,70.75504809,10.83775125,6.640766514e-08,4.312543147e-07,5.551115123e-17,4.308114551e-07,16,16,56218.61961,55525.00354,4,65,150,6,10.30862047,2.182787284e-11
2025-11-03,33,True,4,601.1676125,150.2919107,9.658542695e-07,3.349137605e-07,0,3.345113291e-07,4,4,56611.24066,56010.07302,0,5,2400,-1,-1,0
2025-11-03,33,True,4,513.4420296,75.14595547,4.829198588e-07,3.349137605e-07,0,3.345113291e-07,5,5,56611.24066,56010.07302,1,9,1200,1,57.24403916,0
2025-11-03,33,True,4,265.908186,37.57297777,2.414453775e-07,3.349137605e-07,0,3.345113291e-07,6,6,56611.24066,56010.07302,2,17,600,1,7.670067134e-05,0
2025-11-03,33,True,4,137.7953097,18.78648889,1.207226887e-07,3.349137605e-07,0,3.345113291e-07,9,9,56611.24066,56010.07302,3,33,300,3,4.097206519,0
2025-11-03,33,True,4,70.75383206,9.393244447,6.033951649e-08,3.349137605e-07,0,3.345113291e-07,14,14,56611.24066,56010.07302,4,65,150,5,2.134318928,2.910383046e-11
2025-11-04,34,True,4,550.3348608,137.5837158,7.331182132e-07,4.365606572e-07,0,4.362551801e-07,3,3,56799.74349,56249.40863,0,5,2400,-1,-1,5.820766091e-11
2025-11-04,34,True,4,508.0367712,68.79185788,3.665481927e-07,4.365606572e-07,0,4.362551801e-07,4,4,56799.74349,56249.40863,1,9,1200,1,56.26466007,5.820766091e-11
2025-11-04,34,True,4,260.5029165,34.39592894,1.832668204e-07,4.365606572e-07,0,4.362551801e-07,6,6,56799.74349,56249.40863,2,17,600,2,0.0003027612111,5.820766091e-11
2025-11-04,34,True,4,135.5599083,17.19796447,9.161885828e-08,4.365606572e-07,0,4.362551801e-07,9,9,56799.74349,56249.40863,3,33,300,3,1.976869657,5.820766091e-11
2025-11-04,34,True,4,70.22570159,8.598982236,4.579487722e-08,4.365606572e-07,0,4.362551801e-07,15,15,56799.74349,56249.40863,4,65,150,6,1.225644385,7.275957614e-11
2025-11-05,35,True,4,528.0665967,132.0166498,7.961934898e-07,4.057830729e-07,0,4.05451332e-07,3,3,56940.53053,56412.46393,0,5,2400,-1,-1,0
2025-11-05,35,True,4,504.5331123,66.00832488,3.98082193e-07,4.057830729e-07,0,4.05451332e-07,4,4,56940.53053,56412.46393,1,9,1200,1,56.30035069,0
2025-11-05,35,True,4,257.0937897,33.00416244,1.990338205e-07,4.057830729e-07,0,4.05451332e-07,6,6,56940.53053,56412.46393,2,17,600,2,7.874028493,0
2025-11-05,35,True,4,133.0778794,16.50208123,9.949872037e-08,4.057830729e-07,0,4.05451332e-07,9,9,56940.53053,56412.46393,3,33,300,3,0.6887822637,1.455191523e-11
2025-11-05,35,True,4,69.59370361,8.251040613,4.973844625e-08,4.057830729e-07,0,4.05451332e-07,15,15,56940.53053,56412.46393,4,65,150,6,1.173298589,2.182787284e-11
2025-11-06,36,True,4,510.21562,127.5539098,9.128561942e-07,4.411002901e-07,0,4.407199294e-07,4,4,57120.61817,56610.40253,0,5,2400,-1,-1,1.455191523e-11
2025-11-06,36,True,4,501.0690636,63.77695503,4.564062692e-07,4.411002901e-07,0,4.407199294e-07,5,5,57120.61817,56610.40253,1,9,1200,1,40.72408178,3.637978807e-11
2025-11-06,36,True,4,260.6907272,31.88847754,2.282031346e-07,4.411002901e-07,0,4.407199294e-07,7,7,57120.61817,56610.40253,2,17,600,2,39.28845751,4.365574569e-11
2025-11-06,36,True,4,136.9115339,15.94423878,1.140797394e-07,4.411002901e-07,0,4.407199294e-07,10,10,57120.61817,56610.40253,3,33,300,3,0.1165436179,3.637978807e-11
2025-11-06,36,True,4,70.4651304,7.972119391,5.702895578e-08,4.411002901e-07,0,4.407199294e-07,15,15,57120.61817,56610.40253,4,65,150,5,1.041897872,6.548361853e-11
2025-11-07,37,True,4,577.7284793,481.4384262,420.2741106,6.153033762e-07,0,0.1802482084,5,5,35415.61364,33489.85993,0,5,2400,-1,-1,0
2025-11-07,37,True,4,318.0300942,240.7192131,207.6679429,6.153033762e-07,0,0.1751910745,9,9,35415.61364,33489.85993,1,9,1200,4,19.12478226,0
2025-11-07,37,True,4,182.1138838,120.3596066,103.0352159,6.153033762e-07,0,0.1736475458,17,17,35415.61364,33489.85993,2,17,600,8,4.079259646,0
2025-11-07,37,True,4,113.1902411,60.17980328,51.30119385,6.153033762e-07,0,0.171716105,33,33,35415.61364,33489.85993,3,33,300,16,0.9265100777,0
2025-11-07,37,True,4,68.83381132,30.08990164,25.59680866,6.153033762e-07,0,0.1710418467,65,65,35415.61364,33489.85993,4,65,150,32,2.994501443,0
2025-11-08,38,True,4,537.7607777,353.7190618,273.4248302,6.31292295e-07,0,0.1171450242,5,5,34012.36329,32597.48705,0,5,2400,-1,-1,0
2025-11-08,38,True,4,368.4674425,176.8595309,135.0685283,6.31292295e-07,0,0.1142002053,9,9,34012.36329,32597.48705,1,9,1200,4,9.382247309,3.637978807e-12
2025-11-08,38,True,4,254.6824215,88.42976545,66.94396167,6.31292295e-07,0,0.1127523288,17,17,34012.36329,32597.48705,2,17,600,8,28.14175977,3.637978807e-12
2025-11-08,38,True,4,130.9154848,44.21488273,33.31692856,6.31292295e-07,0,0.1117434068,33,33,34012.36329,32597.48705,3,33,300,16,1.056264819,3.637978807e-12
2025-11-08,38,True,4,68.39977815,22.10744136,16.60861514,6.31292295e-07,0,0.1111169609,65,65,34012.36329,32597.48705,4,65,150,32,1.317563998,7.275957614e-12
2025-11-09,39,True,5,1024.180495,256.045149,7.978887879e-07,4.742167764e-07,0,4.738843081e-07,4,4,57977.85208,56953.67149,0,5,2400,-1,-1,6.548361853e-11
2025-11-09,39,True,5,566.1854621,128.0225746,3.9893348e-07,4.742167764e-07,0,4.738843081e-07,5,5,57977.85208,56953.67149,1,9,1200,1,0.5393644663,4.365574569e-11
2025-11-09,39,True,5,283.1849284,64.01128731,1.994485501e-07,4.742167764e-07,0,4.738843081e-07,7,7,57977.85208,56953.67149,2,17,600,2,50.35827259,5.09317033e-11
2025-11-09,39,True,5,141.6003321,32.00564366,9.970972314e-08,4.742167764e-07,0,4.738843081e-07,11,11,57977.85208,56953.67149,3,33,300,4,5.65434093e-05,8.003553376e-11
2025-11-09,39,True,5,70.8001661,16.00282183,4.984758561e-08,4.742167764e-07,0,4.738843081e-07,15,15,57977.85208,56953.67149,4,65,150,4,23.64567766,1.0986696e-08
2025-11-09,39,True,5,35.4000831,8.001410917,2.491287887e-08,4.742167764e-07,0,4.738843081e-07,21,21,57977.85208,56953.67149,5,129,75,6,0.249834664,1.100852387e-08
2025-11-10,40,True,4,952.4983843,238.1246334,7.716516848e-07,3.994064434e-07,0,3.99084926e-07,4,4,58213.39452,57260.89599,0,5,2400,-1,-1,0
2025-11-10,40,True,4,561.3138308,119.0623168,3.858149284e-07,3.994064434e-07,0,3.99084926e-07,5,5,58213.39452,57260.89599,1,9,1200,1,53.70872587,7.275957614e-12
2025-11-10,40,True,4,283.0662442,59.53115841,1.929074642e-07,3.994064434e-07,0,3.99084926e-07,7,7,58213.39452,57260.89599,2,17,600,2,0.3058503541,0
2025-11-10,40,True,4,141.5659187,29.76557921,9.644281818e-08,3.994064434e-07,0,3.99084926e-07,11,11,58213.39452,57260.89599,3,33,300,4,28.11922314,7.275957614e-12
2025-11-10,40,True,4,70.8001662,14.8827896,4.820321919e-08,3.994064434e-07,0,3.99084926e-07,18,18,58213.39452,57260.89599,4,65,150,7,2.006110511,7.275957614e-12
2025-11-11,41,True,4,1011.846079,258.7295249,8.102724678e-07,3.657682417e-07,0,3.654306306e-07,4,4,58813.21746,57778.29937,0,5,2400,-1,-1,0
2025-11-11,41,True,4,565.1671138,129.3647626,4.0512532e-07,3.657682417e-07,0,3.654306306e-07,5,5,58813.21746,57778.29937,1,9,1200,1,8.812662608,7.275957614e-12
2025-11-11,41,True,4,283.0850331,64.68238128,2.02555384e-07,3.657682417e-07,0,3.654306306e-07,8,8,58813.21746,57778.29937,2,17,600,3,31.80727959,1.455191523e-11
2025-11-11,41,True,4,141.5847198,32.34119064,1.012595021e-07,3.657682417e-07,0,3.654306306e-07,11,11,58813.21746,57778.29937,3,33,300,3,2.154203591,1.455191523e-11
2025-11-11,41,True,4,70.8001661,16.17059532,5.062611308e-08,3.657682417e-07,0,3.654306306e-07,17,17,58813.21746,57778.29937,4,65,150,6,0.8203060209,3.637978807e-11
2025-11-12,42,True,4,876.8228757,219.2057458,8.727511158e-07,3.230365957e-07,0,3.226729451e-07,4,4,58974.99668,58098.1737,0,5,2400,-1,-1,7.275957614e-12
2025-11-12,42,True,4,549.5954436,109.602873,4.36361006e-07,3.230365957e-07,0,3.226729451e-07,5,5,58974.99668,58098.1737,1,9,1200,1,55.89693257,3.637978807e-11
2025-11-12,42,True,4,283.0195979,54.80143651,2.181695891e-07,3.230365957e-07,0,3.226729451e-07,7,7,58974.99668,58098.1737,2,17,600,2,36.97700416,3.637978807e-11
2025-11-12,42,True,4,141.5192836,27.40071826,1.090738806e-07,3.230365957e-07,0,3.226729451e-07,10,10,58974.99668,58098.1737,3,33,300,3,2.408572667,2.182787284e-11
2025-11-12,42,True,4,70.76911742,13.70035913,5.451147445e-08,3.230365957e-07,0,3.226729451e-07,16,16,58974.99668,58098.1737,4,65,150,6,0.3370075695,2.182787284e-11
2025-11-13,43,True,4,802.5731602,200.6433095,8.500792319e-07,3.935459686e-07,0,3.931917607e-07,4,4,59067.85643,58265.28319,0,5,2400,-1,-1,2.910383046e-11
2025-11-13,43,True,4,539.5099855,100.3216549,4.250396159e-07,3.935459686e-07,0,3.931917607e-07,5,5,59067.85643,58265.28319,1,9,1200,1,56.52097356,3.637978807e-11
2025-11-13,43,True,4,283.009043,50.16082744,2.124943421e-07,3.935459686e-07,0,3.931917607e-07,7,7,59067.85643,58265.28319,2,17,600,2,36.25089202,3.637978807e-11
2025-11-13,43,True,4,141.5087275,25.08041372,1.062362571e-07,3.935459686e-07,0,3.931917607e-07,10,10,59067.85643,58265.28319,3,33,300,3,4.501658259e-05,3.637978807e-11
2025-11-13,43,True,4,70.75856114,12.54020686,5.309993867e-08,3.935459686e-07,0,3.931917607e-07,14,14,59067.85643,58265.28319,4,65,150,4,2.774771921,2.910383046e-11
2025-11-14,44,True,4,554.3639878,390.8368599,313.9977639,6.07399013e-07,0,0.1346632263,5,5,34750.3909,33187.04346,0,5,2400,-1,-1,0
2025-11-14,44,True,4,358.8953711,195.4184299,154.8829123,6.07399013e-07,0,0.1308920702,9,9,34750.3909,33187.04346,1,9,1200,4,10.26928574,0
2025-11-14,44,True,4,256.7741812,97.70921497,76.85959735,6.07399013e-07,0,0.1290314016,17,17,34750.3909,33187.04346,2,17,600,8,21.65275819,0
2025-11-14,44,True,4,132.9592914,48.85460748,38.29683076,6.07399013e-07,0,0.1280831781,33,33,34750.3909,33187.04346,3,33,300,16,1.22583391,0
2025-11-14,44,True,4,69.3126073,24.42730374,19.11945498,6.07399013e-07,0,0.127588277,65,65,34750.3909,33187.04346,4,65,150,32,1.162231123,0
2025-11-15,45,True,4,490.8731691,333.0441753,261.843544,6.748051372e-07,0,0.112265219,5,5,34284.78268,32952.60598,0,5,2400,-1,-1,0
2025-11-15,45,True,4,327.8414655,166.5220876,129.1507882,6.748051372e-07,0,0.1090947673,9,9,34284.78268,32952.60598,1,9,1200,4,8.791921909,0
2025-11-15,45,True,4,243.1330061,83.26104382,64.09891854,6.748051372e-07,0,0.1077601073,17,17,34284.78268,32952.60598,2,17,600,8,1.798217767,0
2025-11-15,45,True,4,130.7228958,41.63052191,31.9366046,6.748051372e-07,0,0.1067854191,33,33,34284.78268,32952.60598,3,33,300,16,21.43399766,0
2025-11-15,45,True,4,67.93601735,20.81526096,15.94950568,6.748051372e-07,0,0.1064042514,65,65,34284.78268,32952.60598,4,65,150,32,1.164672634,0
2025-11-16,46,True,4,722.1600529,180.5400249,8.188580978e-07,3.559594276e-07,0,3.556182311e-07,4,4,59187.3349,58465.1748,0,5,2400,-1,-1,1.455191523e-11
2025-11-16,46,True,4,529.842108,90.27001256,4.09418135e-07,3.559594276e-07,0,3.556182311e-07,5,5,59187.3349,58465.1748,1,9,1200,1,56.07526625,0
2025-11-16,46,True,4,282.3082534,45.1350063,2.046872396e-07,3.559594276e-07,0,3.556182311e-07,7,7,59187.3349,58465.1748,2,17,600,2,0.0001442196735,2.182787284e-11
2025-11-16,46,True,4,141.5089301,22.56750315,1.023217919e-07,3.559594276e-07,0,3.556182311e-07,11,11,59187.3349,58465.1748,3,33,300,4,21.97401474,2.182787284e-11
2025-11-16,46,True,4,70.75876407,11.28375158,5.114998203e-08,3.559594276e-07,0,3.556182311e-07,17,17,59187.3349,58465.1748,4,65,150,6,3.307033368,2.182787284e-11
2025-11-17,47,True,4,829.2711045,207.3178183,7.678463589e-07,4.970983069e-07,0,4.967783508e-07,4,4,59734.00704,58904.73577,0,5,2400,-1,-1,5.820766091e-11
2025-11-17,47,True,4,545.0490658,103.6589092,3.838867997e-07,4.970983069e-07,0,4.967783508e-07,5,5,59734.00704,58904.73577,1,9,1200,1,54.33964397,1.236912794e-10
2025-11-17,47,True,4,283.0087901,51.82945461,1.919324859e-07,4.970983069e-07,0,4.967783508e-07,7,7,59734.00704,58904.73577,2,17,600,2,33.10265485,1.236912794e-10
2025-11-17,47,True,4,141.5084631,25.91472731,9.594805306e-08,4.970983069e-07,0,4.967783508e-07,11,11,59734.00704,58904.73577,3,33,300,4,5.555675307e-05,1.236912794e-10
2025-11-17,47,True,4,70.75829685,12.95736365,4.795583664e-08,4.970983069e-07,0,4.967783508e-07,16,16,59734.00704,58904.73577,4,65,150,5,0.9056990804,1.236912794e-10
2025-11-18,48,True,4,776.6064367,194.1516431,1.062231604e-06,3.752308402e-07,0,3.747882471e-07,4,4,59710.00865,58933.40208,0,5,2400,-1,-1,0
2025-11-18,48,True,4,537.7003473,97.07582168,5.311012501e-07,3.752308402e-07,0,3.747882471e-07,5,5,59710.00865,58933.40208,1,9,1200,1,55.07566777,0
2025-11-18,48,True,4,282.6298787,48.53791084,2.655360731e-07,3.752308402e-07,0,3.747882471e-07,7,7,59710.00865,58933.40208,2,17,600,2,34.02727191,0
2025-11-18,48,True,4,141.5090473,24.26895542,1.327498467e-07,3.752308402e-07,0,3.747882471e-07,11,11,59710.00865,58933.40208,3,33,300,4,0.1433753643,7.275957614e-12
2025-11-18,48,True,4,70.75888112,12.13447771,6.635673344e-08,3.752308402e-07,0,3.747882471e-07,16,16,59710.00865,58933.40208,4,65,150,5,2.396464423,7.275957614e-12
2025-11-19,49,True,5,861.9119513,215.4780184,8.996066754e-07,4.833178966e-07,0,4.829430249e-07,4,4,60016.28556,59154.37349,0,5,2400,-1,-1,1.309672371e-10
2025-11-19,49,True,5,547.4653056,107.7390093,4.497996997e-07,4.833178966e-07,0,4.829430249e-07,5,5,60016.28556,59154.37349,1,9,1200,1,56.14365987,1.527951099e-10
2025-11-19,49,True,5,283.0300327,53.86950467,2.248925739e-07,4.833178966e-07,0,4.829430249e-07,8,8,60016.28556,59154.37349,2,17,600,3,4.001424783,1.527951099e-10
2025-11-19,49,True,5,141.5297091,26.93475234,1.124208211e-07,4.833178966e-07,0,4.829430249e-07,11,11,60016.28556,59154.37349,3,33,300,3,1.352940543,1.600710675e-10
2025-11-19,49,True,5,70.77954299,13.46737617,5.620677257e-08,4.833178966e-07,0,4.829430249e-07,16,16,60016.28556,59154.37349,4,65,150,5,21.66018292,1.600710675e-10
2025-11-19,49,True,5,35.40008312,6.733688085,2.807792043e-08,4.833178966e-07,0,4.829430249e-07,23,23,60016.28556,59154.37349,5,129,75,7,0.238138901,1.600710675e-10
2025-11-20,50,True,4,890.8599081,222.7150142,8.757197065e-07,5.267644723e-07,0,5.263996015e-07,4,4,60396.88015,59506.0201,0,5,2400,-1,-1,0
2025-11-20,50,True,4,551.6481318,111.3575072,4.378453013e-07,5.267644723e-07,0,5.263996015e-07,5,5,60396.88015,59506.0201,1,9,1200,1,55.6131928,0
2025-11-20,50,True,4,283.0262229,55.67875361,2.189190127e-07,5.267644723e-07,0,5.263996015e-07,8,8,60396.88015,59506.0201,2,17,600,3,16.82033295,0
2025-11-20,50,True,4,141.5258974,27.83937681,1.094449544e-07,5.267644723e-07,0,5.263996015e-07,12,12,60396.88015,59506.0201,3,33,300,4,33.42323982,1.455191523e-11
2025-11-20,50,True,4,70.77573114,13.91968841,5.47079253e-08,5.267644723e-07,0,5.263996015e-07,20,20,60396.88015,59506.0201,4,65,150,8,0.4132389452,1.455191523e-11
2025-11-21,51,True,4,573.5572948,449.6871909,380.8171889,7.246237856e-07,0,0.1634455172,5,5,36300.13475,34501.38599,0,5,2400,-1,-1,0
2025-11-21,51,True,4,335.0369853,224.8435954,187.7885711,7.246237856e-07,0,0.1585487282,9,9,36300.13475,34501.38599,1,9,1200,4,13.65545761,0
2025-11-21,51,True,4,211.7641781,112.4217977,93.27316948,7.246237856e-07,0,0.1562472776,17,17,36300.13475,34501.38599,2,17,600,8,2.306607205,0
2025-11-21,51,True,4,131.6639754,56.21089886,46.49981113,7.246237856e-07,0,0.1554116266,33,33,36300.13475,34501.38599,3,33,300,16,11.71293712,0
2025-11-21,51,True,4,69.13554577,28.10544943,23.21638864,7.246237856e-07,0,0.1549298283,65,65,36300.13475,34501.38599,4,65,150,32,0.9679108344,0
2025-11-22,52,True,4,578.0342659,429.8732664,354.5307055,7.619567975e-07,0,0.1521944612,5,5,36118.06112,34398.56805,0,5,2400,-1,-1,0
2025-11-22,52,True,4,355.6917774,214.9366332,174.7876328,7.619567975e-07,0,0.1477665831,9,9,36118.06112,34398.56805,1,9,1200,4,12.13572989,0
2025-11-22,52,True,4,240.8689137,107.4683166,86.80317652,7.619567975e-07,0,0.1454525809,17,17,36118.06112,34398.56805,2,17,600,8,2.02345177,0
2025-11-22,52,True,4,130.5744771,53.7341583,43.2800537,7.619567975e-07,0,0.1448012911,33,33,36118.06112,34398.56805,3,33,300,16,19.72158958,0
2025-11-22,52,True,4,67.12976201,26.86707915,21.60307333,7.619567975e-07,0,0.1443161639,65,65,36118.06112,34398.56805,4,65,150,32,2.118534919,0
2025-11-23,53,True,4,861.7792489,215.444845,8.235219866e-07,5.01897881e-07,0,5.01554713e-07,4,4,60531.15092,59669.37155,0,5,2400,-1,-1,1.236912794e-10
2025-11-23,53,True,4,544.4473863,107.7224226,4.117537173e-07,5.01897881e-07,0,5.01554713e-07,5,5,60531.15092,59669.37155,1,9,1200,1,59.04589822,1.527951099e-10
2025-11-23,53,True,4,283.0062494,53.86121131,2.058659447e-07,5.01897881e-07,0,5.01554713e-07,8,8,60531.15092,59669.37155,2,17,600,3,40.0049382,1.527951099e-10
2025-11-23,53,True,4,141.5059244,26.93060566,1.029184205e-07,5.01897881e-07,0,5.01554713e-07,13,13,60531.15092,59669.37155,3,33,300,5,16.38360316,1.600710675e-10
2025-11-23,53,True,4,70.75575833,13.46530283,5.143374437e-08,5.01897881e-07,0,5.01554713e-07,18,18,60531.15092,59669.37155,4,65,150,5,2.321352824,1.527951099e-10
2025-11-24,54,True,4,1002.084922,267.2277023,9.256909834e-07,4.555743817e-07,0,4.551886726e-07,4,4,60918.64864,59849.73783,0,5,2400,-1,-1,0
2025-11-24,54,True,4,560.776775,133.6138513,4.628309398e-07,4.555743817e-07,0,4.551886726e-07,5,5,60918.64864,59849.73783,1,9,1200,1,23.05524546,1.455191523e-11
2025-11-24,54,True,4,283.0528273,66.80692564,2.314118319e-07,4.555743817e-07,0,4.551886726e-07,8,8,60918.64864,59849.73783,2,17,600,3,27.07076264,1.455191523e-11
2025-11-24,54,True,4,141.5525073,33.40346282,1.156877261e-07,4.555743817e-07,0,4.551886726e-07,13,13,60918.64864,59849.73783,3,33,300,5,12.79130197,1.455191523e-11
2025-11-24,54,True,4,70.80016221,16.70173141,5.783658708e-08,4.555743817e-07,4.182448832e-11,4.551886726e-07,21,21,60918.64864,59849.73783,4,65,150,8,2.213897394,1.353328116e-09
2025-11-25,55,True,4,990.1137014,262.5419593,8.439819794e-07,4.167246408e-07,0,4.163729792e-07,4,4,61010.36264,59960.19481,0,5,2400,-1,-1,0
2025-11-25,55,True,4,559.2596479,131.2709798,4.219837137e-07,4.167246408e-07,0,4.163729792e-07,5,5,61010.36264,59960.19481,1,9,1200,1,27.41782038,0
2025-11-25,55,True,4,283.050509,65.63548988,2.10973667e-07,4.167246408e-07,0,4.163729792e-07,8,8,61010.36264,59960.19481,2,17,600,3,23.6818558,7.275957614e-12
2025-11-25,55,True,4,141.5501907,32.81774494,1.054650056e-07,4.167246408e-07,0,4.163729792e-07,12,12,61010.36264,59960.19481,3,33,300,4,13.90352218,7.275957614e-12
2025-11-25,55,True,4,70.80002451,16.40887247,5.272158887e-08,4.167246408e-07,0,4.163729792e-07,19,19,61010.36264,59960.19481,4,65,150,7,2.024997202,2.910383046e-11
2025-11-26,56,True,4,1007.199787,260.0226651,7.564958651e-07,4.526272694e-07,0,4.523120408e-07,4,4,61186.79205,60146.70139,0,5,2400,-1,-1,8.731149137e-11
2025-11-26,56,True,4,561.1292375,130.0113326,3.782406566e-07,4.526272694e-07,0,4.523120408e-07,5,5,61186.79205,60146.70139,1,9,1200,1,29.50393557,1.236912794e-10
2025-11-26,56,True,4,283.0630076,65.00566632,1.890948624e-07,4.526272694e-07,0,4.523120408e-07,8,8,61186.79205,60146.70139,2,17,600,3,24.7352052,1.236912794e-10
2025-11-26,56,True,4,141.5626837,32.50283317,9.450741345e-08,4.526272694e-07,0,4.523120408e-07,13,13,61186.79205,60146.70139,3,33,300,5,1.687902242,1.164153218e-10
2025-11-26,56,True,4,70.8001663,16.25141658,4.725006875e-08,4.526272694e-07,0,4.523120408e-07,20,20,61186.79205,60146.70139,4,65,150,7,1.441706469,1.164153218e-10
2025-11-27,57,True,4,1069.205711,294.2466627,6.767804734e-07,4.67235917e-07,0,4.669539089e-07,4,4,61515.57934,60338.59269,0,5,2400,-1,-1,4.365574569e-11
2025-11-27,57,True,4,566.1689919,147.1233314,3.383684088e-07,4.67235917e-07,0,4.669539089e-07,5,5,61515.57934,60338.59269,1,9,1200,1,0.3670759687,7.275957614e-11
2025-11-27,57,True,4,283.168456,73.56166571,1.691805664e-07,4.67235917e-07,0,4.669539089e-07,8,8,61515.57934,60338.59269,2,17,600,3,14.81576386,7.275957614e-11
2025-11-27,57,True,4,141.6003326,36.78083286,8.456845535e-08,4.67235917e-07,0,4.669539089e-07,13,13,61515.57934,60338.59269,3,33,300,5,40.41505722,6.548361853e-11
2025-11-27,57,True,4,70.80016631,18.39041643,4.227331374e-08,4.67235917e-07,0,4.669539089e-07,22,22,61515.57934,60338.59269,4,65,150,9,4.745703305,6.548361853e-11
2025-11-28,58,True,4,579.5612962,439.20448,365.1454869,6.009108964e-07,0,0.1565588148,5,5,36624.70585,34867.88793,0,5,2400,-1,-1,0
2025-11-28,58,True,4,349.7144366,219.60224,180.0385426,6.009108964e-07,0,0.1521417603,9,9,36624.70585,34867.88793,1,9,1200,4,12.38550492,0
2025-11-28,58,True,4,231.5318036,109.80112,89.41022595,6.009108964e-07,0,0.1498298763,17,17,36624.70585,34867.88793,2,17,600,8,2.004669716,0
2025-11-28,58,True,4,133.6204967,54.90056,44.55333646,6.009108964e-07,0,0.1489411176,33,33,36624.70585,34867.88793,3,33,300,16,14.57344829,0
2025-11-28,58,True,4,69.75890546,27.45028,22.24336348,6.009108964e-07,0,0.1484888152,65,65,36624.70585,34867.88793,4,65,150,32,1.603634269,0
2025-11-29,59,True,4,600.0464324,452.1786554,374.8317269,6.49951199e-07,0,0.1606253936,5,5,36961.12209,35152.40747,0,5,2400,-1,-1,0
2025-11-29,59,True,4,363.8652243,226.0893277,184.815128,6.49951199e-07,0,0.1560993584,9,9,36961.12209,35152.40747,1,9,1200,4,12.97117869,0
2025-11-29,59,True,4,242.3547822,113.0446639,91.79388994,6.49951199e-07,0,0.1540602935,17,17,36961.12209,35152.40747,2,17,600,8,1.828148481,0
2025-11-29,59,True,4,137.6838455,56.52233193,45.74821228,6.49951199e-07,0,0.1529336522,33,33,36961.12209,35152.40747,3,33,300,16,12.58611692,0
2025-11-29,59,True,4,70.48722926,28.26116596,22.84236424,6.49951199e-07,0,0.1524597194,65,65,36961.12209,35152.40747,4,65,150,32,0.5530846395,0
2025-11-30,60,True,4,1035.143999,267.5193482,7.070775609e-07,3.769755757e-07,0,3.766809656e-07,4,4,61658.3235,60588.24611,0,5,2400,-1,-1,0
2025-11-30,60,True,4,565.5189606,133.7596742,3.535387805e-07,3.769755757e-07,0,3.766809656e-07,5,5,61658.3235,60588.24611,1,9,1200,1,8.213128023,0
2025-11-30,60,True,4,283.1241751,66.87983712,1.767402864e-07,3.769755757e-07,0,3.766809656e-07,7,7,61658.3235,60588.24611,2,17,600,2,43.36692726,0
2025-11-30,60,True,4,141.6003322,33.43991856,8.835195331e-08,3.769755757e-07,0,3.766809656e-07,11,11,61658.3235,60588.24611,3,33,300,4,3.876397907,0
2025-11-30,60,True,4,70.80016612,16.71995928,4.41505108e-08,3.769755757e-07,0,3.766809656e-07,19,19,61658.3235,60588.24611,4,65,150,8,7.248004818,3.637978807e-11
2025-12-01,54,True,4,1140.292983,1068.878177,918.2581606,5.337347866e-07,0,0.4162666932,5,5,68976.84758,64701.33487,0,5,2400,-1,-1,0
2025-12-01,54,True,4,570.7481773,534.4390885,424.8004023,5.337347866e-07,0,0.404333983,9,9,68976.84758,64701.33487,1,9,1200,4,18.06116657,0
2025-12-01,54,True,4,285.534597,267.2195442,193.1449053,5.337347866e-07,0,0.353035687,16,16,68976.84758,64701.33487,2,17,600,7,34.04111734,0
2025-12-01,54,True,4,142.833656,133.6097721,87.86746476,5.337347866e-07,0,0.3480180196,26,26,68976.84758,64701.33487,3,33,300,10,3.308385725,2.910383046e-11
2025-12-01,54,True,4,71.41683063,66.80488606,39.60937846,5.337347866e-07,0,0.2963181375,41,41,68976.84758,64701.33487,4,65,150,15,9.242740508,5.820766091e-11
2025-12-02,55,True,4,1138.020428,942.4915708,487.5106748,4.717577259e-07,0,0.4025544545,5,5,69655.50294,65885.53666,0,5,2400,-1,-1,0
2025-12-02,55,True,4,569.5317779,471.2457854,121.0886799,4.717577259e-07,0,0.2196230578,9,9,69655.50294,65885.53666,1,9,1200,4,118.662347,0
2025-12-02,55,True,4,284.7980557,235.6228927,46.17466605,4.717577259e-07,0,0.07778000911,17,17,69655.50294,65885.53666,2,17,600,8,49.94572395,0
2025-12-02,55,True,4,142.4003122,117.8114463,22.98330038,4.717577259e-07,0,0.07700290974,31,31,69655.50294,65885.53666,3,33,300,14,11.41694304,4.365574569e-11
2025-12-02,55,True,4,71.20016375,58.90572317,11.44814583,4.717577259e-07,0,0.07674006605,51,51,69655.50294,65885.53666,4,65,150,20,1.501845676,4.365574569e-11
2025-12-03,56,True,4,1135.852875,813.6306709,135.6420424,4.208746172e-07,0,0.1496193202,5,5,70086.91194,66832.38926,0,5,2400,-1,-1,0
2025-12-03,56,True,4,569.3207596,406.8153355,13.58467638,4.208746172e-07,0,0.04175638318,9,9,70086.91194,66832.38926,1,9,1200,4,36.03389543,0
2025-12-03,56,True,4,284.7203302,203.4076677,6.629852578e-08,4.208746172e-07,0,4.207641105e-07,17,17,70086.91194,66832.38926,2,17,600,8,25.90124969,1.455191523e-11
2025-12-03,56,True,4,142.3669787,101.7038339,3.314926289e-08,4.208746172e-07,0,4.207641105e-07,29,29,70086.91194,66832.38926,3,33,300,12,25.62624586,1.455191523e-11
2025-12-03,56,True,4,71.18349685,50.85191693,1.656007953e-08,4.208746172e-07,0,4.207641105e-07,47,47,70086.91194,66832.38926,4,65,150,18,0.8638262601,2.910383046e-11
2025-12-04,57,True,4,1134.891414,748.5935421,63.3710249,4.316525417e-07,0,0.09536451934,5,5,70273.70256,67279.32839,0,5,2400,-1,-1,0
2025-12-04,57,True,4,568.7005456,374.2967711,1.043954398e-07,4.316525417e-07,0,4.315655546e-07,9,9,70273.70256,67279.32839,1,9,1200,4,19.20382026,0
2025-12-04,57,True,4,284.6424453,187.1483855,5.219771992e-08,4.316525417e-07,0,4.315655546e-07,15,15,70273.70256,67279.32839,2,17,600,6,25.44600008,0
2025-12-04,57,True,4,142.3421853,93.57419277,2.6091584e-08,4.316525417e-07,0,4.315655546e-07,26,26,70273.70256,67279.32839,3,33,300,11,25.08305561,0
2025-12-04,57,True,4,71.18349695,46.78709638,1.303851604e-08,4.316525417e-07,0,4.315655546e-07,45,45,70273.70256,67279.32839,4,65,150,19,0.8941930529,1.455191523e-11
2025-12-05,58,True,4,874.3038671,381.0031737,199.0168533,4.422844208e-07,0,0.0847973674,5,5,39079.09282,37555.08013,0,5,2400,-1,-1,0
2025-12-05,58,True,4,523.6057411,190.5015869,98.29159129,4.422844208e-07,0,0.08304349388,9,9,39079.09282,37555.08013,1,9,1200,4,72.2769234,0
2025-12-05,58,True,4,272.5669136,95.25079343,48.81908068,4.422844208e-07,0,0.08188360985,17,17,39079.09282,37555.08013,2,17,600,8,6.776543082,7.275957614e-12
2025-12-05,58,True,4,139.1643151,47.62539671,24.32399605,4.422844208e-07,0,0.08134155558,33,33,39079.09282,37555.08013,3,33,300,16,1.729823787,7.275957614e-12
2025-12-05,58,True,4,70.75571432,23.81269836,12.15154065,4.422844208e-07,0,0.08108339352,63,63,39079.09282,37555.08013,4,65,150,30,9.596365186,7.275957614e-12
2025-12-06,59,True,4,735.1480668,366.1755544,223.2515716,4.764165888e-07,0,0.09512040157,5,5,39686.709,38222.00678,0,5,2400,-1,-1,0
2025-12-06,59,True,4,510.3089755,183.0877772,110.238238,4.764165888e-07,0,0.09325560773,9,9,39686.709,38222.00678,1,9,1200,4,60.80461201,0
2025-12-06,59,True,4,262.7751548,91.54388861,54.76319166,4.764165888e-07,0,0.09192796313,17,17,39686.709,38222.00678,2,17,600,8,1.250402987,0
2025-12-06,59,True,4,135.6580286,45.7719443,27.30726273,4.764165888e-07,0,0.09118000914,33,33,39686.709,38222.00678,3,33,300,16,7.155917592,0
2025-12-06,59,True,4,69.1831807,22.88597215,13.64289623,4.764165888e-07,0,0.09098805039,63,63,39686.709,38222.00678,4,65,150,30,0.4909233732,7.275957614e-12
2025-12-07,60,True,4,1126.852106,595.1301691,4.701869329e-07,4.07191653e-07,0,4.069957276e-07,5,5,70950.87537,68570.35469,0,5,2400,-1,-1,2.910383046e-11
2025-12-07,60,True,4,567.0878935,297.5650845,2.350861905e-07,4.07191653e-07,0,4.069957276e-07,8,8,70950.87537,68570.35469,1,9,1200,3,52.2706949,2.910383046e-11
2025-12-07,60,True,4,283.9100355,148.7825423,1.175212674e-07,4.07191653e-07,0,4.069957276e-07,13,13,70950.87537,68570.35469,2,17,600,5,48.67696298,4.365574569e-11
2025-12-07,60,True,4,142.2396848,74.39127115,5.874608178e-08,4.07191653e-07,0,4.069957276e-07,21,21,70950.87537,68570.35469,3,33,300,8,2.227569785,4.365574569e-11
2025-12-07,60,True,4,71.15016301,37.19563557,2.93366611e-08,4.07191653e-07,0,4.069957276e-07,37,37,70950.87537,68570.35469,4,65,150,16,1.727668254,5.820766091e-11
2025-12-08,61,True,4,1115.620813,491.0269799,8.435017662e-07,4.042621209e-07,0,4.039106824e-07,5,5,71439.08129,69474.97337,0,5,2400,-1,-1,0
2025-12-08,61,True,4,566.1201637,245.5134901,4.217290552e-07,4.042621209e-07,0,4.039106824e-07,7,7,71439.08129,69474.97337,1,9,1200,2,38.10371155,0
2025-12-08,61,True,4,283.1569013,122.7567451,2.108281478e-07,4.042621209e-07,0,4.039106824e-07,11,11,71439.08129,69474.97337,2,17,600,4,4.792068399,1.455191523e-11
2025-12-08,61,True,4,141.6003199,61.37837253,1.053704182e-07,4.042621209e-07,0,4.039106824e-07,20,20,71439.08129,69474.97337,3,33,300,9,15.51376644,4.365574569e-11
2025-12-08,61,True,4,70.80016373,30.68918627,5.266338121e-08,4.042621209e-07,0,4.039106824e-07,34,34,71439.08129,69474.97337,4,65,150,14,2.980848559,5.820766091e-11
2025-12-09,62,True,4,1111.015672,465.2430127,7.758499123e-07,4.233663019e-07,0,4.230430398e-07,5,5,71531.91975,69670.9477,0,5,2400,-1,-1,0
2025-12-09,62,True,4,565.2794951,232.6215065,3.878667485e-07,4.233663019e-07,0,4.230430398e-07,7,7,71531.91975,69670.9477,1,9,1200,2,49.61934824,0
2025-12-09,62,True,4,283.1052096,116.3107533,1.939333742e-07,4.233663019e-07,0,4.230430398e-07,11,11,71531.91975,69670.9477,2,17,600,4,52.44384174,0
2025-12-09,62,True,4,141.6003221,58.15537663,9.693030734e-08,4.233663019e-07,0,4.230430398e-07,19,19,71531.91975,69670.9477,3,33,300,8,1.191900595,1.455191523e-11
2025-12-09,62,True,4,70.80016425,29.07768832,4.84433258e-08,4.233663019e-07,0,4.230430398e-07,32,32,71531.91975,69670.9477,4,65,150,13,3.403471591,2.910383046e-11
2025-12-10,63,True,4,1111.248358,472.3959661,1.037100446e-06,4.580091667e-07,0,4.575770242e-07,5,5,71436.81765,69547.23378,0,5,2400,-1,-1,4.365574569e-11
2025-12-10,63,True,4,565.4466236,236.1979832,5.185429472e-07,4.580091667e-07,0,4.575770242e-07,7,7,71436.81765,69547.23378,1,9,1200,2,43.83602615,2.910383046e-11
2025-12-10,63,True,4,283.1085574,118.0989916,2.592423698e-07,4.580091667e-07,0,4.575770242e-07,11,11,71436.81765,69547.23378,2,17,600,4,55.47463763,5.820766091e-11
2025-12-10,63,True,4,141.6003209,59.04949581,1.29599357e-07,4.580091667e-07,0,4.575770242e-07,20,20,71436.81765,69547.23378,3,33,300,9,16.61526279,5.820766091e-11
2025-12-10,63,True,4,70.80016398,29.52474791,6.475602277e-08,4.580091667e-07,5.551115123e-17,4.575770242e-07,33,33,71436.81765,69547.23378,4,65,150,13,0.9982756719,8.731149137e-11
2025-12-11,64,True,4,1108.800512,450.4871515,7.854832802e-07,4.739742327e-07,0,4.73646953e-07,5,5,71503.82929,69701.88068,0,5,2400,-1,-1,0
2025-12-11,64,True,4,564.2799503,225.2435758,3.927270882e-07,4.739742327e-07,0,4.73646953e-07,7,7,71503.82929,69701.88068,1,9,1200,2,61.18201212,0
2025-12-11,64,True,4,283.0535627,112.6217879,1.963344403e-07,4.739742327e-07,0,4.73646953e-07,11,11,71503.82929,69701.88068,2,17,600,4,44.22362381,0
2025-12-11,64,True,4,141.5532548,56.31089398,9.81381163e-08,4.739742327e-07,0,4.73646953e-07,19,19,71503.82929,69701.88068,3,33,300,8,1.248057421,4.365574569e-11
2025-12-11,64,True,4,70.80016434,28.15544699,4.903995432e-08,4.739742327e-07,0,4.73646953e-07,33,33,71503.82929,69701.88068,4,65,150,14,1.624164977,1.164153218e-10
2025-12-12,65,True,4,772.2082223,615.2548753,516.5129831,4.283611447e-07,0,0.2201110712,5,5,44741.51769,42280.49819,0,5,2400,-1,-1,7.275957614e-12
2025-12-12,65,True,4,444.351129,307.6274377,254.9270013,4.283611447e-07,0,0.2151216657,9,9,44741.51769,42280.49819,1,9,1200,4,8.26584573,7.275957614e-12
2025-12-12,65,True,4,261.4033169,153.8137188,126.5991251,4.283611447e-07,0,0.2122883903,17,17,44741.51769,42280.49819,2,17,600,8,20.72167564,7.275957614e-12
2025-12-12,65,True,4,136.1805175,76.90685942,63.04385084,4.283611447e-07,0,0.210886927,33,33,44741.51769,42280.49819,3,33,300,16,3.229476784,7.275957614e-12
2025-12-12,65,True,4,69.32958249,38.45342971,31.47896457,4.283611447e-07,0,0.2101149828,65,65,44741.51769,42280.49819,4,65,150,32,1.108279711,7.275957614e-12
2025-12-13,66,True,4,797.6547562,655.4080365,557.7419326,3.877726619e-07,0,0.237587085,5,5,45546.80233,42925.17018,0,5,2400,-1,-1,0
2025-12-13,66,True,4,443.7090147,327.7040183,275.2509345,3.877726619e-07,0,0.2323670956,9,9,45546.80233,42925.17018,1,9,1200,4,8.601410278,0
2025-12-13,66,True,4,261.9219777,163.8520091,136.6685613,3.877726619e-07,0,0.2293438539,17,17,45546.80233,42925.17018,2,17,600,8,15.48295194,0
2025-12-13,66,True,4,137.1420697,81.92600456,68.05917889,3.877726619e-07,0,0.2274794269,33,33,45546.80233,42925.17018,3,33,300,16,3.005196784,0
2025-12-13,66,True,4,69.60896452,40.96300228,33.98626667,3.877726619e-07,0,0.2269168231,65,65,45546.80233,42925.17018,4,65,150,32,0.6682970414,0
2025-12-14,67,True,4,1106.102661,444.7781398,9.727082215e-07,4.432521473e-07,0,4.428468254e-07,5,5,71528.58728,69749.47472,0,5,2400,-1,-1,7.275957614e-11
2025-12-14,67,True,4,563.4136584,222.38907,4.863250069e-07,4.432521473e-07,0,4.428468254e-07,7,7,71528.58728,69749.47472,1,9,1200,2,57.28781666,1.455191523e-11
2025-12-14,67,True,4,283.0293074,111.194535,2.431479516e-07,4.432521473e-07,0,4.428468254e-07,11,11,71528.58728,69749.47472,2,17,600,4,44.11055537,2.910383046e-11
2025-12-14,67,True,4,141.5289951,55.59726753,1.215666998e-07,4.432521473e-07,0,4.428468254e-07,19,19,71528.58728,69749.47472,3,33,300,8,1.587023307,2.910383046e-11
2025-12-14,67,True,4,70.77883514,27.79863377,6.076879799e-08,4.432521473e-07,0,4.428468254e-07,32,32,71528.58728,69749.47472,4,65,150,13,1.343197944,5.820766091e-11
2025-12-15,68,True,4,1098.968111,424.8426774,7.134367479e-07,4.610153046e-07,0,4.607180468e-07,4,4,71604.13374,69904.76304,0,5,2400,-1,-1,0
2025-12-15,68,True,4,561.0331634,212.4213387,3.56711098e-07,4.610153046e-07,0,4.607180468e-07,6,6,71604.13374,69904.76304,1,9,1200,2,107.4330777,0
2025-12-15,68,True,4,283.0006415,106.2106693,1.783337211e-07,4.610153046e-07,0,4.607180468e-07,10,10,71604.13374,69904.76304,2,17,600,4,8.951092847,1.455191523e-11
2025-12-15,68,True,4,141.5003259,53.10533467,8.91595846e-08,4.610153046e-07,0,4.607180468e-07,18,18,71604.13374,69904.76304,3,33,300,8,16.93616037,2.910383046e-11
2025-12-15,68,True,4,70.75016482,26.55266734,4.455796443e-08,4.610153046e-07,0,4.607180468e-07,32,32,71604.13374,69904.76304,4,65,150,14,1.432462927,8.731149137e-11
2025-12-16,69,True,4,1096.315394,412.3807359,6.623886293e-07,4.824250196e-07,0,4.82149012e-07,4,4,71641.56756,69992.04462,0,5,2400,-1,-1,1.455191523e-11
2025-12-16,69,True,4,560.1655532,206.1903679,3.311724868e-07,4.824250196e-07,0,4.82149012e-07,6,6,71641.56756,69992.04462,1,9,1200,2,100.6476783,1.455191523e-11
2025-12-16,69,True,4,282.9879616,103.095184,1.655571396e-07,4.824250196e-07,0,4.82149012e-07,10,10,71641.56756,69992.04462,2,17,600,4,15.25172857,2.910383046e-11
2025-12-16,69,True,4,141.5003265,51.54759199,8.274218999e-08,4.824250196e-07,0,4.82149012e-07,18,18,71641.56756,69992.04462,3,33,300,8,11.46842251,4.365574569e-11
2025-12-16,69,True,4,70.75016499,25.77379599,4.135654308e-08,4.824250196e-07,0,4.82149012e-07,31,31,71641.56756,69992.04462,4,65,150,13,2.402374639,5.820766091e-11
2025-12-17,70,True,4,1090.525041,397.246487,5.950714694e-07,5.013497433e-07,0,5.011017915e-07,4,4,71676.08314,70087.09719,0,5,2400,-1,-1,1.455191523e-11
2025-12-17,70,True,4,559.4161939,198.6232435,2.974993549e-07,5.013497433e-07,0,5.011017915e-07,6,6,71676.08314,70087.09719,1,9,1200,2,92.83518155,1.455191523e-11
2025-12-17,70,True,4,282.9299675,99.31162174,1.487205736e-07,5.013497433e-07,0,5.011017915e-07,10,10,71676.08314,70087.09719,2,17,600,4,15.00088679,1.455191523e-11
2025-12-17,70,True,4,141.5003271,49.65581088,7.433118299e-08,5.013497433e-07,0,5.011017915e-07,17,17,71676.08314,70087.09719,3,33,300,7,13.18888492,1.455191523e-11
2025-12-17,70,True,4,70.75016511,24.82790544,3.713648766e-08,5.013497433e-07,0,5.011017915e-07,29,29,71676.08314,70087.09719,4,65,150,12,2.117796189,2.910383046e-11
2025-12-18,71,True,4,1093.226606,400.7234269,7.341586752e-07,4.810718247e-07,0,4.807659509e-07,4,4,71612.08286,70009.18916,0,5,2400,-1,-1,0
2025-12-18,71,True,4,559.5637348,200.3617134,3.670284059e-07,4.810718247e-07,0,4.807659509e-07,6,6,71612.08286,70009.18916,1,9,1200,2,92.30804187,1.455191523e-11
2025-12-18,71,True,4,283.0001508,100.1808567,1.83499651e-07,4.810718247e-07,0,4.807659509e-07,10,10,71612.08286,70009.18916,2,17,600,4,14.02783684,2.910383046e-11
2025-12-18,71,True,4,141.5003267,50.09042836,9.172072168e-08,4.810718247e-07,0,4.807659509e-07,18,18,71612.08286,70009.18916,3,33,300,8,17.57949268,2.910383046e-11
2025-12-18,71,True,4,70.75016501,25.04521418,4.583853297e-08,4.810718247e-07,0,4.807659509e-07,30,30,71612.08286,70009.18916,4,65,150,12,2.225850856,8.731149137e-11
2025-12-19,72,True,4,743.8822418,595.4070341,500.7169796,4.226592938e-07,0,0.2132238848,5,5,44805.5556,42423.92747,0,5,2400,-1,-1,0
2025-12-19,72,True,4,426.5105262,297.703517,247.1248119,4.226592938e-07,0,0.2086077389,9,9,44805.5556,42423.92747,1,9,1200,4,7.708890001,0
2025-12-19,72,True,4,261.5635161,148.8517585,122.6809146,4.226592938e-07,0,0.2058054315,17,17,44805.5556,42423.92747,2,17,600,8,17.03855146,7.275957614e-12
2025-12-19,72,True,4,136.1312628,74.42587926,61.1103454,4.226592938e-07,0,0.2044401402,33,33,44805.5556,42423.92747,3,33,300,16,3.573138417,7.275957614e-12
2025-12-19,72,True,4,69.3901728,37.21293963,30.51251734,4.226592938e-07,0,0.2037181643,65,65,44805.5556,42423.92747,4,65,150,32,0.6087140226,7.275957614e-12
2025-12-20,73,True,4,732.1037692,575.3058993,479.6909134,3.951927199e-07,0,0.2042519306,5,5,44491.92261,42190.69901,0,5,2400,-1,-1,0
2025-12-20,73,True,4,428.0500259,287.6529496,236.7499655,3.951927199e-07,0,0.1998848125,9,9,44491.92261,42190.69901,1,9,1200,4,7.349238945,0
2025-12-20,73,True,4,261.5488909,143.8264748,117.5306056,3.951927199e-07,0,0.1971845897,17,17,44491.92261,42190.69901,2,17,600,8,19.47676104,0
2025-12-20,73,True,4,135.5488565,71.91323741,58.54483815,3.951927199e-07,0,0.1958265451,33,33,44491.92261,42190.69901,3,33,300,16,4.329016315,0
2025-12-20,73,True,4,69.11336185,35.95661871,29.23080422,3.951927199e-07,0,0.1951381362,65,65,44491.92261,42190.69901,4,65,150,32,0.5956123145,7.275957614e-12
2025-12-21,74,True,4,1094.005882,403.3672628,1.012274879e-06,4.965000736e-07,0,4.960783209e-07,4,4,71585.02915,69971.5601,0,5,2400,-1,-1,0
2025-12-21,74,True,4,560.433548,201.6836314,5.060865078e-07,4.965000736e-07,0,4.960783209e-07,6,6,71585.02915,69971.5601,1,9,1200,2,92.20262876,1.455191523e-11
2025-12-21,74,True,4,282.9979737,100.8418157,2.530141501e-07,4.965000736e-07,0,4.960783209e-07,10,10,71585.02915,69971.5601,2,17,600,4,13.06231715,2.910383046e-11
2025-12-21,74,True,4,141.5003268,50.42090785,1.264852472e-07,4.965000736e-07,0,4.960783209e-07,18,18,71585.02915,69971.5601,3,33,300,8,17.88420238,2.910383046e-11
2025-12-21,74,True,4,70.75016506,25.21045393,6.319896784e-08,4.965000736e-07,0,4.960783209e-07,32,32,71585.02915,69971.5601,4,65,150,14,3.244704809,0
2025-12-22,75,True,4,1086.339233,386.2551061,7.828930393e-07,5.117037747e-07,0,5.113775064e-07,4,4,71641.12563,70096.10521,0,5,2400,-1,-1,2.473825589e-10
2025-12-22,75,True,4,557.5969714,193.1275531,3.914174158e-07,5.117037747e-07,0,5.113775064e-07,6,6,71641.12563,70096.10521,1,9,1200,2,91.75551746,2.473825589e-10
2025-12-22,75,True,4,282.3707818,96.56377653,1.956796041e-07,5.117037747e-07,0,5.113775064e-07,10,10,71641.12563,70096.10521,2,17,600,4,13.02404441,2.473825589e-10
2025-12-22,75,True,4,141.5003278,48.28188827,9.778887033e-08,5.117037747e-07,0,5.113775064e-07,17,17,71641.12563,70096.10521,3,33,300,7,10.88401298,2.619344741e-10
2025-12-22,75,True,4,70.75016531,24.14094414,4.885077942e-08,5.117037747e-07,0,5.113775064e-07,30,30,71641.12563,70096.10521,4,65,150,13,10.13209949,2.619344741e-10
2025-12-23,76,True,4,1084.137796,379.0039655,7.531198207e-07,4.937916057e-07,0,4.934778069e-07,4,4,71655.70975,70139.69389,0,5,2400,-1,-1,0
2025-12-23,76,True,4,557.2142406,189.5019828,3.765599104e-07,4.937916057e-07,0,4.934778069e-07,6,6,71655.70975,70139.69389,1,9,1200,2,89.6086009,0
2025-12-23,76,True,4,282.1488851,94.75099138,1.882290235e-07,4.937916057e-07,0,4.934778069e-07,10,10,71655.70975,70139.69389,2,17,600,4,12.10034428,0
2025-12-23,76,True,4,141.5003279,47.3754957,9.409268387e-08,4.937916057e-07,0,4.934778069e-07,17,17,71655.70975,70139.69389,3,33,300,7,9.768156574,0
2025-12-23,76,True,4,70.75016536,23.68774785,4.703179002e-08,4.937916057e-07,0,4.934778069e-07,30,30,71655.70975,70139.69389,4,65,150,13,10.58273413,2.910383046e-11
2025-12-24,77,True,4,1087.559975,385.2507972,9.097566362e-07,5.088442674e-07,0,5.084652155e-07,4,4,71597.32077,70056.31758,0,5,2400,-1,-1,0
2025-12-24,77,True,4,558.0744005,192.6253986,4.548492143e-07,5.088442674e-07,0,5.084652155e-07,6,6,71597.32077,70056.31758,1,9,1200,2,88.74942236,0
2025-12-24,77,True,4,282.5815173,96.31269931,2.274027793e-07,5.088442674e-07,0,5.084652155e-07,10,10,71597.32077,70056.31758,2,17,600,4,11.37413376,1.455191523e-11
2025-12-24,77,True,4,141.5003274,48.15634966,1.136795618e-07,5.088442674e-07,0,5.084652155e-07,17,17,71597.32077,70056.31758,3,33,300,7,19.71781609,1.455191523e-11
2025-12-24,77,True,4,70.75016523,24.07817483,5.681067705e-08,5.088442674e-07,0,5.084652155e-07,31,31,71597.32077,70056.31758,4,65,150,14,1.111470315,4.365574569e-11
2025-12-25,78,True,4,1087.438797,386.4286499,1.00620673e-06,4.943874145e-07,0,4.939681492e-07,4,4,71573.20875,70027.49415,0,5,2400,-1,-1,5.820766091e-11
2025-12-25,78,True,4,558.2029111,193.214325,5.030597094e-07,4.943874145e-07,0,4.939681492e-07,6,6,71573.20875,70027.49415,1,9,1200,2,86.67333996,5.820766091e-11
2025-12-25,78,True,4,282.70189,96.60716249,2.51486199e-07,4.943874145e-07,0,4.939681492e-07,10,10,71573.20875,70027.49415,2,17,600,4,10.88079176,5.820766091e-11
2025-12-25,78,True,4,141.5003272,48.30358124,1.257139957e-07,4.943874145e-07,0,4.939681492e-07,18,18,71573.20875,70027.49415,3,33,300,8,20.91770935,7.275957614e-11
2025-12-25,78,True,4,70.75016518,24.15179062,6.283516996e-08,4.943874145e-07,0,4.939681492e-07,33,33,71573.20875,70027.49415,4,65,150,15,2.090444561,7.275957614e-11
2025-12-26,79,True,4,699.8895441,538.0703734,443.7668025,4.277525503e-07,0,0.1889426118,5,5,43977.20275,41824.92125,0,5,2400,-1,-1,0
2025-12-26,79,True,4,418.7683205,269.0351867,219.025996,4.277525503e-07,0,0.1849651542,9,9,43977.20275,41824.92125,1,9,1200,4,6.937755868,0
2025-12-26,79,True,4,262.5504788,134.5175934,108.7204138,4.277525503e-07,0,0.182422848,17,17,43977.20275,41824.92125,2,17,600,8,19.06573614,0
2025-12-26,79,True,4,135.9184657,67.25879668,54.16007537,4.277525503e-07,0,0.181134109,33,33,43977.20275,41824.92125,3,33,300,16,5.635651915,0
2025-12-26,79,True,4,69.19233743,33.62939834,27.04077352,4.277525503e-07,0,0.1805177484,65,65,43977.20275,41824.92125,4,65,150,32,1.351473005,0
2025-12-27,80,True,4,674.6662503,510.4988265,417.5282657,4.042033211e-07,0,0.1777341348,5,5,43620.51693,41578.52163,0,5,2400,-1,-1,0
2025-12-27,80,True,4,410.3798477,255.2494133,206.0919702,4.042033211e-07,0,0.1740729883,9,9,43620.51693,41578.52163,1,9,1200,4,6.690527397,0
2025-12-27,80,True,4,263.0057883,127.6247066,102.2936636,4.042033211e-07,0,0.1717571127,17,17,43620.51693,41578.52163,2,17,600,8,18.72070442,7.275957614e-12
2025-12-27,80,True,4,136.3212628,63.81235332,50.95759122,4.042033211e-07,0,0.1704594671,33,33,43620.51693,41578.52163,3,33,300,16,5.357081399,7.275957614e-12
2025-12-27,80,True,4,69.32981484,31.90617666,25.43948684,4.042033211e-07,0,0.169758283,65,65,43620.51693,41578.52163,4,65,150,32,1.262845528,7.275957614e-12
2025-12-28,81,True,4,1082.186847,374.1391808,8.957722457e-07,5.057882319e-07,0,5.054149898e-07,4,4,71624.32262,70127.7659,0,5,2400,-1,-1,0
2025-12-28,81,True,4,557.0967938,187.0695904,4.478788469e-07,5.057882319e-07,0,5.054149898e-07,6,6,71624.32262,70127.7659,1,9,1200,2,85.9803226,0
2025-12-28,81,True,4,282.2736144,93.53479521,2.239103196e-07,5.057882319e-07,0,5.054149898e-07,10,10,71624.32262,70127.7659,2,17,600,4,10.70918223,0
2025-12-28,81,True,4,141.5003284,46.76739761,1.119478839e-07,5.057882319e-07,0,5.054149898e-07,17,17,71624.32262,70127.7659,3,33,300,7,10.05459086,2.910383046e-11
2025-12-28,81,True,4,70.75016541,23.38369881,5.592301022e-08,5.057882319e-07,0,5.054149898e-07,30,30,71624.32262,70127.7659,4,65,150,13,9.379823939,2.910383046e-11
2025-12-29,82,True,4,1083.890972,377.0220627,9.445939213e-07,4.899194239e-07,0,4.89525805e-07,4,4,71582.88069,70074.79244,0,5,2400,-1,-1,8.731149137e-11
2025-12-29,82,True,4,557.6667339,188.5110313,4.722824087e-07,4.899194239e-07,0,4.89525805e-07,6,6,71582.88069,70074.79244,1,9,1200,2,85.24484024,8.731149137e-11
2025-12-29,82,True,4,282.5334202,94.25551567,2.361339284e-07,4.899194239e-07,0,4.89525805e-07,10,10,71582.88069,70074.79244,2,17,600,4,12.98921711,8.731149137e-11
2025-12-29,82,True,4,141.5003283,47.12775784,1.180305844e-07,4.899194239e-07,0,4.89525805e-07,17,17,71582.88069,70074.79244,3,33,300,7,16.14402943,8.731149137e-11
2025-12-29,82,True,4,70.75016542,23.56387892,5.897891242e-08,4.899194239e-07,0,4.89525805e-07,32,32,71582.88069,70074.79244,4,65,150,15,1.94831514,8.731149137e-11
2025-12-30,83,True,4,1087.437337,384.3409814,9.087234503e-07,5.056064713e-07,0,5.052278549e-07,4,4,71518.31267,69980.94875,0,5,2400,-1,-1,0
2025-12-30,83,True,4,558.6677032,192.1704907,4.543398973e-07,5.056064713e-07,0,5.052278549e-07,6,6,71518.31267,69980.94875,1,9,1200,2,82.57873677,0
2025-12-30,83,True,4,282.8688076,96.08524535,2.271262929e-07,5.056064713e-07,0,5.052278549e-07,10,10,71518.31267,69980.94875,2,17,600,4,9.657068651,0
2025-12-30,83,True,4,141.5003277,48.04262267,1.135485945e-07,5.056064713e-07,0,5.052278549e-07,18,18,71518.31267,69980.94875,3,33,300,8,23.08276882,2.910383046e-11
2025-12-30,83,True,4,70.75016526,24.02131134,5.673791748e-08,5.056064713e-07,0,5.052278549e-07,32,32,71518.31267,69980.94875,4,65,150,14,5.176596802,4.365574569e-11
2025-12-31,84,True,4,1090.511317,392.8746243,1.109423465e-06,5.192042849e-07,0,5.187419623e-07,4,4,71458.86847,69887.36998,0,5,2400,-1,-1,1.89174898e-10
2025-12-31,84,True,4,559.0615682,196.4373122,5.546462489e-07,5.192042849e-07,0,5.187419623e-07,6,6,71458.86847,69887.36998,1,9,1200,2,83.59690115,1.89174898e-10
2025-12-31,84,True,4,282.8312213,98.21865609,2.773012966e-07,5.192042849e-07,0,5.187419623e-07,10,10,71458.86847,69887.36998,2,17,600,4,25.57095458,1.89174898e-10
2025-12-31,84,True,4,141.5003273,49.10932804,1.386069926e-07,5.192042849e-07,0,5.187419623e-07,18,18,71458.86847,69887.36998,3,33,300,8,13.46735677,1.89174898e-10
2025-12-31,84,True,4,70.75016526,24.55466402,6.925256457e-08,5.192042849e-07,0,5.187419623e-07,34,34,71458.86847,69887.36998,4,65,150,16,2.493872127,1.89174898e-10
