stage,feature,date,es_before,es_after,relative_improvement_pct
structural,season,2025-02-01,2678.05216,2678.05216,0
structural,season,2025-02-02,714.8465792,719.7754871,-0.6895057017
structural,season,2025-02-03,648.3661837,649.8829294,-0.2339334939
structural,season,2025-02-04,575.2210431,575.0620631,0.02763806269
structural,season,2025-02-05,580.0157225,576.2513518,0.6490118451
structural,season,2025-02-06,569.291069,562.9187679,1.119339738
structural,season,2025-02-07,2959.327315,2959.595613,-0.009066185953
structural,season,2025-02-08,2790.766029,2773.923014,0.6035265806
structural,season,2025-02-09,645.5889751,645.9509401,-0.05606741359
structural,season,2025-02-10,814.5101837,807.6529788,0.8418808065
structural,season,2025-02-11,698.529409,689.1685515,1.340080661
structural,season,2025-02-12,694.0366267,683.0311346,1.585722091
structural,season,2025-02-13,903.7856877,889.3795484,1.593977365
structural,season,2025-02-14,2909.204972,2890.212979,0.6528241536
structural,season,2025-02-15,2832.3639,2801.922775,1.074760372
structural,season,2025-02-16,706.5700917,699.4022287,1.014458878
structural,season,2025-02-17,842.6559879,827.9472915,1.745516154
structural,season,2025-02-18,754.8432385,740.1280711,1.949433557
structural,season,2025-02-19,744.5631906,729.6899026,1.99758572
structural,season,2025-02-20,790.7943292,773.389951,2.200872913
structural,season,2025-02-21,3130.972396,3100.823792,0.9629150214
structural,season,2025-02-22,2774.468501,2738.233475,1.306016841
structural,season,2025-02-23,755.7871737,742.8173895,1.71606302
structural,season,2025-02-24,871.6179628,852.9341593,2.143577152
structural,season,2025-02-25,1014.05536,992.9083513,2.085389924
structural,season,2025-02-26,801.2617,782.0037458,2.40345373
structural,season,2025-02-27,905.0020857,884.7481364,2.238000297
structural,season,2025-02-28,3160.633425,3124.197314,1.152810386
structural,season,2025-03-01,2456.317335,2456.317335,0
structural,season,2025-03-02,910.5907166,917.4516465,-0.753459249
structural,season,2025-03-03,701.9143512,705.2608124,-0.4767620407
structural,season,2025-03-04,616.2752659,616.2129861,0.01010584148
structural,season,2025-03-05,660.104223,657.8552049,0.3407065049
structural,season,2025-03-06,653.9569606,648.6578588,0.8103135315
structural,season,2025-03-07,2776.045551,2779.784688,-0.1346929512
structural,season,2025-03-08,2812.955879,2800.755914,0.4337062532
structural,season,2025-03-09,767.198877,765.9367862,0.1645063326
structural,season,2025-03-10,712.4136643,712.3196729,0.01319336809
structural,season,2025-03-11,705.6910392,700.7953209,0.6937481267
structural,season,2025-03-12,739.2225753,731.166822,1.08976019
structural,season,2025-03-13,772.9466653,768.3468303,0.5951038042
structural,season,2025-03-14,3095.943268,3082.604451,0.4308482582
structural,season,2025-03-15,2580.606741,2560.285281,0.7874682936
structural,season,2025-03-16,735.9699321,731.3174788,0.6321526307
structural,season,2025-03-17,916.0911789,905.5820997,1.147165205
structural,season,2025-03-18,692.6171674,684.6658116,1.148015993
structural,season,2025-03-19,755.2508052,744.4808409,1.426011638
structural,season,2025-03-20,653.4157351,642.7462017,1.632885891
structural,season,2025-03-21,3365.091391,3341.013662,0.7155148445
structural,season,2025-03-22,2812.419539,2781.632379,1.094685867
structural,season,2025-03-23,836.3996778,827.0882166,1.113278905
structural,season,2025-03-24,791.8549613,779.8910752,1.510868364
structural,season,2025-03-25,723.7857591,715.429089,1.154577854
structural,season,2025-03-26,904.2973306,889.3310115,1.65502192
structural,season,2025-03-27,747.3448559,733.6603972,1.831076857
structural,season,2025-03-28,3270.300238,3238.990196,0.9574057324
structural,season,2025-03-29,3544.776982,3506.495577,1.079938314
structural,season,2025-03-30,859.8858721,845.1027012,1.719201514
structural,season,2025-03-31,812.61064,798.6499738,1.718001897
structural,season,2025-04-01,759.9258482,759.9258482,0
structural,season,2025-04-02,761.7704645,758.9719145,0.3673744414
structural,season,2025-04-03,666.5700022,665.1662124,0.2105990037
structural,season,2025-04-04,3147.104506,3161.165691,-0.4467975235
structural,season,2025-04-05,2465.400337,2462.093411,0.134133423
structural,season,2025-04-06,675.5818128,676.7170469,-0.1680379928
structural,season,2025-04-07,784.2233397,782.9730915,0.159425014
structural,season,2025-04-08,714.7622656,712.2698139,0.3487105796
structural,season,2025-04-09,644.1960602,644.7012832,-0.07842689323
structural,season,2025-04-10,705.6543464,701.1510932,0.6381670034
structural,season,2025-04-11,3109.100699,3103.592391,0.1771672379
structural,season,2025-04-12,2629.484159,2614.933627,0.5533606996
structural,season,2025-04-13,660.3191418,659.3955077,0.1398769147
structural,season,2025-04-14,694.0340414,688.7652121,0.7591600683
structural,season,2025-04-15,819.3617676,813.1976363,0.7523088758
structural,season,2025-04-16,638.8434991,635.9440451,0.4538598169
structural,season,2025-04-17,636.3537041,629.4432035,1.085952757
structural,season,2025-04-18,2828.332527,2813.362984,0.5292709601
structural,season,2025-04-19,2686.820818,2664.670783,0.8243957022
structural,season,2025-04-20,686.1224692,681.8196243,0.6271249076
structural,season,2025-04-21,836.9074749,827.4011172,1.135891121
structural,season,2025-04-22,680.6952456,674.4106199,0.9232656985
structural,season,2025-04-23,707.744788,699.4336598,1.174311478
structural,season,2025-04-24,839.5215033,827.3064266,1.455004628
structural,season,2025-04-25,3115.958153,3092.996459,0.7369063704
structural,season,2025-04-26,3301.358476,3273.225472,0.8521644628
structural,season,2025-04-27,774.2911411,766.5004532,1.006170356
structural,season,2025-04-28,846.293408,852.3111741,-0.7110732614
structural,season,2025-04-29,793.9569183,783.4879901,1.318576359
structural,season,2025-04-30,822.7934096,813.0186088,1.188001835
structural,season,2025-05-01,756.4356225,756.4356225,0
structural,season,2025-05-02,1857.358664,1861.117707,-0.2023864619
structural,season,2025-05-03,2145.176597,2136.486123,0.4051169234
structural,season,2025-05-04,857.294621,862.9754638,-0.6626476637
structural,season,2025-05-05,812.9973319,818.8859656,-0.7243115664
structural,season,2025-05-06,767.4973955,768.752955,-0.1635913581
structural,season,2025-05-07,703.2823917,703.6511487,-0.05243370617
structural,season,2025-05-08,836.4149309,835.9305663,0.05790960279
structural,season,2025-05-09,2166.85987,2170.36084,-0.161568807
structural,season,2025-05-10,1907.454928,1899.704832,0.406305565
structural,season,2025-05-11,846.2388803,850.599781,-0.5153273877
structural,season,2025-05-12,889.4901457,888.9299109,0.06298381237
structural,season,2025-05-13,684.6153185,684.3191758,0.04325679315
structural,season,2025-05-14,681.8659478,679.5290486,0.3427211976
structural,season,2025-05-15,665.4744087,663.2941907,0.327618599
structural,season,2025-05-16,2708.515531,2710.431927,-0.07075447503
structural,season,2025-05-17,2103.432148,2094.858679,0.4075942726
structural,season,2025-05-18,847.7782154,847.7547659,0.002765994347
structural,season,2025-05-19,727.55128,726.7853254,0.1052784391
structural,season,2025-05-20,865.8582329,863.2734788,0.2985193236
structural,season,2025-05-21,765.1998086,763.83157,0.1788080099
structural,season,2025-05-22,609.3165665,605.9181121,0.5577485743
structural,season,2025-05-23,2322.649415,2319.574182,0.1324019486
structural,season,2025-05-24,2504.444364,2497.607887,0.2729737983
structural,season,2025-05-25,673.8042356,672.0329534,0.2628778635
structural,season,2025-05-26,894.9514553,895.9796751,-0.1148911287
structural,season,2025-05-27,690.1965302,686.8691071,0.4820979112
structural,season,2025-05-28,840.7919361,839.6691717,0.1335365339
structural,season,2025-05-29,763.109849,762.7573092,0.04619778032
structural,season,2025-05-30,2265.310566,2262.428449,0.1272283205
structural,season,2025-05-31,2118.072489,2110.320866,0.3659753374
structural,season,2025-06-01,2201.992515,2201.992515,0
structural,season,2025-06-02,1830.963352,1820.140798,0.5910852045
structural,season,2025-06-03,1578.386478,1557.76896,1.306240147
structural,season,2025-06-04,1675.657414,1645.363676,1.807871829
structural,season,2025-06-05,1704.224028,1665.2316,2.287987201
structural,season,2025-06-06,1306.152454,1320.265594,-1.080512431
structural,season,2025-06-07,1235.45323,1243.486444,-0.650224067
structural,season,2025-06-08,1309.406544,1281.190078,2.154904945
structural,season,2025-06-09,1631.602907,1590.534146,2.517080649
structural,season,2025-06-10,1660.192781,1612.050857,2.899779145
structural,season,2025-06-11,2062.403563,2007.273477,2.673098841
structural,season,2025-06-12,1677.634807,1619.890986,3.441978004
structural,season,2025-06-13,1297.676111,1323.564832,-1.995006372
structural,season,2025-06-14,1484.158929,1506.240765,-1.487834983
structural,season,2025-06-15,1539.666512,1488.794154,3.304115364
structural,season,2025-06-16,1589.598797,1533.371764,3.537183937
structural,season,2025-06-17,1833.441975,1772.744355,3.310583077
structural,season,2025-06-18,1375.192878,1318.811894,4.099860072
structural,season,2025-06-19,1154.428505,1108.520845,3.976656756
structural,season,2025-06-20,1663.49736,1702.636762,-2.35283821
structural,season,2025-06-21,1840.611583,1884.204534,-2.368394923
structural,season,2025-06-22,1246.611265,1201.562923,3.613663964
structural,season,2025-06-23,1147.404074,1104.473989,3.741496663
structural,season,2025-06-24,1825.909432,1767.426179,3.202965727
structural,season,2025-06-25,1317.200459,1266.745102,3.830499493
structural,season,2025-06-26,1069.634181,1029.508899,3.751308902
structural,season,2025-06-27,1840.904231,1887.59667,-2.536386132
structural,season,2025-06-28,1732.434817,1770.792016,-2.214063049
structural,season,2025-06-29,1219.308657,1176.408159,3.51842807
structural,season,2025-06-30,1201.05605,1157.120017,3.658116751
structural,season,2025-07-01,1047.901867,1047.901867,0
structural,season,2025-07-02,1010.819917,1006.43862,0.4334399164
structural,season,2025-07-03,1044.382174,1034.571449,0.9393807413
structural,season,2025-07-04,2594.735209,2607.693848,-0.4994204683
structural,season,2025-07-05,2478.387982,2475.134292,0.131282536
structural,season,2025-07-06,1120.311382,1117.596879,0.242298935
structural,season,2025-07-07,942.1610354,933.2019119,0.9509121161
structural,season,2025-07-08,1133.845575,1120.910323,1.140830205
structural,season,2025-07-09,888.7372418,875.6292507,1.474900621
structural,season,2025-07-10,941.0082606,924.3573151,1.769479205
structural,season,2025-07-11,2143.145714,2147.765039,-0.2155394792
structural,season,2025-07-12,2166.29028,2159.335021,0.3210677405
structural,season,2025-07-13,1088.054718,1071.849517,1.48937367
structural,season,2025-07-14,882.0159944,866.6291878,1.744504271
structural,season,2025-07-15,888.7113137,878.8653077,1.107896996
structural,season,2025-07-16,913.978101,898.1978543,1.726545387
structural,season,2025-07-17,886.4318441,868.4077549,2.033330512
structural,season,2025-07-18,2070.806209,2069.431082,0.06640536913
structural,season,2025-07-19,2419.907726,2408.093044,0.4882286116
structural,season,2025-07-20,784.4410236,773.5180441,1.392453887
structural,season,2025-07-21,819.3584178,808.8471644,1.282863908
structural,season,2025-07-22,809.1361822,798.4828281,1.316633013
structural,season,2025-07-23,828.2053319,814.2373771,1.686532827
structural,season,2025-07-24,827.197117,815.8711144,1.369202378
structural,season,2025-07-25,2439.283894,2434.529675,0.1949022344
structural,season,2025-07-26,2234.3396,2225.900245,0.3777113761
structural,season,2025-07-27,822.3476539,811.9942642,1.259003978
structural,season,2025-07-28,909.5252773,908.320792,0.132430103
structural,season,2025-07-29,825.7220372,823.9554913,0.2139395404
structural,season,2025-07-30,817.5014886,806.4327518,1.353971462
structural,season,2025-07-31,708.0986875,700.6078619,1.057878758
structural,season,2025-08-01,2923.636776,2923.636776,0
structural,season,2025-08-02,2788.903693,2767.821439,0.7559333945
structural,season,2025-08-03,959.771331,961.6932903,-0.200251787
structural,season,2025-08-04,743.504768,745.6792604,-0.2924651553
structural,season,2025-08-05,741.7894812,740.7728195,0.1370552849
structural,season,2025-08-06,757.3673151,759.8435779,-0.3269566535
structural,season,2025-08-07,829.2999277,820.8969372,1.013263148
structural,season,2025-08-08,3282.190037,3256.494174,0.782887712
structural,season,2025-08-09,2803.420152,2766.269582,1.325187375
structural,season,2025-08-10,751.4207386,754.0435212,-0.3490431535
structural,season,2025-08-11,793.6648655,791.3807835,0.2877892385
structural,season,2025-08-12,668.4267811,673.1444624,-0.7057887907
structural,season,2025-08-13,675.5765913,675.8339711,-0.0380977981
structural,season,2025-08-14,766.3072528,761.8487313,0.5818190382
structural,season,2025-08-15,2996.247014,2962.384919,1.130150319
structural,season,2025-08-16,2901.681887,2859.794372,1.443559841
structural,season,2025-08-17,832.1586194,826.0150999,0.7382630393
structural,season,2025-08-18,811.3915824,807.2528578,0.5100773384
structural,season,2025-08-19,668.0533166,663.1293692,0.7370590366
structural,season,2025-08-20,789.2326079,802.2192424,-1.645476174
structural,season,2025-08-21,653.8178172,653.9289614,-0.01699926272
structural,season,2025-08-22,2517.16791,2485.274821,1.267022691
structural,season,2025-08-23,2288.411292,2255.741112,1.427635855
structural,season,2025-08-24,888.261902,882.5771602,0.6399848709
structural,season,2025-08-25,786.5651479,802.781453,-2.061660773
structural,season,2025-08-26,716.0089794,714.3797438,0.2275440267
structural,season,2025-08-27,748.4234047,752.4190095,-0.5338695608
structural,season,2025-08-28,912.2892763,926.3594547,-1.542293521
structural,season,2025-08-29,2327.00194,2298.37918,1.230027346
structural,season,2025-08-30,2675.963541,2639.509565,1.362274764
structural,season,2025-08-31,719.9107774,724.1233427,-0.585151018
structural,season,2025-09-01,953.7854338,953.7854338,0
structural,season,2025-09-02,940.0376765,935.6390316,0.4679221869
structural,season,2025-09-03,834.9015652,827.2542933,0.9159489291
structural,season,2025-09-04,878.2592829,868.3125082,1.132555598
structural,season,2025-09-05,2909.835037,2921.238909,-0.3919078807
structural,season,2025-09-06,2812.954075,2806.762184,0.2201205834
structural,season,2025-09-07,909.1913708,901.8172941,0.8110588148
structural,season,2025-09-08,1000.504151,994.6560632,0.5845141077
structural,season,2025-09-09,856.7439736,846.140498,1.23764811
structural,season,2025-09-10,1109.431861,1099.844041,0.8642099319
structural,season,2025-09-11,874.8037642,859.5807211,1.74016662
structural,season,2025-09-12,2436.045454,2432.473675,0.1466220234
structural,season,2025-09-13,2640.592574,2628.262359,0.4669487775
structural,season,2025-09-14,1002.839559,995.2996679,0.7518541861
structural,season,2025-09-15,932.9617391,921.1321066,1.267965458
structural,season,2025-09-16,856.3987207,846.5097349,1.154717491
structural,season,2025-09-17,982.7902769,969.0942955,1.393581288
structural,season,2025-09-18,891.6874752,875.7412552,1.788319381
structural,season,2025-09-19,2097.934251,2089.866918,0.3845369927
structural,season,2025-09-20,2097.369991,2083.007782,0.6847723198
structural,season,2025-09-21,886.5916433,875.2837495,1.275434282
structural,season,2025-09-22,904.2151966,892.1617722,1.333026082
structural,season,2025-09-23,1033.119014,1020.169313,1.253456875
structural,season,2025-09-24,972.1215962,956.1739746,1.640496589
structural,season,2025-09-25,870.5510201,854.352981,1.860665114
structural,season,2025-09-26,2027.659121,2017.797121,0.486373659
structural,season,2025-09-27,1968.869854,1959.810427,0.4601333748
structural,season,2025-09-28,1128.2677,1115.201347,1.158089831
structural,season,2025-09-29,1005.527721,990.7191846,1.472712935
structural,season,2025-09-30,1223.845816,1209.603414,1.163741476
structural,season,2025-10-01,832.0966552,832.0966552,0
structural,season,2025-10-02,684.4010254,681.7320699,0.389969527
structural,season,2025-10-03,2598.658855,2604.095094,-0.2091939961
structural,season,2025-10-04,2086.628613,2076.063268,0.5063356661
structural,season,2025-10-05,669.4619288,674.1221489,-0.6961142903
structural,season,2025-10-06,700.5800227,706.1555463,-0.7958439344
structural,season,2025-10-07,733.6009447,735.4696961,-0.2547367822
structural,season,2025-10-08,716.4533348,714.2997242,0.3005932829
structural,season,2025-10-09,719.8564428,714.2499678,0.7788323691
structural,season,2025-10-10,2501.93975,2499.676566,0.09045717914
structural,season,2025-10-11,2010.532151,1999.541639,0.5466469056
structural,season,2025-10-12,776.8079181,780.5188657,-0.4777175414
structural,season,2025-10-13,710.5991533,709.8357746,0.107427465
structural,season,2025-10-14,880.7347929,879.7267629,0.1144533019
structural,season,2025-10-15,938.308172,937.4120344,0.09550568256
structural,season,2025-10-16,1056.880169,1052.853473,0.3809983669
structural,season,2025-10-17,1957.335874,1956.265685,0.05467578
structural,season,2025-10-18,1908.422944,1901.105771,0.383414611
structural,season,2025-10-19,1141.120666,1140.819306,0.02640916767
structural,season,2025-10-20,1148.95815,1146.481724,0.2155367019
structural,season,2025-10-21,1302.646004,1297.931119,0.3619467891
structural,season,2025-10-22,1222.812814,1214.788679,0.6562030223
structural,season,2025-10-23,1021.90652,1011.05056,1.062324243
structural,season,2025-10-24,1843.221052,1842.466066,0.04096011697
structural,season,2025-10-25,1751.894935,1747.601198,0.2450910144
structural,season,2025-10-26,1065.683286,1057.480526,0.7697183678
structural,season,2025-10-27,1091.499166,1082.13766,0.8576740719
structural,season,2025-10-28,1182.401254,1169.820058,1.064037783
structural,season,2025-10-29,1470.140607,1456.901914,0.900505208
structural,season,2025-10-30,1035.722546,1020.385573,1.480799325
structural,season,2025-10-31,1641.608264,1641.789931,-0.01106641533
structural,season,2025-11-01,1648.321815,1648.321815,0
structural,season,2025-11-02,1184.291649,1191.040774,-0.5698870297
structural,season,2025-11-03,1242.193479,1240.875833,0.1060741272
structural,season,2025-11-04,987.7254,981.5777714,0.6224026015
structural,season,2025-11-05,1130.305891,1116.727913,1.201265807
structural,season,2025-11-06,1312.893815,1293.702351,1.461768192
structural,season,2025-11-07,1800.107122,1817.151746,-0.9468672098
structural,season,2025-11-08,1659.157588,1665.846011,-0.403121621
structural,season,2025-11-09,1283.386508,1268.685278,1.145502924
structural,season,2025-11-10,1482.375976,1460.650502,1.465584584
structural,season,2025-11-11,1176.328524,1151.976,2.070214559
structural,season,2025-11-12,1118.689959,1092.357721,2.35384591
structural,season,2025-11-13,1240.72068,1210.374963,2.44581374
structural,season,2025-11-14,1623.284013,1639.649765,-1.008187824
structural,season,2025-11-15,1542.348327,1551.793719,-0.6124033332
structural,season,2025-11-16,1445.098256,1415.988864,2.014353838
structural,season,2025-11-17,1227.915015,1196.709719,2.541323774
structural,season,2025-11-18,1422.425402,1387.156285,2.479505554
structural,season,2025-11-19,1352.521643,1313.982698,2.849414269
structural,season,2025-11-20,1311.156355,1272.157008,2.974423845
structural,season,2025-11-21,1609.947201,1628.600494,-1.158627646
structural,season,2025-11-22,1502.210269,1514.180307,-0.7968283689
structural,season,2025-11-23,1398.561111,1363.179743,2.529840677
structural,season,2025-11-24,1172.202766,1137.061217,2.997907062
structural,season,2025-11-25,1360.275479,1319.525658,2.995703575
structural,season,2025-11-26,1430.724105,1387.517283,3.01992693
structural,season,2025-11-27,1289.889958,1247.253741,3.305415046
structural,season,2025-11-28,1557.661329,1575.662486,-1.155652816
structural,season,2025-11-29,1507.077621,1516.121172,-0.600071994
structural,season,2025-11-30,1744.518137,1700.964487,2.496600592
structural,season,2025-12-01,994.5601455,994.5601455,0
structural,season,2025-12-02,1125.914735,1121.97655,0.3497764515
structural,season,2025-12-03,1031.758207,1024.588845,0.6948683614
structural,season,2025-12-04,957.3492901,947.3738652,1.041983837
structural,season,2025-12-05,1726.834788,1741.679983,-0.8596766459
structural,season,2025-12-06,1615.952342,1623.292165,-0.45421034
structural,season,2025-12-07,1015.713335,1008.913321,0.6694816425
structural,season,2025-12-08,1046.685233,1036.57771,0.9656697847
structural,season,2025-12-09,974.0187579,961.9543068,1.23862616
structural,season,2025-12-10,1051.312079,1035.909348,1.465095983
structural,season,2025-12-11,867.232151,852.2982186,1.722022449
structural,season,2025-12-12,1693.264047,1708.469096,-0.8979727122
structural,season,2025-12-13,1624.75312,1634.693086,-0.6117831846
structural,season,2025-12-14,1066.731438,1052.12059,1.369683912
structural,season,2025-12-15,1129.248229,1112.284708,1.502195954
structural,season,2025-12-16,1074.712975,1055.726849,1.766622887
structural,season,2025-12-17,930.3799458,909.9966302,2.190859308
structural,season,2025-12-18,918.7173233,899.1409276,2.130839948
structural,season,2025-12-19,1711.384862,1729.998097,-1.087612451
structural,season,2025-12-20,1669.919216,1684.155709,-0.8525258854
structural,season,2025-12-21,1072.790831,1054.013117,1.75036117
structural,season,2025-12-22,945.2640796,925.1709937,2.125658467
structural,season,2025-12-23,847.0493764,827.4425286,2.314723124
structural,season,2025-12-24,890.492038,869.3114046,2.378531477
structural,season,2025-12-25,887.763463,865.455872,2.512785431
structural,season,2025-12-26,1747.297972,1766.396211,-1.093015548
structural,season,2025-12-27,1678.856814,1693.615668,-0.8791014161
structural,season,2025-12-28,850.1053009,832.5768207,2.0619187
structural,season,2025-12-29,851.1547055,831.4328082,2.317075524
structural,season,2025-12-30,785.1227724,767.5322804,2.240476602
structural,season,2025-12-31,907.0064656,884.0953208,2.526017807
forward,net_lag_7d,2025-02-01,2678.05216,687.7525584,74.31892595
forward,net_lag_7d,2025-02-02,719.7754871,683.6649615,5.016915166
forward,net_lag_7d,2025-02-03,649.8829294,527.8666864,18.77511126
forward,net_lag_7d,2025-02-04,575.0620631,402.478811,30.01123934
forward,net_lag_7d,2025-02-05,576.2513518,435.4417466,24.435449
forward,net_lag_7d,2025-02-06,562.9187679,438.0337363,22.18526698
forward,net_lag_7d,2025-02-07,2959.595613,930.4229251,68.56249817
forward,net_lag_7d,2025-02-08,2773.923014,737.9889778,73.3954773
forward,net_lag_7d,2025-02-09,645.9509401,468.0700223,27.53783714
forward,net_lag_7d,2025-02-10,807.6529788,855.2375297,-5.891707471
forward,net_lag_7d,2025-02-11,689.1685515,679.061042,1.466623733
forward,net_lag_7d,2025-02-12,683.0311346,663.6793684,2.833218752
forward,net_lag_7d,2025-02-13,889.3795484,1024.471091,-15.18941413
forward,net_lag_7d,2025-02-14,2890.212979,812.038191,71.90386325
forward,net_lag_7d,2025-02-15,2801.922775,759.4785522,72.89437957
forward,net_lag_7d,2025-02-16,699.4022287,602.8176438,13.80959067
forward,net_lag_7d,2025-02-17,827.9472915,836.0562832,-0.9794091653
forward,net_lag_7d,2025-02-18,740.1280711,702.6539841,5.06318953
forward,net_lag_7d,2025-02-19,729.6899026,681.7673063,6.567529042
forward,net_lag_7d,2025-02-20,773.389951,721.9695611,6.648701581
forward,net_lag_7d,2025-02-21,3100.823792,1001.663869,67.69684652
forward,net_lag_7d,2025-02-22,2738.233475,713.0645515,73.95895719
forward,net_lag_7d,2025-02-23,742.8173895,688.5724873,7.302589164
forward,net_lag_7d,2025-02-24,852.9341593,829.283823,2.772820859
forward,net_lag_7d,2025-02-25,992.9083513,1049.344794,-5.683952884
forward,net_lag_7d,2025-02-26,782.0037458,748.9307232,4.229266516
forward,net_lag_7d,2025-02-27,884.7481364,864.2627524,2.315391596
forward,net_lag_7d,2025-02-28,3124.197314,1042.888298,66.61900025
forward,net_lag_7d,2025-03-01,2456.317335,642.1825946,73.85587826
forward,net_lag_7d,2025-03-02,917.4516465,669.8950321,26.9830694
forward,net_lag_7d,2025-03-03,705.2608124,458.0388974,35.0539702
forward,net_lag_7d,2025-03-04,616.2129861,437.8470785,28.94549639
forward,net_lag_7d,2025-03-05,657.8552049,566.5993301,13.87172651
forward,net_lag_7d,2025-03-06,648.6578588,549.7013481,15.25557879
forward,net_lag_7d,2025-03-07,2779.784688,839.9919384,69.78212226
forward,net_lag_7d,2025-03-08,2800.755914,830.7611327,70.33796738
forward,net_lag_7d,2025-03-09,765.9367862,747.6522418,2.387213248
forward,net_lag_7d,2025-03-10,712.3196729,536.1282616,24.7348793
forward,net_lag_7d,2025-03-11,700.7953209,628.5688194,10.30636183
forward,net_lag_7d,2025-03-12,731.166822,691.1035656,5.479359177
forward,net_lag_7d,2025-03-13,768.3468303,624.6317217,18.70445779
forward,net_lag_7d,2025-03-14,3082.604451,1043.212175,66.15809159
forward,net_lag_7d,2025-03-15,2560.285281,688.4686561,73.10968972
forward,net_lag_7d,2025-03-16,731.3174788,618.0703083,15.48536359
forward,net_lag_7d,2025-03-17,905.5820997,1005.512086,-11.03488975
forward,net_lag_7d,2025-03-18,684.6658116,611.5046584,10.6856735
forward,net_lag_7d,2025-03-19,744.4808409,704.3181529,5.394724187
forward,net_lag_7d,2025-03-20,642.7462017,555.0454894,13.64468776
forward,net_lag_7d,2025-03-21,3341.013662,1229.443398,63.20148548
forward,net_lag_7d,2025-03-22,2781.632379,841.7990804,69.73722744
forward,net_lag_7d,2025-03-23,827.0882166,809.3125833,2.149182273
forward,net_lag_7d,2025-03-24,779.8910752,710.3276201,8.919637288
forward,net_lag_7d,2025-03-25,715.429089,611.383267,14.54313552
forward,net_lag_7d,2025-03-26,889.3310115,888.7940445,0.0603787569
forward,net_lag_7d,2025-03-27,733.6603972,670.8690827,8.558634862
forward,net_lag_7d,2025-03-28,3238.990196,1071.335628,66.92377675
forward,net_lag_7d,2025-03-29,3506.495577,1431.536897,59.1747126
forward,net_lag_7d,2025-03-30,845.1027012,816.284671,3.410003323
forward,net_lag_7d,2025-03-31,798.6499738,719.3489648,9.929382277
forward,net_lag_7d,2025-04-01,759.9258482,564.7372755,25.685213
forward,net_lag_7d,2025-04-02,758.9719145,577.9524271,23.85061739
forward,net_lag_7d,2025-04-03,665.1662124,593.1125697,10.83242675
forward,net_lag_7d,2025-04-04,3161.165691,974.4032027,69.17582632
forward,net_lag_7d,2025-04-05,2462.093411,534.7881709,78.27912749
forward,net_lag_7d,2025-04-06,676.7170469,567.3167578,16.16632677
forward,net_lag_7d,2025-04-07,782.9730915,743.1362021,5.087900191
forward,net_lag_7d,2025-04-08,712.2698139,646.2864287,9.263818834
forward,net_lag_7d,2025-04-09,644.7012832,421.7977162,34.57470503
forward,net_lag_7d,2025-04-10,701.1510932,616.9684677,12.00634589
forward,net_lag_7d,2025-04-11,3103.592391,885.8892942,71.4560038
forward,net_lag_7d,2025-04-12,2614.933627,750.9380061,71.28271255
forward,net_lag_7d,2025-04-13,659.3955077,509.9210744,22.66840335
forward,net_lag_7d,2025-04-14,688.7652121,606.8055527,11.89950625
forward,net_lag_7d,2025-04-15,813.1976363,810.0718844,0.3843778841
forward,net_lag_7d,2025-04-16,635.9440451,475.3700544,25.24970427
forward,net_lag_7d,2025-04-17,629.4432035,523.9194099,16.76462514
forward,net_lag_7d,2025-04-18,2813.362984,664.4645761,76.38183982
forward,net_lag_7d,2025-04-19,2664.670783,658.7905419,75.27685048
forward,net_lag_7d,2025-04-20,681.8196243,566.2245272,16.95391171
forward,net_lag_7d,2025-04-21,827.4011172,840.9073615,-1.632369599
forward,net_lag_7d,2025-04-22,674.4106199,556.5033909,17.483003
forward,net_lag_7d,2025-04-23,699.4336598,627.6830377,10.25838849
forward,net_lag_7d,2025-04-24,827.3064266,869.6572112,-5.119117077
forward,net_lag_7d,2025-04-25,3092.996459,961.4929244,68.91386921
forward,net_lag_7d,2025-04-26,3273.225472,1259.684863,61.51548761
forward,net_lag_7d,2025-04-27,766.5004532,709.9063929,7.383434688
forward,net_lag_7d,2025-04-28,852.3111741,649.9481096,23.74286184
forward,net_lag_7d,2025-04-29,783.4879901,769.7208373,1.75716194
forward,net_lag_7d,2025-04-30,813.0186088,787.6941666,3.114866235
forward,net_lag_7d,2025-05-01,756.4356225,605.9491768,19.89415109
forward,net_lag_7d,2025-05-02,1861.117707,702.1511574,62.27260883
forward,net_lag_7d,2025-05-03,2136.486123,555.4013961,74.0039783
forward,net_lag_7d,2025-05-04,862.9754638,645.236779,25.23115592
forward,net_lag_7d,2025-05-05,818.8859656,489.1814328,40.26256972
forward,net_lag_7d,2025-05-06,768.752955,543.1046838,29.35250781
forward,net_lag_7d,2025-05-07,703.6511487,414.0531714,41.15647048
forward,net_lag_7d,2025-05-08,835.9305663,564.1663558,32.51038083
forward,net_lag_7d,2025-05-09,2170.36084,786.936353,63.74168118
forward,net_lag_7d,2025-05-10,1899.704832,640.9198451,66.26213535
forward,net_lag_7d,2025-05-11,850.599781,523.2402671,38.48572751
forward,net_lag_7d,2025-05-12,888.9299109,693.2913163,22.00832621
forward,net_lag_7d,2025-05-13,684.3191758,408.3174257,40.33231274
forward,net_lag_7d,2025-05-14,679.5290486,430.9639285,36.57902788
forward,net_lag_7d,2025-05-15,663.2941907,426.4692556,35.70435841
forward,net_lag_7d,2025-05-16,2710.431927,918.4127889,66.11562977
forward,net_lag_7d,2025-05-17,2094.858679,851.5902782,59.34855718
forward,net_lag_7d,2025-05-18,847.7547659,580.0678369,31.57598633
forward,net_lag_7d,2025-05-19,726.7853254,645.4926764,11.18523533
forward,net_lag_7d,2025-05-20,863.2734788,593.1343468,31.29241644
forward,net_lag_7d,2025-05-21,763.83157,579.3310853,24.15460318
forward,net_lag_7d,2025-05-22,605.9181121,400.1836399,33.95417104
forward,net_lag_7d,2025-05-23,2319.574182,549.4975608,76.31041227
forward,net_lag_7d,2025-05-24,2497.607887,868.979804,65.20751682
forward,net_lag_7d,2025-05-25,672.0329534,522.2720907,22.28474987
forward,net_lag_7d,2025-05-26,895.9796751,611.5956989,31.74000305
forward,net_lag_7d,2025-05-27,686.8691071,529.9220905,22.8496252
forward,net_lag_7d,2025-05-28,839.6691717,626.7050098,25.3628654
forward,net_lag_7d,2025-05-29,762.7573092,482.018067,36.80584096
forward,net_lag_7d,2025-05-30,2262.428449,599.5753074,73.49859583
forward,net_lag_7d,2025-05-31,2110.320866,531.5606394,74.81138305
forward,net_lag_7d,2025-06-01,2201.992515,1752.487269,20.4135683
forward,net_lag_7d,2025-06-02,1820.140798,1365.035999,25.00382384
forward,net_lag_7d,2025-06-03,1557.76896,1095.986069,29.64386269
forward,net_lag_7d,2025-06-04,1645.363676,1195.445658,27.34459406
forward,net_lag_7d,2025-06-05,1665.2316,1203.289144,27.74043299
forward,net_lag_7d,2025-06-06,1320.265594,1499.993799,-13.61303409
forward,net_lag_7d,2025-06-07,1243.486444,1260.009482,-1.328767015
forward,net_lag_7d,2025-06-08,1281.190078,859.9637175,32.87774138
forward,net_lag_7d,2025-06-09,1590.534146,1075.427964,32.38573548
forward,net_lag_7d,2025-06-10,1612.050857,1099.72745,31.78084641
forward,net_lag_7d,2025-06-11,2007.273477,1477.326155,26.40135129
forward,net_lag_7d,2025-06-12,1619.890986,1078.525887,33.41984758
forward,net_lag_7d,2025-06-13,1323.564832,1275.952964,3.597244892
forward,net_lag_7d,2025-06-14,1506.240765,1451.545099,3.631269768
forward,net_lag_7d,2025-06-15,1488.794154,978.8681445,34.25094116
forward,net_lag_7d,2025-06-16,1533.371764,943.9300999,38.4408842
forward,net_lag_7d,2025-06-17,1772.744355,1190.912625,32.82096083
forward,net_lag_7d,2025-06-18,1318.811894,729.6239554,44.67566159
forward,net_lag_7d,2025-06-19,1108.520845,638.4440115,42.40577305
forward,net_lag_7d,2025-06-20,1702.636762,1354.423409,20.45141752
forward,net_lag_7d,2025-06-21,1884.204534,1362.496879,27.68848318
forward,net_lag_7d,2025-06-22,1201.562923,721.90868,39.91919473
forward,net_lag_7d,2025-06-23,1104.473989,622.5064456,43.63774504
forward,net_lag_7d,2025-06-24,1767.426179,1138.86471,35.56366179
forward,net_lag_7d,2025-06-25,1266.745102,767.3911846,39.42023667
forward,net_lag_7d,2025-06-26,1029.508899,626.5419148,39.1416708
forward,net_lag_7d,2025-06-27,1887.59667,1065.675837,43.54324448
forward,net_lag_7d,2025-06-28,1770.792016,912.0136305,48.49685213
forward,net_lag_7d,2025-06-29,1176.408159,700.0963593,40.48865148
forward,net_lag_7d,2025-06-30,1157.120017,685.6843897,40.74215471
forward,net_lag_7d,2025-07-01,1047.901867,770.3661751,26.48489338
forward,net_lag_7d,2025-07-02,1006.43862,906.913079,9.88888331
forward,net_lag_7d,2025-07-03,1034.571449,772.9118133,25.29159646
forward,net_lag_7d,2025-07-04,2607.693848,1128.821806,56.71187373
forward,net_lag_7d,2025-07-05,2475.134292,1073.426372,56.63159063
forward,net_lag_7d,2025-07-06,1117.596879,787.3543676,29.5493409
forward,net_lag_7d,2025-07-07,933.2019119,775.0104961,16.95146718
forward,net_lag_7d,2025-07-08,1120.910323,947.9797188,15.42769304
forward,net_lag_7d,2025-07-09,875.6292507,696.7873614,20.42438499
forward,net_lag_7d,2025-07-10,924.3573151,790.602641,14.47001846
forward,net_lag_7d,2025-07-11,2147.765039,1077.089046,49.85070404
forward,net_lag_7d,2025-07-12,2159.335021,1038.669595,51.89863613
forward,net_lag_7d,2025-07-13,1071.849517,1043.275031,2.665904633
forward,net_lag_7d,2025-07-14,866.6291878,721.5364325,16.74219577
forward,net_lag_7d,2025-07-15,878.8653077,699.165301,20.44681991
forward,net_lag_7d,2025-07-16,898.1978543,754.0593782,16.04751953
forward,net_lag_7d,2025-07-17,868.4077549,701.629519,19.20506064
forward,net_lag_7d,2025-07-18,2069.431082,1091.296306,47.26587825
forward,net_lag_7d,2025-07-19,2408.093044,1269.405987,47.28584138
forward,net_lag_7d,2025-07-20,773.5180441,562.6113258,27.26590801
forward,net_lag_7d,2025-07-21,808.8471644,554.9974741,31.38413553
forward,net_lag_7d,2025-07-22,798.4828281,572.5156444,28.29956709
forward,net_lag_7d,2025-07-23,814.2373771,577.5096716,29.07354932
forward,net_lag_7d,2025-07-24,815.8711144,598.8472557,26.60026257
forward,net_lag_7d,2025-07-25,2434.529675,1175.497346,51.71562878
forward,net_lag_7d,2025-07-26,2225.900245,881.0996005,60.41603381
forward,net_lag_7d,2025-07-27,811.9942642,560.7487805,30.94178061
forward,net_lag_7d,2025-07-28,908.320792,550.2425811,39.42199871
forward,net_lag_7d,2025-07-29,823.9554913,526.6079103,36.08782077
forward,net_lag_7d,2025-07-30,806.4327518,563.4734519,30.1276578
forward,net_lag_7d,2025-07-31,700.6078619,415.0792741,40.75440819
forward,net_lag_7d,2025-08-01,2923.636776,989.0989311,66.16888462
forward,net_lag_7d,2025-08-02,2767.821439,984.2815711,64.43840064
forward,net_lag_7d,2025-08-03,961.6932903,1133.055315,-17.81878135
forward,net_lag_7d,2025-08-04,745.6792604,738.9891735,0.8971802262
forward,net_lag_7d,2025-08-05,740.7728195,741.8927958,-0.1511902469
forward,net_lag_7d,2025-08-06,759.8435779,641.5707512,15.5654177
forward,net_lag_7d,2025-08-07,820.8969372,892.0181131,-8.663837414
forward,net_lag_7d,2025-08-08,3256.494174,1280.488515,60.67892505
forward,net_lag_7d,2025-08-09,2766.269582,838.9394898,69.67253317
forward,net_lag_7d,2025-08-10,754.0435212,654.4901894,13.2025976
forward,net_lag_7d,2025-08-11,791.3807835,740.6546371,6.409827911
forward,net_lag_7d,2025-08-12,673.1444624,500.7782285,25.60612819
forward,net_lag_7d,2025-08-13,675.8339711,560.121212,17.12147717
forward,net_lag_7d,2025-08-14,761.8487313,663.1440137,12.95594696
forward,net_lag_7d,2025-08-15,2962.384919,886.2748453,70.08238735
forward,net_lag_7d,2025-08-16,2859.794372,887.7239803,68.95846817
forward,net_lag_7d,2025-08-17,826.0150999,786.0877914,4.833726216
forward,net_lag_7d,2025-08-18,807.2528578,710.9449985,11.93032126
forward,net_lag_7d,2025-08-19,663.1293692,564.5628797,14.86384017
forward,net_lag_7d,2025-08-20,802.2192424,544.0836533,32.17768604
forward,net_lag_7d,2025-08-21,653.9289614,515.920823,21.10445425
forward,net_lag_7d,2025-08-22,2485.274821,623.5418859,74.91054589
forward,net_lag_7d,2025-08-23,2255.741112,525.4280052,76.70707855
forward,net_lag_7d,2025-08-24,882.5771602,798.0630413,9.575833446
forward,net_lag_7d,2025-08-25,802.781453,507.5160592,36.7802959
forward,net_lag_7d,2025-08-26,714.3797438,543.2726747,23.95183661
forward,net_lag_7d,2025-08-27,752.4190095,524.9447384,30.23239288
forward,net_lag_7d,2025-08-28,926.3594547,675.5795234,27.07155738
forward,net_lag_7d,2025-08-29,2298.37918,641.20586,72.10182438
forward,net_lag_7d,2025-08-30,2639.509565,901.8015944,65.83450174
forward,net_lag_7d,2025-08-31,724.1233427,506.3775778,30.07025903
forward,net_lag_7d,2025-09-01,953.7854338,963.5420398,-1.022935097
forward,net_lag_7d,2025-09-02,935.6390316,899.756576,3.835074681
forward,net_lag_7d,2025-09-03,827.2542933,728.7819953,11.90351005
forward,net_lag_7d,2025-09-04,868.3125082,835.5851007,3.769081662
forward,net_lag_7d,2025-09-05,2921.238909,1273.342502,56.41087423
forward,net_lag_7d,2025-09-06,2806.762184,1216.381428,56.66246913
forward,net_lag_7d,2025-09-07,901.8172941,755.7294026,16.19927811
forward,net_lag_7d,2025-09-08,994.6560632,778.2858567,21.75326875
forward,net_lag_7d,2025-09-09,846.140498,762.2304256,9.916801365
forward,net_lag_7d,2025-09-10,1099.844041,848.4299379,22.85906855
forward,net_lag_7d,2025-09-11,859.5807211,759.6196771,11.62904676
forward,net_lag_7d,2025-09-12,2432.473675,752.7611843,69.05367602
forward,net_lag_7d,2025-09-13,2628.262359,906.9251594,65.4933551
forward,net_lag_7d,2025-09-14,995.2996679,713.1968549,28.34350518
forward,net_lag_7d,2025-09-15,921.1321066,770.2826548,16.37652739
forward,net_lag_7d,2025-09-16,846.5097349,603.789939,28.67300705
forward,net_lag_7d,2025-09-17,969.0942955,691.9884142,28.59431561
forward,net_lag_7d,2025-09-18,875.7412552,635.9114045,27.38592584
forward,net_lag_7d,2025-09-19,2089.866918,812.3521433,61.12900126
forward,net_lag_7d,2025-09-20,2083.007782,809.1339228,61.15550169
forward,net_lag_7d,2025-09-21,875.2837495,610.5568473,30.2446952
forward,net_lag_7d,2025-09-22,892.1617722,594.0534948,33.41415051
forward,net_lag_7d,2025-09-23,1020.169313,691.6854454,32.19895593
forward,net_lag_7d,2025-09-24,956.1739746,661.8406957,30.78239805
forward,net_lag_7d,2025-09-25,854.352981,571.1305925,33.15051212
forward,net_lag_7d,2025-09-26,2017.797121,903.8220754,55.20748513
forward,net_lag_7d,2025-09-27,1959.810427,806.7850425,58.83351617
forward,net_lag_7d,2025-09-28,1115.201347,757.3783607,32.08595354
forward,net_lag_7d,2025-09-29,990.7191846,638.7721485,35.524399
forward,net_lag_7d,2025-09-30,1209.603414,839.8597611,30.56734537
forward,net_lag_7d,2025-10-01,832.0966552,879.5113845,-5.698223758
forward,net_lag_7d,2025-10-02,681.7320699,624.8353521,8.345906013
forward,net_lag_7d,2025-10-03,2604.095094,968.8714336,62.79431439
forward,net_lag_7d,2025-10-04,2076.063268,698.835044,66.3384515
forward,net_lag_7d,2025-10-05,674.1221489,441.2007376,34.55181107
forward,net_lag_7d,2025-10-06,706.1555463,395.9132602,43.93398703
forward,net_lag_7d,2025-10-07,735.4696961,444.4312781,39.57177564
forward,net_lag_7d,2025-10-08,714.2997242,518.5000842,27.41141196
forward,net_lag_7d,2025-10-09,714.2499678,531.6233121,25.5690114
forward,net_lag_7d,2025-10-10,2499.676566,670.8421172,73.16284329
forward,net_lag_7d,2025-10-11,1999.541639,585.8514903,70.70071067
forward,net_lag_7d,2025-10-12,780.5188657,460.4298886,41.00976814
forward,net_lag_7d,2025-10-13,709.8357746,428.7560081,39.59785862
forward,net_lag_7d,2025-10-14,879.7267629,549.234488,37.56760494
forward,net_lag_7d,2025-10-15,937.4120344,600.2467268,35.96767433
forward,net_lag_7d,2025-10-16,1052.853473,730.3686456,30.62960189
forward,net_lag_7d,2025-10-17,1956.265685,550.6338901,71.85280639
forward,net_lag_7d,2025-10-18,1901.105771,611.1527219,67.85277646
forward,net_lag_7d,2025-10-19,1140.819306,753.2127628,33.97615565
forward,net_lag_7d,2025-10-20,1146.481724,764.6599856,33.30377887
forward,net_lag_7d,2025-10-21,1297.931119,907.2320455,30.10168011
forward,net_lag_7d,2025-10-22,1214.788679,844.2547573,30.50192419
forward,net_lag_7d,2025-10-23,1011.05056,662.4723888,34.47682884
forward,net_lag_7d,2025-10-24,1842.466066,653.3591277,64.53887865
forward,net_lag_7d,2025-10-25,1747.601198,676.9221669,61.26563843
forward,net_lag_7d,2025-10-26,1057.480526,638.478114,39.62270716
forward,net_lag_7d,2025-10-27,1082.13766,719.75905,33.48729313
forward,net_lag_7d,2025-10-28,1169.820058,764.1505587,34.67794014
forward,net_lag_7d,2025-10-29,1456.901914,1040.632875,28.57220758
forward,net_lag_7d,2025-10-30,1020.385573,645.5956187,36.7302287
forward,net_lag_7d,2025-10-31,1641.789931,880.02925,46.39818204
forward,net_lag_7d,2025-11-01,1648.321815,670.7542511,59.30683894
forward,net_lag_7d,2025-11-02,1191.040774,690.3952345,42.03429054
forward,net_lag_7d,2025-11-03,1240.875833,777.4778859,37.34442518
forward,net_lag_7d,2025-11-04,981.5777714,532.717322,45.72846518
forward,net_lag_7d,2025-11-05,1116.727913,654.4416151,41.39650246
forward,net_lag_7d,2025-11-06,1293.702351,868.7820232,32.84529299
forward,net_lag_7d,2025-11-07,1817.151746,887.3815019,51.1663512
forward,net_lag_7d,2025-11-08,1665.846011,710.0851539,57.37390195
forward,net_lag_7d,2025-11-09,1268.685278,746.1634643,41.18608631
forward,net_lag_7d,2025-11-10,1460.650502,937.935639,35.78644324
forward,net_lag_7d,2025-11-11,1151.976,659.1449239,42.78136662
forward,net_lag_7d,2025-11-12,1092.357721,610.3880063,44.12196713
forward,net_lag_7d,2025-11-13,1210.374963,734.8483432,39.28754598
forward,net_lag_7d,2025-11-14,1639.649765,815.826444,50.24385931
forward,net_lag_7d,2025-11-15,1551.793719,768.9515335,50.44756761
forward,net_lag_7d,2025-11-16,1415.988864,878.1616634,37.98244563
forward,net_lag_7d,2025-11-17,1196.709719,657.4939276,45.05819438
forward,net_lag_7d,2025-11-18,1387.156285,872.6474435,37.09090657
forward,net_lag_7d,2025-11-19,1313.982698,798.1477639,39.25736121
forward,net_lag_7d,2025-11-20,1272.157008,766.9982636,39.70883636
forward,net_lag_7d,2025-11-21,1628.600494,849.8036221,47.82000712
forward,net_lag_7d,2025-11-22,1514.180307,818.1320342,45.96865178
forward,net_lag_7d,2025-11-23,1363.179743,817.3721294,40.03929902
forward,net_lag_7d,2025-11-24,1137.061217,606.0307925,46.70200834
forward,net_lag_7d,2025-11-25,1319.525658,765.4286822,41.9921335
forward,net_lag_7d,2025-11-26,1387.517283,838.9536173,39.53562757
forward,net_lag_7d,2025-11-27,1247.253741,720.7951693,42.20942016
forward,net_lag_7d,2025-11-28,1575.662486,852.4580835,45.89843378
forward,net_lag_7d,2025-11-29,1516.121172,1041.534199,31.30270731
forward,net_lag_7d,2025-11-30,1700.964487,1122.201528,34.0255757
forward,net_lag_7d,2025-12-01,994.5601455,679.2864806,31.69980884
forward,net_lag_7d,2025-12-02,1121.97655,761.3058551,32.14601009
forward,net_lag_7d,2025-12-03,1024.588845,678.4715525,33.78109125
forward,net_lag_7d,2025-12-04,947.3738652,617.2045027,34.85101021
forward,net_lag_7d,2025-12-05,1741.679983,622.6627188,64.24930384
forward,net_lag_7d,2025-12-06,1623.292165,715.9433136,55.89559728
forward,net_lag_7d,2025-12-07,1008.913321,569.2360509,43.5792908
forward,net_lag_7d,2025-12-08,1036.57771,537.9303349,48.10516088
forward,net_lag_7d,2025-12-09,961.9543068,466.4300898,51.5122406
forward,net_lag_7d,2025-12-10,1035.909348,554.7494974,46.44806531
forward,net_lag_7d,2025-12-11,852.2982186,420.0740089,50.71279046
forward,net_lag_7d,2025-12-12,1708.469096,881.076545,48.42888602
forward,net_lag_7d,2025-12-13,1634.693086,880.5993023,46.13060337
forward,net_lag_7d,2025-12-14,1052.12059,529.3980262,49.68276152
forward,net_lag_7d,2025-12-15,1112.284708,597.0853077,46.31902213
forward,net_lag_7d,2025-12-16,1055.726849,551.259463,47.78389284
forward,net_lag_7d,2025-12-17,909.9966302,422.1191462,53.61310886
forward,net_lag_7d,2025-12-18,899.1409276,471.0541478,47.6106433
forward,net_lag_7d,2025-12-19,1729.998097,860.1403504,50.2808499
forward,net_lag_7d,2025-12-20,1684.155709,810.1813136,51.89391877
forward,net_lag_7d,2025-12-21,1054.013117,543.6336199,48.42249957
forward,net_lag_7d,2025-12-22,925.1709937,405.3255741,56.1891178
forward,net_lag_7d,2025-12-23,827.4425286,351.2517388,57.54971172
forward,net_lag_7d,2025-12-24,869.3114046,411.586485,52.65373458
forward,net_lag_7d,2025-12-25,865.455872,422.5439207,51.17672265
forward,net_lag_7d,2025-12-26,1766.396211,807.8662991,54.26471738
forward,net_lag_7d,2025-12-27,1693.615668,748.9898009,55.77569249
forward,net_lag_7d,2025-12-28,832.5768207,378.9499944,54.48468118
forward,net_lag_7d,2025-12-29,831.4328082,373.1649202,55.11784999
forward,net_lag_7d,2025-12-30,767.5322804,359.2012823,53.20049834
forward,net_lag_7d,2025-12-31,884.0953208,424.2923101,52.00830723
forward,weekday7,2025-02-01,687.7525584,645.6819985,6.117106993
forward,weekday7,2025-02-02,683.6649615,741.1286152,-8.405236023
forward,weekday7,2025-02-03,527.8666864,532.461444,-0.8704390323
forward,weekday7,2025-02-04,402.478811,402.523538,-0.01111289112
forward,weekday7,2025-02-05,435.4417466,454.5784838,-4.394786975
forward,weekday7,2025-02-06,438.0337363,470.4070678,-7.390602311
forward,weekday7,2025-02-07,930.4229251,924.5176632,0.6346857645
forward,weekday7,2025-02-08,737.9889778,699.3743221,5.232416324
forward,weekday7,2025-02-09,468.0700223,475.0846927,-1.49863697
forward,weekday7,2025-02-10,855.2375297,867.2499636,-1.404572831
forward,weekday7,2025-02-11,679.061042,703.2310667,-3.559330201
forward,weekday7,2025-02-12,663.6793684,713.0075708,-7.432535157
forward,weekday7,2025-02-13,1024.471091,1107.174594,-8.072800063
forward,weekday7,2025-02-14,812.038191,808.3050948,0.4597192984
forward,weekday7,2025-02-15,759.4785522,733.9897799,3.356088487
forward,weekday7,2025-02-16,602.8176438,624.6686399,-3.624810323
forward,weekday7,2025-02-17,836.0562832,848.4731585,-1.485172181
forward,weekday7,2025-02-18,702.6539841,732.1261608,-4.194408265
forward,weekday7,2025-02-19,681.7673063,723.2068158,-6.078248271
forward,weekday7,2025-02-20,721.9695611,756.2502029,-4.74821151
forward,weekday7,2025-02-21,1001.663869,982.266253,1.936539409
forward,weekday7,2025-02-22,713.0645515,675.1718142,5.314068302
forward,weekday7,2025-02-23,688.5724873,730.6984459,-6.117868408
forward,weekday7,2025-02-24,829.283823,833.3548076,-0.4909036511
forward,weekday7,2025-02-25,1049.344794,1099.294604,-4.760095097
forward,weekday7,2025-02-26,748.9307232,805.4489102,-7.54651735
forward,weekday7,2025-02-27,864.2627524,903.5591307,-4.546809203
forward,weekday7,2025-02-28,1042.888298,1008.70447,3.277803385
forward,weekday7,2025-03-01,642.1825946,640.0095481,0.3383845172
forward,weekday7,2025-03-02,669.8950321,655.8679584,2.093921129
forward,weekday7,2025-03-03,458.0388974,449.5934834,1.843820266
forward,weekday7,2025-03-04,437.8470785,433.1215327,1.07926854
forward,weekday7,2025-03-05,566.5993301,583.217479,-2.932963039
forward,weekday7,2025-03-06,549.7013481,553.9176926,-0.7670245834
forward,weekday7,2025-03-07,839.9919384,784.4951827,6.60682004
forward,weekday7,2025-03-08,830.7611327,843.3220154,-1.511972838
forward,weekday7,2025-03-09,747.6522418,830.5015986,-11.08126909
forward,weekday7,2025-03-10,536.1282616,544.3923487,-1.541438446
forward,weekday7,2025-03-11,628.5688194,641.30493,-2.026207816
forward,weekday7,2025-03-12,691.1035656,712.4725371,-3.092007119
forward,weekday7,2025-03-13,624.6317217,631.4517873,-1.09185386
forward,weekday7,2025-03-14,1043.212175,973.1985247,6.71135286
forward,weekday7,2025-03-15,688.4686561,665.0432632,3.402535855
forward,weekday7,2025-03-16,618.0703083,656.6965135,-6.249484033
forward,weekday7,2025-03-17,1005.512086,1073.934698,-6.804752803
forward,weekday7,2025-03-18,611.5046584,623.2255408,-1.916728241
forward,weekday7,2025-03-19,704.3181529,719.8853785,-2.21025478
forward,weekday7,2025-03-20,555.0454894,565.1659932,-1.823364749
forward,weekday7,2025-03-21,1229.443398,1136.188617,7.585121929
forward,weekday7,2025-03-22,841.7990804,835.599336,0.7364874284
forward,weekday7,2025-03-23,809.3125833,862.0851766,-6.520668823
forward,weekday7,2025-03-24,710.3276201,744.1699213,-4.764322872
forward,weekday7,2025-03-25,611.383267,619.5393783,-1.334042274
forward,weekday7,2025-03-26,888.7940445,904.650812,-1.784076702
forward,weekday7,2025-03-27,670.8690827,694.8619789,-3.576390219
forward,weekday7,2025-03-28,1071.335628,964.8832069,9.936421267
forward,weekday7,2025-03-29,1431.536897,1482.462629,-3.557416621
forward,weekday7,2025-03-30,816.284671,871.3497882,-6.74582277
forward,weekday7,2025-03-31,719.3489648,738.5899429,-2.674776644
forward,weekday7,2025-04-01,564.7372755,572.8448614,-1.435638538
forward,weekday7,2025-04-02,577.9524271,591.4823321,-2.34100669
forward,weekday7,2025-04-03,593.1125697,625.51987,-5.463937536
forward,weekday7,2025-04-04,974.4032027,910.0844054,6.600840091
forward,weekday7,2025-04-05,534.7881709,553.8986311,-3.573463515
forward,weekday7,2025-04-06,567.3167578,575.0482497,-1.36281748
forward,weekday7,2025-04-07,743.1362021,746.9993285,-0.5198409684
forward,weekday7,2025-04-08,646.2864287,702.050198,-8.628336724
forward,weekday7,2025-04-09,421.7977162,424.8393026,-0.7211007144
forward,weekday7,2025-04-10,616.9684677,625.0110333,-1.303561846
forward,weekday7,2025-04-11,885.8892942,788.2299381,11.02387812
forward,weekday7,2025-04-12,750.9380061,710.1224324,5.435278737
forward,weekday7,2025-04-13,509.9210744,507.3824433,0.4978478347
forward,weekday7,2025-04-14,606.8055527,621.2319939,-2.37744055
forward,weekday7,2025-04-15,810.0718844,868.4737388,-7.20946566
forward,weekday7,2025-04-16,475.3700544,482.7378331,-1.549903837
forward,weekday7,2025-04-17,523.9194099,532.3316287,-1.605632213
forward,weekday7,2025-04-18,664.4645761,592.5303155,10.82589851
forward,weekday7,2025-04-19,658.7905419,654.0471588,0.7200138555
forward,weekday7,2025-04-20,566.2245272,569.5826857,-0.5930789599
forward,weekday7,2025-04-21,840.9073615,862.6515895,-2.585805405
forward,weekday7,2025-04-22,556.5033909,574.9499832,-3.314731325
forward,weekday7,2025-04-23,627.6830377,655.6609544,-4.457331973
forward,weekday7,2025-04-24,869.6572112,911.9580438,-4.864081164
forward,weekday7,2025-04-25,961.4929244,849.5156812,11.64618484
forward,weekday7,2025-04-26,1259.684863,1276.283317,-1.317667209
forward,weekday7,2025-04-27,709.9063929,725.0349267,-2.131060383
forward,weekday7,2025-04-28,649.9481096,642.537516,1.140182351
forward,weekday7,2025-04-29,769.7208373,793.8406163,-3.133574912
forward,weekday7,2025-04-30,787.6941666,818.4686333,-3.906905487
forward,weekday7,2025-05-01,605.9491768,592.5811008,2.206138167
forward,weekday7,2025-05-02,702.1511574,810.4550138,-15.4245785
forward,weekday7,2025-05-03,555.4013961,534.6514196,3.736032487
forward,weekday7,2025-05-04,645.236779,662.1302223,-2.618177372
forward,weekday7,2025-05-05,489.1814328,497.2832176,-1.65619222
forward,weekday7,2025-05-06,543.1046838,554.4296862,-2.08523379
forward,weekday7,2025-05-07,414.0531714,428.8372591,-3.570577079
forward,weekday7,2025-05-08,564.1663558,592.5210714,-5.025949403
forward,weekday7,2025-05-09,786.936353,543.8296656,30.89280174
forward,weekday7,2025-05-10,640.9198451,575.2766656,10.24202637
forward,weekday7,2025-05-11,523.2402671,536.8877749,-2.608267871
forward,weekday7,2025-05-12,693.2913163,703.0192163,-1.403147533
forward,weekday7,2025-05-13,408.3174257,423.7346394,-3.775791261
forward,weekday7,2025-05-14,430.9639285,426.4274386,1.052637953
forward,weekday7,2025-05-15,426.4692556,421.087414,1.261953008
forward,weekday7,2025-05-16,918.4127889,801.5449707,12.72497722
forward,weekday7,2025-05-17,851.5902782,722.9667017,15.1039273
forward,weekday7,2025-05-18,580.0678369,585.9318436,-1.0109174
forward,weekday7,2025-05-19,645.4926764,654.1652874,-1.343564589
forward,weekday7,2025-05-20,593.1343468,599.6632599,-1.100747778
forward,weekday7,2025-05-21,579.3310853,588.1891312,-1.529012699
forward,weekday7,2025-05-22,400.1836399,403.9950497,-0.9524151842
forward,weekday7,2025-05-23,549.4975608,525.1012937,4.439740746
forward,weekday7,2025-05-24,868.979804,755.5255245,13.0560318
forward,weekday7,2025-05-25,522.2720907,532.2505848,-1.910593028
forward,weekday7,2025-05-26,611.5956989,608.6728933,0.4778983168
forward,weekday7,2025-05-27,529.9220905,540.3943442,-1.976187433
forward,weekday7,2025-05-28,626.7050098,610.5142119,2.583479892
forward,weekday7,2025-05-29,482.018067,485.7470423,-0.7736173306
forward,weekday7,2025-05-30,599.5753074,532.7119243,11.15179067
forward,weekday7,2025-05-31,531.5606394,474.5166013,10.73142627
forward,weekday7,2025-06-01,1752.487269,1741.788565,0.6104868525
forward,weekday7,2025-06-02,1365.035999,1376.979317,-0.8749452333
forward,weekday7,2025-06-03,1095.986069,1120.892065,-2.27247379
forward,weekday7,2025-06-04,1195.445658,1253.022448,-4.816345263
forward,weekday7,2025-06-05,1203.289144,1265.617522,-5.179833801
forward,weekday7,2025-06-06,1499.993799,1714.552309,-14.3039598
forward,weekday7,2025-06-07,1260.009482,1487.775115,-18.07650157
forward,weekday7,2025-06-08,859.9637175,866.0460412,-0.7072767835
forward,weekday7,2025-06-09,1075.427964,1080.757632,-0.4955857749
forward,weekday7,2025-06-10,1099.72745,1140.876149,-3.741717875
forward,weekday7,2025-06-11,1477.326155,1517.683269,-2.731767347
forward,weekday7,2025-06-12,1078.525887,1131.131313,-4.877530182
forward,weekday7,2025-06-13,1275.952964,1052.808582,17.48844888
forward,weekday7,2025-06-14,1451.545099,1177.99945,18.84513609
forward,weekday7,2025-06-15,978.8681445,991.1066041,-1.25026641
forward,weekday7,2025-06-16,943.9300999,962.6434367,-1.9824918
forward,weekday7,2025-06-17,1190.912625,1226.301219,-2.97155253
forward,weekday7,2025-06-18,729.6239554,737.1393924,-1.030042519
forward,weekday7,2025-06-19,638.4440115,648.0506025,-1.504688095
forward,weekday7,2025-06-20,1354.423409,1020.599987,24.64690281
forward,weekday7,2025-06-21,1362.496879,1016.860963,25.36783174
forward,weekday7,2025-06-22,721.90868,715.8849924,0.8344112964
forward,weekday7,2025-06-23,622.5064456,615.4754851,1.129459868
forward,weekday7,2025-06-24,1138.86471,1125.295748,1.191446361
forward,weekday7,2025-06-25,767.3911846,757.6946613,1.263569806
forward,weekday7,2025-06-26,626.5419148,638.459939,-1.902191035
forward,weekday7,2025-06-27,1065.675837,783.3617131,26.49155723
forward,weekday7,2025-06-28,912.0136305,736.2818223,19.26855063
forward,weekday7,2025-06-29,700.0963593,703.5690019,-0.4960235184
forward,weekday7,2025-06-30,685.6843897,687.2853334,-0.2334811412
forward,weekday7,2025-07-01,770.3661751,761.8391716,1.106876677
forward,weekday7,2025-07-02,906.913079,943.2568693,-4.007417162
forward,weekday7,2025-07-03,772.9118133,780.4890853,-0.9803540143
forward,weekday7,2025-07-04,1128.821806,1049.4273,7.033395791
forward,weekday7,2025-07-05,1073.426372,967.8852335,9.832173072
forward,weekday7,2025-07-06,787.3543676,826.7937572,-5.009102794
forward,weekday7,2025-07-07,775.0104961,795.7895439,-2.681131145
forward,weekday7,2025-07-08,947.9797188,967.614346,-2.071207523
forward,weekday7,2025-07-09,696.7873614,710.8227193,-2.014295697
forward,weekday7,2025-07-10,790.602641,802.5257743,-1.508106938
forward,weekday7,2025-07-11,1077.089046,838.1188764,22.18666791
forward,weekday7,2025-07-12,1038.669595,797.5907114,23.21035344
forward,weekday7,2025-07-13,1043.275031,1085.158124,-4.014578236
forward,weekday7,2025-07-14,721.5364325,733.6712696,-1.681805185
forward,weekday7,2025-07-15,699.165301,733.2280967,-4.871923078
forward,weekday7,2025-07-16,754.0593782,762.2458826,-1.085657795
forward,weekday7,2025-07-17,701.629519,696.8954746,0.6747213815
forward,weekday7,2025-07-18,1091.296306,774.8516378,28.99713549
forward,weekday7,2025-07-19,1269.405987,950.5005547,25.1224144
forward,weekday7,2025-07-20,562.6113258,575.587813,-2.306474579
forward,weekday7,2025-07-21,554.9974741,560.0176276,-0.9045362789
forward,weekday7,2025-07-22,572.5156444,584.5015352,-2.093548165
forward,weekday7,2025-07-23,577.5096716,580.6073317,-0.5363823669
forward,weekday7,2025-07-24,598.8472557,608.5446858,-1.619349502
forward,weekday7,2025-07-25,1175.497346,876.5312004,25.43316209
forward,weekday7,2025-07-26,881.0996005,690.5173602,21.63004503
forward,weekday7,2025-07-27,560.7487805,578.1453011,-3.102373327
forward,weekday7,2025-07-28,550.2425811,550.8273138,-0.1062681817
forward,weekday7,2025-07-29,526.6079103,510.8065222,3.000598325
forward,weekday7,2025-07-30,563.4734519,563.2496955,0.0397102051
forward,weekday7,2025-07-31,415.0792741,404.935393,2.443841865
forward,weekday7,2025-08-01,989.0989311,929.1751642,6.058419941
forward,weekday7,2025-08-02,984.2815711,892.7623615,9.298072044
forward,weekday7,2025-08-03,1133.055315,1125.268827,0.6872116232
forward,weekday7,2025-08-04,738.9891735,760.8191964,-2.954038266
forward,weekday7,2025-08-05,741.8927958,798.4898637,-7.628739383
forward,weekday7,2025-08-06,641.5707512,650.5365033,-1.397468971
forward,weekday7,2025-08-07,892.0181131,952.2689462,-6.754440537
forward,weekday7,2025-08-08,1280.488515,1253.712339,2.091090679
forward,weekday7,2025-08-09,838.9394898,819.0365142,2.372397039
forward,weekday7,2025-08-10,654.4901894,654.2878638,0.030913455
forward,weekday7,2025-08-11,740.6546371,753.6151046,-1.749866518
forward,weekday7,2025-08-12,500.7782285,510.1990195,-1.881230143
forward,weekday7,2025-08-13,560.121212,578.9057446,-3.353654925
forward,weekday7,2025-08-14,663.1440137,683.1158685,-3.011691937
forward,weekday7,2025-08-15,886.2748453,850.0628004,4.085870785
forward,weekday7,2025-08-16,887.7239803,855.3530326,3.64651045
forward,weekday7,2025-08-17,786.0877914,771.7112985,1.828866081
forward,weekday7,2025-08-18,710.9449985,719.8467508,-1.252101405
forward,weekday7,2025-08-19,564.5628797,603.3055454,-6.862418195
forward,weekday7,2025-08-20,544.0836533,533.467781,1.951147063
forward,weekday7,2025-08-21,515.920823,529.207322,-2.575298076
forward,weekday7,2025-08-22,623.5418859,608.419074,2.425308104
forward,weekday7,2025-08-23,525.4280052,490.3294223,6.67999849
forward,weekday7,2025-08-24,798.0630413,781.8270391,2.034426033
forward,weekday7,2025-08-25,507.5160592,505.6757015,0.3626205778
forward,weekday7,2025-08-26,543.2726747,567.1062701,-4.387041063
forward,weekday7,2025-08-27,524.9447384,525.1442348,-0.03800331685
forward,weekday7,2025-08-28,675.5795234,673.5276752,0.3037167492
forward,weekday7,2025-08-29,641.20586,572.910734,10.6510452
forward,weekday7,2025-08-30,901.8015944,812.1588739,9.940403858
forward,weekday7,2025-08-31,506.3775778,498.2180277,1.611356921
forward,weekday7,2025-09-01,963.5420398,988.1857398,-2.557615444
forward,weekday7,2025-09-02,899.756576,933.0934896,-3.705103635
forward,weekday7,2025-09-03,728.7819953,763.2349693,-4.727473268
forward,weekday7,2025-09-04,835.5851007,870.9486314,-4.232187799
forward,weekday7,2025-09-05,1273.342502,1125.751705,11.59081681
forward,weekday7,2025-09-06,1216.381428,1222.527768,-0.5052971213
forward,weekday7,2025-09-07,755.7294026,797.2978462,-5.500440162
forward,weekday7,2025-09-08,778.2858567,755.5831041,2.917019803
forward,weekday7,2025-09-09,762.2304256,766.3845402,-0.5449945948
forward,weekday7,2025-09-10,848.4299379,819.226986,3.441999229
forward,weekday7,2025-09-11,759.6196771,771.6730389,-1.586762717
forward,weekday7,2025-09-12,752.7611843,737.285082,2.055911299
forward,weekday7,2025-09-13,906.9251594,909.8678419,-0.3244680663
forward,weekday7,2025-09-14,713.1968549,714.1030709,-0.1270639372
forward,weekday7,2025-09-15,770.2826548,787.8047841,-2.274766173
forward,weekday7,2025-09-16,603.789939,596.4769015,1.211189021
forward,weekday7,2025-09-17,691.9884142,669.2020162,3.2928872
forward,weekday7,2025-09-18,635.9114045,628.3849986,1.183562026
forward,weekday7,2025-09-19,812.3521433,790.270839,2.718193647
forward,weekday7,2025-09-20,809.1339228,835.3169951,-3.235938025
forward,weekday7,2025-09-21,610.5568473,614.3751734,-0.6253842003
forward,weekday7,2025-09-22,594.0534948,581.7360914,2.073450215
forward,weekday7,2025-09-23,691.6854454,697.9131685,-0.9003692571
forward,weekday7,2025-09-24,661.8406957,646.9702187,2.246836298
forward,weekday7,2025-09-25,571.1305925,569.6793154,0.254105991
forward,weekday7,2025-09-26,903.8220754,865.3413614,4.257554119
forward,weekday7,2025-09-27,806.7850425,791.559689,1.887163588
forward,weekday7,2025-09-28,757.3783607,764.6094616,-0.9547540958
forward,weekday7,2025-09-29,638.7721485,640.3780875,-0.2514103092
forward,weekday7,2025-09-30,839.8597611,844.9418945,-0.605116905
forward,weekday7,2025-10-01,879.5113845,924.6144277,-5.128193224
forward,weekday7,2025-10-02,624.8353521,604.4375531,3.264507831
forward,weekday7,2025-10-03,968.8714336,784.3194375,19.04814093
forward,weekday7,2025-10-04,698.835044,565.7302405,19.04666983
forward,weekday7,2025-10-05,441.2007376,464.8944516,-5.37027978
forward,weekday7,2025-10-06,395.9132602,397.1983225,-0.3245817671
forward,weekday7,2025-10-07,444.4312781,455.3812208,-2.463810098
forward,weekday7,2025-10-08,518.5000842,517.484798,0.1958121479
forward,weekday7,2025-10-09,531.6233121,508.5970286,4.331315612
forward,weekday7,2025-10-10,670.8421172,646.9679408,3.55883684
forward,weekday7,2025-10-11,585.8514903,528.1007727,9.857569451
forward,weekday7,2025-10-12,460.4298886,441.7045426,4.06692667
forward,weekday7,2025-10-13,428.7560081,430.676487,-0.4479188232
forward,weekday7,2025-10-14,549.234488,538.5215686,1.950518344
forward,weekday7,2025-10-15,600.2467268,600.5218785,-0.04583977683
forward,weekday7,2025-10-16,730.3686456,761.278682,-4.232114367
forward,weekday7,2025-10-17,550.6338901,554.6118562,-0.7224339391
forward,weekday7,2025-10-18,611.1527219,544.4152965,10.91992607
forward,weekday7,2025-10-19,753.2127628,760.7320501,-0.9982952693
forward,weekday7,2025-10-20,764.6599856,774.7705658,-1.322232154
forward,weekday7,2025-10-21,907.2320455,897.0743829,1.119632251
forward,weekday7,2025-10-22,844.2547573,854.1123711,-1.16761129
forward,weekday7,2025-10-23,662.4723888,688.2398786,-3.889594532
forward,weekday7,2025-10-24,653.3591277,606.8907914,7.112219657
forward,weekday7,2025-10-25,676.9221669,630.3299517,6.882950141
forward,weekday7,2025-10-26,638.478114,638.168648,0.04846931032
forward,weekday7,2025-10-27,719.75905,727.5830741,-1.08703379
forward,weekday7,2025-10-28,764.1505587,757.5857533,0.8590984208
forward,weekday7,2025-10-29,1040.632875,1043.01479,-0.228890962
forward,weekday7,2025-10-30,645.5956187,662.0569298,-2.54978668
forward,weekday7,2025-10-31,880.02925,894.1316279,-1.60248967
forward,weekday7,2025-11-01,670.7542511,614.191132,8.432763414
forward,weekday7,2025-11-02,690.3952345,707.5981064,-2.491742567
forward,weekday7,2025-11-03,777.4778859,811.5691203,-4.384849401
forward,weekday7,2025-11-04,532.717322,515.359807,3.258297456
forward,weekday7,2025-11-05,654.4416151,657.0566033,-0.3995754771
forward,weekday7,2025-11-06,868.7820232,926.5349319,-6.647571802
forward,weekday7,2025-11-07,887.3815019,756.9390413,14.69970473
forward,weekday7,2025-11-08,710.0851539,606.6511284,14.56642558
forward,weekday7,2025-11-09,746.1634643,761.3804385,-2.039362003
forward,weekday7,2025-11-10,937.935639,960.3414514,-2.388843272
forward,weekday7,2025-11-11,659.1449239,663.3424171,-0.6368088501
forward,weekday7,2025-11-12,610.3880063,616.2079964,-0.9534902441
forward,weekday7,2025-11-13,734.8483432,771.0485759,-4.926218187
forward,weekday7,2025-11-14,815.826444,778.0139463,4.634870315
forward,weekday7,2025-11-15,768.9515335,723.9750501,5.849066097
forward,weekday7,2025-11-16,878.1616634,895.5493612,-1.980011034
forward,weekday7,2025-11-17,657.4939276,666.7376634,-1.405904363
forward,weekday7,2025-11-18,872.6474435,893.3450275,-2.371815123
forward,weekday7,2025-11-19,798.1477639,811.9870355,-1.733923495
forward,weekday7,2025-11-20,766.9982636,789.5559676,-2.941037173
forward,weekday7,2025-11-21,849.8036221,710.3416102,16.41108701
forward,weekday7,2025-11-22,818.1320342,707.8726754,13.47696388
forward,weekday7,2025-11-23,817.3721294,823.4983017,-0.7494961058
forward,weekday7,2025-11-24,606.0307925,608.0780751,-0.3378182632
forward,weekday7,2025-11-25,765.4286822,777.9859479,-1.640553319
forward,weekday7,2025-11-26,838.9536173,852.3973267,-1.602437736
forward,weekday7,2025-11-27,720.7951693,735.9534301,-2.102991457
forward,weekday7,2025-11-28,852.4580835,732.6389486,14.0557216
forward,weekday7,2025-11-29,1041.534199,999.5404857,4.031909192
forward,weekday7,2025-11-30,1122.201528,1135.665583,-1.199789392
forward,weekday7,2025-12-01,679.2864806,672.8756961,0.9437526902
forward,weekday7,2025-12-02,761.3058551,767.1218165,-0.7639454495
forward,weekday7,2025-12-03,678.4715525,665.1306296,1.966320159
forward,weekday7,2025-12-04,617.2045027,592.3312373,4.029987677
forward,weekday7,2025-12-05,622.6627188,552.4267491,11.27993817
forward,weekday7,2025-12-06,715.9433136,657.8394614,8.115705695
forward,weekday7,2025-12-07,569.2360509,562.6017354,1.165477042
forward,weekday7,2025-12-08,537.9303349,551.3390506,-2.492649104
forward,weekday7,2025-12-09,466.4300898,473.0955708,-1.429041813
forward,weekday7,2025-12-10,554.7494974,549.8545315,0.8823741147
forward,weekday7,2025-12-11,420.0740089,403.6817465,3.902231989
forward,weekday7,2025-12-12,881.076545,687.6327566,21.95538963
forward,weekday7,2025-12-13,880.5993023,669.3510126,23.98915025
forward,weekday7,2025-12-14,529.3980262,520.9022809,1.604793527
forward,weekday7,2025-12-15,597.0853077,609.4614623,-2.072761528
forward,weekday7,2025-12-16,551.259463,566.4693289,-2.759111981
forward,weekday7,2025-12-17,422.1191462,416.748238,1.272367827
forward,weekday7,2025-12-18,471.0541478,457.9244495,2.787301283
forward,weekday7,2025-12-19,860.1403504,599.075086,30.35147279
forward,weekday7,2025-12-20,810.1813136,576.6360314,28.8262983
forward,weekday7,2025-12-21,543.6336199,533.9070213,1.789182694
forward,weekday7,2025-12-22,405.3255741,407.7354245,-0.5945468386
forward,weekday7,2025-12-23,351.2517388,354.3148139,-0.8720455301
forward,weekday7,2025-12-24,411.586485,402.7442302,2.148334575
forward,weekday7,2025-12-25,422.5439207,414.5953813,1.881115546
forward,weekday7,2025-12-26,807.8662991,573.7748369,28.9765104
forward,weekday7,2025-12-27,748.9898009,547.5150276,26.89953496
forward,weekday7,2025-12-28,378.9499944,377.2536104,0.4476537877
forward,weekday7,2025-12-29,373.1649202,371.0116996,0.5770158168
forward,weekday7,2025-12-30,359.2012823,355.8838543,0.9235568507
forward,weekday7,2025-12-31,424.2923101,418.9621691,1.256242663
forward,load_mean_3d,2025-02-01,687.7525584,671.10837,2.420083813
forward,load_mean_3d,2025-02-02,683.6649615,746.1163554,-9.134795173
forward,load_mean_3d,2025-02-03,527.8666864,510.9093321,3.212431217
forward,load_mean_3d,2025-02-04,402.478811,392.4134222,2.500849374
forward,load_mean_3d,2025-02-05,435.4417466,474.20346,-8.901698953
forward,load_mean_3d,2025-02-06,438.0337363,460.1052337,-5.038766547
forward,load_mean_3d,2025-02-07,930.4229251,913.20378,1.85067936
forward,load_mean_3d,2025-02-08,737.9889778,708.0789877,4.052904721
forward,load_mean_3d,2025-02-09,468.0700223,468.1375524,-0.0144273508
forward,load_mean_3d,2025-02-10,855.2375297,861.0706732,-0.6820495323
forward,load_mean_3d,2025-02-11,679.061042,672.6148911,0.949274148
forward,load_mean_3d,2025-02-12,663.6793684,725.6634527,-9.339462286
forward,load_mean_3d,2025-02-13,1024.471091,1030.685363,-0.6065833937
forward,load_mean_3d,2025-02-14,812.038191,807.1386094,0.60336837
forward,load_mean_3d,2025-02-15,759.4785522,718.9597182,5.33508601
forward,load_mean_3d,2025-02-16,602.8176438,603.1620472,-0.05713228068
forward,load_mean_3d,2025-02-17,836.0562832,869.6687018,-4.020353567
forward,load_mean_3d,2025-02-18,702.6539841,697.3797529,0.7506157075
forward,load_mean_3d,2025-02-19,681.7673063,714.1098904,-4.743932976
forward,load_mean_3d,2025-02-20,721.9695611,736.1683189,-1.966669869
forward,load_mean_3d,2025-02-21,1001.663869,1003.492047,-0.1825141989
forward,load_mean_3d,2025-02-22,713.0645515,662.6946289,7.06386575
forward,load_mean_3d,2025-02-23,688.5724873,705.9516892,-2.523946604
forward,load_mean_3d,2025-02-24,829.283823,861.5619358,-3.89228777
forward,load_mean_3d,2025-02-25,1049.344794,1038.920592,0.9934010585
forward,load_mean_3d,2025-02-26,748.9307232,783.0458732,-4.555180998
forward,load_mean_3d,2025-02-27,864.2627524,846.309047,2.077343414
forward,load_mean_3d,2025-02-28,1042.888298,1037.793584,0.4885195914
forward,load_mean_3d,2025-03-01,642.1825946,657.2837619,-2.35153793
forward,load_mean_3d,2025-03-02,669.8950321,653.4855855,2.449554894
forward,load_mean_3d,2025-03-03,458.0388974,419.3055787,8.456338298
forward,load_mean_3d,2025-03-04,437.8470785,447.2976584,-2.158420236
forward,load_mean_3d,2025-03-05,566.5993301,557.1563842,1.66660025
forward,load_mean_3d,2025-03-06,549.7013481,528.0172545,3.944704459
forward,load_mean_3d,2025-03-07,839.9919384,809.9029686,3.582054594
forward,load_mean_3d,2025-03-08,830.7611327,870.8124076,-4.821033792
forward,load_mean_3d,2025-03-09,747.6522418,899.550291,-20.3166714
forward,load_mean_3d,2025-03-10,536.1282616,540.9822548,-0.9053790928
forward,load_mean_3d,2025-03-11,628.5688194,637.4378326,-1.410985227
forward,load_mean_3d,2025-03-12,691.1035656,651.5516496,5.723008526
forward,load_mean_3d,2025-03-13,624.6317217,678.4137021,-8.610190373
forward,load_mean_3d,2025-03-14,1043.212175,1030.441205,1.224196747
forward,load_mean_3d,2025-03-15,688.4686561,674.2652664,2.063040859
forward,load_mean_3d,2025-03-16,618.0703083,723.631654,-17.07918085
forward,load_mean_3d,2025-03-17,1005.512086,1127.925343,-12.17422033
forward,load_mean_3d,2025-03-18,611.5046584,617.7241301,-1.017076755
forward,load_mean_3d,2025-03-19,704.3181529,684.9809932,2.745514881
forward,load_mean_3d,2025-03-20,555.0454894,532.3344853,4.091737444
forward,load_mean_3d,2025-03-21,1229.443398,1203.48746,2.111194191
forward,load_mean_3d,2025-03-22,841.7990804,845.8387988,-0.4798910388
forward,load_mean_3d,2025-03-23,809.3125833,908.2077231,-12.21964688
forward,load_mean_3d,2025-03-24,710.3276201,782.3093035,-10.13358926
forward,load_mean_3d,2025-03-25,611.383267,617.855242,-1.058579023
forward,load_mean_3d,2025-03-26,888.7940445,868.3826368,2.296528408
forward,load_mean_3d,2025-03-27,670.8690827,648.2410112,3.372948926
forward,load_mean_3d,2025-03-28,1071.335628,1033.102614,3.568724197
forward,load_mean_3d,2025-03-29,1431.536897,1461.950177,-2.124519459
forward,load_mean_3d,2025-03-30,816.284671,924.3854515,-13.24302469
forward,load_mean_3d,2025-03-31,719.3489648,754.2917522,-4.857557195
forward,load_mean_3d,2025-04-01,564.7372755,571.5229269,-1.201558975
forward,load_mean_3d,2025-04-02,577.9524271,607.8152029,-5.16699548
forward,load_mean_3d,2025-04-03,593.1125697,600.2808238,-1.208582393
forward,load_mean_3d,2025-04-04,974.4032027,941.4857833,3.378213382
forward,load_mean_3d,2025-04-05,534.7881709,554.15183,-3.620809163
forward,load_mean_3d,2025-04-06,567.3167578,601.4539636,-6.01730961
forward,load_mean_3d,2025-04-07,743.1362021,748.8276751,-0.7658721318
forward,load_mean_3d,2025-04-08,646.2864287,671.0500307,-3.831676
forward,load_mean_3d,2025-04-09,421.7977162,438.8918352,-4.052681727
forward,load_mean_3d,2025-04-10,616.9684677,633.7549484,-2.720800423
forward,load_mean_3d,2025-04-11,885.8892942,823.408532,7.052886026
forward,load_mean_3d,2025-04-12,750.9380061,739.5880474,1.511437521
forward,load_mean_3d,2025-04-13,509.9210744,524.9274003,-2.942872268
forward,load_mean_3d,2025-04-14,606.8055527,599.5011251,1.203750945
forward,load_mean_3d,2025-04-15,810.0718844,820.9935654,-1.348236019
forward,load_mean_3d,2025-04-16,475.3700544,507.992277,-6.862490015
forward,load_mean_3d,2025-04-17,523.9194099,550.3163552,-5.038359869
forward,load_mean_3d,2025-04-18,664.4645761,617.0962372,7.128798228
forward,load_mean_3d,2025-04-19,658.7905419,675.6676418,-2.56183093
forward,load_mean_3d,2025-04-20,566.2245272,561.1853277,0.8899648773
forward,load_mean_3d,2025-04-21,840.9073615,854.8808629,-1.661717096
forward,load_mean_3d,2025-04-22,556.5033909,571.1392451,-2.629966752
forward,load_mean_3d,2025-04-23,627.6830377,678.0665117,-8.026897484
forward,load_mean_3d,2025-04-24,869.6572112,896.7740904,-3.118111239
forward,load_mean_3d,2025-04-25,961.4929244,886.1632663,7.834655486
forward,load_mean_3d,2025-04-26,1259.684863,1290.346539,-2.434075155
forward,load_mean_3d,2025-04-27,709.9063929,720.0447555,-1.428126691
forward,load_mean_3d,2025-04-28,649.9481096,650.5380231,-0.09076316047
forward,load_mean_3d,2025-04-29,769.7208373,761.6943271,1.04278198
forward,load_mean_3d,2025-04-30,787.6941666,794.2419727,-0.8312624832
forward,load_mean_3d,2025-05-01,605.9491768,648.3329525,-6.994609012
forward,load_mean_3d,2025-05-02,702.1511574,778.3715089,-10.85526253
forward,load_mean_3d,2025-05-03,555.4013961,541.2116772,2.554858354
forward,load_mean_3d,2025-05-04,645.236779,667.9578231,-3.521349805
forward,load_mean_3d,2025-05-05,489.1814328,495.6162361,-1.315422646
forward,load_mean_3d,2025-05-06,543.1046838,565.8875362,-4.194928355
forward,load_mean_3d,2025-05-07,414.0531714,447.2082481,-8.007444193
forward,load_mean_3d,2025-05-08,564.1663558,569.0418574,-0.8641957418
forward,load_mean_3d,2025-05-09,786.936353,656.2735172,16.6039903
forward,load_mean_3d,2025-05-10,640.9198451,603.8607858,5.782167553
forward,load_mean_3d,2025-05-11,523.2402671,543.5852381,-3.888265531
forward,load_mean_3d,2025-05-12,693.2913163,690.3947892,0.4177936499
forward,load_mean_3d,2025-05-13,408.3174257,424.0621775,-3.856007808
forward,load_mean_3d,2025-05-14,430.9639285,448.027917,-3.959493442
forward,load_mean_3d,2025-05-15,426.4692556,431.4867269,-1.176514189
forward,load_mean_3d,2025-05-16,918.4127889,851.4534073,7.290771903
forward,load_mean_3d,2025-05-17,851.5902782,785.6639681,7.741552697
forward,load_mean_3d,2025-05-18,580.0678369,584.1168852,-0.6980301288
forward,load_mean_3d,2025-05-19,645.4926764,658.7100081,-2.047634641
forward,load_mean_3d,2025-05-20,593.1343468,602.1985013,-1.528179002
forward,load_mean_3d,2025-05-21,579.3310853,585.5365555,-1.071144003
forward,load_mean_3d,2025-05-22,400.1836399,401.8419032,-0.4143755838
forward,load_mean_3d,2025-05-23,549.4975608,533.4671893,2.917278013
forward,load_mean_3d,2025-05-24,868.979804,818.7996615,5.774603995
forward,load_mean_3d,2025-05-25,522.2720907,524.3978675,-0.4070247836
forward,load_mean_3d,2025-05-26,611.5956989,622.5295786,-1.787762688
forward,load_mean_3d,2025-05-27,529.9220905,533.4721808,-0.6699268408
forward,load_mean_3d,2025-05-28,626.7050098,638.7314617,-1.918997238
forward,load_mean_3d,2025-05-29,482.018067,475.7191798,1.306774094
forward,load_mean_3d,2025-05-30,599.5753074,556.3816973,7.204034194
forward,load_mean_3d,2025-05-31,531.5606394,500.7241993,5.801114252
forward,load_mean_3d,2025-06-01,1752.487269,1736.613208,0.9058017893
forward,load_mean_3d,2025-06-02,1365.035999,1308.633757,4.131923463
forward,load_mean_3d,2025-06-03,1095.986069,1187.98656,-8.394312111
forward,load_mean_3d,2025-06-04,1195.445658,1399.909093,-17.1035324
forward,load_mean_3d,2025-06-05,1203.289144,1232.591363,-2.435176834
forward,load_mean_3d,2025-06-06,1499.993799,1606.642471,-7.109940801
forward,load_mean_3d,2025-06-07,1260.009482,1414.481426,-12.25958589
forward,load_mean_3d,2025-06-08,859.9637175,899.7000512,-4.620698869
forward,load_mean_3d,2025-06-09,1075.427964,1098.023605,-2.101083582
forward,load_mean_3d,2025-06-10,1099.72745,1178.376213,-7.151659528
forward,load_mean_3d,2025-06-11,1477.326155,1479.559789,-0.1511944007
forward,load_mean_3d,2025-06-12,1078.525887,980.0749883,9.128283355
forward,load_mean_3d,2025-06-13,1275.952964,1202.844822,5.729689422
forward,load_mean_3d,2025-06-14,1451.545099,1321.229938,8.977686031
forward,load_mean_3d,2025-06-15,978.8681445,1067.957313,-9.101242998
forward,load_mean_3d,2025-06-16,943.9300999,1022.256699,-8.297923697
forward,load_mean_3d,2025-06-17,1190.912625,1250.850087,-5.032901754
forward,load_mean_3d,2025-06-18,729.6239554,696.7106705,4.510992916
forward,load_mean_3d,2025-06-19,638.4440115,604.4817864,5.319530676
forward,load_mean_3d,2025-06-20,1354.423409,1193.05764,11.91398258
forward,load_mean_3d,2025-06-21,1362.496879,1178.3814,13.51309359
forward,load_mean_3d,2025-06-22,721.90868,754.1600638,-4.467515725
forward,load_mean_3d,2025-06-23,622.5064456,628.0307658,-0.8874317989
forward,load_mean_3d,2025-06-24,1138.86471,1157.45151,-1.632046284
forward,load_mean_3d,2025-06-25,767.3911846,737.9882465,3.831544938
forward,load_mean_3d,2025-06-26,626.5419148,610.2177249,2.605442596
forward,load_mean_3d,2025-06-27,1065.675837,916.9768685,13.95348977
forward,load_mean_3d,2025-06-28,912.0136305,823.6377167,9.690196599
forward,load_mean_3d,2025-06-29,700.0963593,736.1752033,-5.153411173
forward,load_mean_3d,2025-06-30,685.6843897,723.5705606,-5.525307487
forward,load_mean_3d,2025-07-01,770.3661751,769.2961928,0.1388926913
forward,load_mean_3d,2025-07-02,906.913079,952.2477971,-4.998794176
forward,load_mean_3d,2025-07-03,772.9118133,764.5391646,1.083260542
forward,load_mean_3d,2025-07-04,1128.821806,1121.95447,0.6083631772
forward,load_mean_3d,2025-07-05,1073.426372,996.4032027,7.175449709
forward,load_mean_3d,2025-07-06,787.3543676,799.0139705,-1.480858344
forward,load_mean_3d,2025-07-07,775.0104961,789.4486388,-1.862960924
forward,load_mean_3d,2025-07-08,947.9797188,924.0033738,2.529204424
forward,load_mean_3d,2025-07-09,696.7873614,666.6155333,4.330134246
forward,load_mean_3d,2025-07-10,790.602641,699.4015255,11.53564519
forward,load_mean_3d,2025-07-11,1077.089046,877.4268592,18.53720336
forward,load_mean_3d,2025-07-12,1038.669595,888.2167213,14.48515243
forward,load_mean_3d,2025-07-13,1043.275031,1111.936566,-6.581345542
forward,load_mean_3d,2025-07-14,721.5364325,751.2229041,-4.114341319
forward,load_mean_3d,2025-07-15,699.165301,710.2946366,-1.591803193
forward,load_mean_3d,2025-07-16,754.0593782,697.3684179,7.518102946
forward,load_mean_3d,2025-07-17,701.629519,615.235909,12.31328038
forward,load_mean_3d,2025-07-18,1091.296306,815.9417714,25.23187638
forward,load_mean_3d,2025-07-19,1269.405987,1089.399465,14.18037444
forward,load_mean_3d,2025-07-20,562.6113258,593.2561296,-5.446887126
forward,load_mean_3d,2025-07-21,554.9974741,586.178003,-5.618138887
forward,load_mean_3d,2025-07-22,572.5156444,567.4973886,0.8765272798
forward,load_mean_3d,2025-07-23,577.5096716,527.2391169,8.704712183
forward,load_mean_3d,2025-07-24,598.8472557,566.3470667,5.427124985
forward,load_mean_3d,2025-07-25,1175.497346,890.0675854,24.28161674
forward,load_mean_3d,2025-07-26,881.0996005,778.3021001,11.66695574
forward,load_mean_3d,2025-07-27,560.7487805,596.9378449,-6.45370363
forward,load_mean_3d,2025-07-28,550.2425811,545.8668121,0.7952436157
forward,load_mean_3d,2025-07-29,526.6079103,516.7822169,1.865846141
forward,load_mean_3d,2025-07-30,563.4734519,532.0958065,5.56861114
forward,load_mean_3d,2025-07-31,415.0792741,400.422773,3.5310125
forward,load_mean_3d,2025-08-01,989.0989311,941.853138,4.776649904
forward,load_mean_3d,2025-08-02,984.2815711,969.9464376,1.456405753
forward,load_mean_3d,2025-08-03,1133.055315,1192.619454,-5.256948896
forward,load_mean_3d,2025-08-04,738.9891735,719.3048234,2.66368585
forward,load_mean_3d,2025-08-05,741.8927958,760.6313922,-2.525782234
forward,load_mean_3d,2025-08-06,641.5707512,667.0193089,-3.966601925
forward,load_mean_3d,2025-08-07,892.0181131,944.2046347,-5.850388107
forward,load_mean_3d,2025-08-08,1280.488515,1262.406504,1.412118185
forward,load_mean_3d,2025-08-09,838.9394898,830.6459425,0.9885751458
forward,load_mean_3d,2025-08-10,654.4901894,669.9409599,-2.360733708
forward,load_mean_3d,2025-08-11,740.6546371,729.7840981,1.467693371
forward,load_mean_3d,2025-08-12,500.7782285,505.8350564,-1.009793889
forward,load_mean_3d,2025-08-13,560.121212,598.0577504,-6.772915851
forward,load_mean_3d,2025-08-14,663.1440137,709.717736,-7.023168621
forward,load_mean_3d,2025-08-15,886.2748453,868.1156493,2.048935058
forward,load_mean_3d,2025-08-16,887.7239803,864.2341787,2.646070419
forward,load_mean_3d,2025-08-17,786.0877914,771.8618413,1.809715184
forward,load_mean_3d,2025-08-18,710.9449985,688.2767699,3.18846446
forward,load_mean_3d,2025-08-19,564.5628797,579.8001273,-2.698946071
forward,load_mean_3d,2025-08-20,544.0836533,559.8063156,-2.88975091
forward,load_mean_3d,2025-08-21,515.920823,545.0227537,-5.6407746
forward,load_mean_3d,2025-08-22,623.5418859,610.81021,2.041831703
forward,load_mean_3d,2025-08-23,525.4280052,513.0673622,2.352490317
forward,load_mean_3d,2025-08-24,798.0630413,775.5188945,2.824857895
forward,load_mean_3d,2025-08-25,507.5160592,531.5483864,-4.735284092
forward,load_mean_3d,2025-08-26,543.2726747,557.0961189,-2.54447625
forward,load_mean_3d,2025-08-27,524.9447384,541.8396823,-3.218423325
forward,load_mean_3d,2025-08-28,675.5795234,662.7554559,1.89823211
forward,load_mean_3d,2025-08-29,641.20586,591.9483713,7.682008507
forward,load_mean_3d,2025-08-30,901.8015944,872.3069543,3.270635174
forward,load_mean_3d,2025-08-31,506.3775778,495.1271398,2.221748848
forward,load_mean_3d,2025-09-01,963.5420398,1006.376229,-4.445492531
forward,load_mean_3d,2025-09-02,899.756576,901.7087223,-0.2169638275
forward,load_mean_3d,2025-09-03,728.7819953,738.8757369,-1.385015222
forward,load_mean_3d,2025-09-04,835.5851007,817.341859,2.183289497
forward,load_mean_3d,2025-09-05,1273.342502,1222.68769,3.97809794
forward,load_mean_3d,2025-09-06,1216.381428,1412.651953,-16.13560683
forward,load_mean_3d,2025-09-07,755.7294026,779.6050317,-3.159282812
forward,load_mean_3d,2025-09-08,778.2858567,722.3951453,7.181257489
forward,load_mean_3d,2025-09-09,762.2304256,745.7707811,2.159405334
forward,load_mean_3d,2025-09-10,848.4299379,909.5303606,-7.201587311
forward,load_mean_3d,2025-09-11,759.6196771,765.7810863,-0.8111176445
forward,load_mean_3d,2025-09-12,752.7611843,760.7773137,-1.064896752
forward,load_mean_3d,2025-09-13,906.9251594,840.2620425,7.350454017
forward,load_mean_3d,2025-09-14,713.1968549,612.5388571,14.11363457
forward,load_mean_3d,2025-09-15,770.2826548,716.0518386,7.040378739
forward,load_mean_3d,2025-09-16,603.789939,587.1799298,2.750958253
forward,load_mean_3d,2025-09-17,691.9884142,727.0207592,-5.062562372
forward,load_mean_3d,2025-09-18,635.9114045,680.206722,-6.965642893
forward,load_mean_3d,2025-09-19,812.3521433,805.2014244,0.8802486678
forward,load_mean_3d,2025-09-20,809.1339228,736.8408868,8.934619349
forward,load_mean_3d,2025-09-21,610.5568473,539.7030635,11.6047808
forward,load_mean_3d,2025-09-22,594.0534948,485.8357595,18.21683337
forward,load_mean_3d,2025-09-23,691.6854454,697.7078165,-0.8706806158
forward,load_mean_3d,2025-09-24,661.8406957,712.0905269,-7.592435991
forward,load_mean_3d,2025-09-25,571.1305925,607.2618315,-6.326265732
forward,load_mean_3d,2025-09-26,903.8220754,882.254655,2.386246254
forward,load_mean_3d,2025-09-27,806.7850425,802.9519907,0.4751019912
forward,load_mean_3d,2025-09-28,757.3783607,682.4403545,9.894394937
forward,load_mean_3d,2025-09-29,638.7721485,545.8972231,14.53960157
forward,load_mean_3d,2025-09-30,839.8597611,850.5897375,-1.277591444
forward,load_mean_3d,2025-10-01,879.5113845,843.814166,4.058755709
forward,load_mean_3d,2025-10-02,624.8353521,572.2201478,8.420650995
forward,load_mean_3d,2025-10-03,968.8714336,843.8462094,12.90421204
forward,load_mean_3d,2025-10-04,698.835044,698.3375798,0.07118478072
forward,load_mean_3d,2025-10-05,441.2007376,519.7888777,-17.81233198
forward,load_mean_3d,2025-10-06,395.9132602,373.332963,5.703344508
forward,load_mean_3d,2025-10-07,444.4312781,455.4725956,-2.484370045
forward,load_mean_3d,2025-10-08,518.5000842,577.9569223,-11.4670836
forward,load_mean_3d,2025-10-09,531.6233121,531.8537163,-0.04333974773
forward,load_mean_3d,2025-10-10,670.8421172,652.4590575,2.740296009
forward,load_mean_3d,2025-10-11,585.8514903,573.9141397,2.037606938
forward,load_mean_3d,2025-10-12,460.4298886,411.5510759,10.61590786
forward,load_mean_3d,2025-10-13,428.7560081,422.2187245,1.524709511
forward,load_mean_3d,2025-10-14,549.234488,547.0861077,0.3911590425
forward,load_mean_3d,2025-10-15,600.2467268,690.7698146,-15.08097984
forward,load_mean_3d,2025-10-16,730.3686456,780.5875148,-6.875824894
forward,load_mean_3d,2025-10-17,550.6338901,557.3049942,-1.211531698
forward,load_mean_3d,2025-10-18,611.1527219,583.4715487,4.529338118
forward,load_mean_3d,2025-10-19,753.2127628,736.9046962,2.165134122
forward,load_mean_3d,2025-10-20,764.6599856,715.7076898,6.401838299
forward,load_mean_3d,2025-10-21,907.2320455,896.4201672,1.191743428
forward,load_mean_3d,2025-10-22,844.2547573,916.8451861,-8.598166401
forward,load_mean_3d,2025-10-23,662.4723888,705.5252082,-6.498809634
forward,load_mean_3d,2025-10-24,653.3591277,624.8247006,4.367341924
forward,load_mean_3d,2025-10-25,676.9221669,651.3142976,3.782985781
forward,load_mean_3d,2025-10-26,638.478114,608.4583556,4.7017678
forward,load_mean_3d,2025-10-27,719.75905,683.4353969,5.046640688
forward,load_mean_3d,2025-10-28,764.1505587,755.8448575,1.086919475
forward,load_mean_3d,2025-10-29,1040.632875,1102.691278,-5.963525125
forward,load_mean_3d,2025-10-30,645.5956187,684.0449093,-5.955630654
forward,load_mean_3d,2025-10-31,880.02925,882.721897,-0.3059724371
forward,load_mean_3d,2025-11-01,670.7542511,635.0002022,5.330424492
forward,load_mean_3d,2025-11-02,690.3952345,722.3887527,-4.634087346
forward,load_mean_3d,2025-11-03,777.4778859,772.3491054,0.6596689846
forward,load_mean_3d,2025-11-04,532.717322,521.2185772,2.158507759
forward,load_mean_3d,2025-11-05,654.4416151,704.1881386,-7.601369225
forward,load_mean_3d,2025-11-06,868.7820232,880.9579794,-1.401497264
forward,load_mean_3d,2025-11-07,887.3815019,811.974156,8.497736963
forward,load_mean_3d,2025-11-08,710.0851539,649.8350346,8.484914661
forward,load_mean_3d,2025-11-09,746.1634643,780.4811062,-4.599212313
forward,load_mean_3d,2025-11-10,937.935639,936.9123189,0.1091034495
forward,load_mean_3d,2025-11-11,659.1449239,661.4362155,-0.3476157602
forward,load_mean_3d,2025-11-12,610.3880063,658.6153269,-7.901092449
forward,load_mean_3d,2025-11-13,734.8483432,771.043238,-4.925491792
forward,load_mean_3d,2025-11-14,815.826444,786.6215103,3.579797385
forward,load_mean_3d,2025-11-15,768.9515335,739.8187572,3.78863622
forward,load_mean_3d,2025-11-16,878.1616634,894.060582,-1.810477424
forward,load_mean_3d,2025-11-17,657.4939276,645.0998615,1.885046472
forward,load_mean_3d,2025-11-18,872.6474435,884.4181542,-1.348850652
forward,load_mean_3d,2025-11-19,798.1477639,865.5343722,-8.44287378
forward,load_mean_3d,2025-11-20,766.9982636,785.8913697,-2.463252794
forward,load_mean_3d,2025-11-21,849.8036221,766.0718523,9.853072829
forward,load_mean_3d,2025-11-22,818.1320342,759.5351299,7.162279664
forward,load_mean_3d,2025-11-23,817.3721294,826.4698742,-1.113048083
forward,load_mean_3d,2025-11-24,606.0307925,596.5472042,1.564869033
forward,load_mean_3d,2025-11-25,765.4286822,771.5893453,-0.8048644189
forward,load_mean_3d,2025-11-26,838.9536173,877.951775,-4.648428337
forward,load_mean_3d,2025-11-27,720.7951693,725.4392528,-0.6443000403
forward,load_mean_3d,2025-11-28,852.4580835,775.4138496,9.037891177
forward,load_mean_3d,2025-11-29,1041.534199,1012.245029,2.812117871
forward,load_mean_3d,2025-11-30,1122.201528,1157.504188,-3.145839572
forward,load_mean_3d,2025-12-01,679.2864806,739.7605774,-8.902590963
forward,load_mean_3d,2025-12-02,761.3058551,795.0576615,-4.43340955
forward,load_mean_3d,2025-12-03,678.4715525,667.0458545,1.684034937
forward,load_mean_3d,2025-12-04,617.2045027,587.2222957,4.857742758
forward,load_mean_3d,2025-12-05,622.6627188,520.7579208,16.36597068
forward,load_mean_3d,2025-12-06,715.9433136,704.5673496,1.588947593
forward,load_mean_3d,2025-12-07,569.2360509,607.0646821,-6.645508685
forward,load_mean_3d,2025-12-08,537.9303349,573.3402276,-6.582616804
forward,load_mean_3d,2025-12-09,466.4300898,475.6508135,-1.976871525
forward,load_mean_3d,2025-12-10,554.7494974,530.9240422,4.294813303
forward,load_mean_3d,2025-12-11,420.0740089,382.7582954,8.883128384
forward,load_mean_3d,2025-12-12,881.076545,708.3682637,19.60196107
forward,load_mean_3d,2025-12-13,880.5993023,804.8508637,8.601918997
forward,load_mean_3d,2025-12-14,529.3980262,571.4209483,-7.937869069
forward,load_mean_3d,2025-12-15,597.0853077,630.6915912,-5.628388953
forward,load_mean_3d,2025-12-16,551.259463,567.7092371,-2.984034781
forward,load_mean_3d,2025-12-17,422.1191462,400.5817706,5.102202965
forward,load_mean_3d,2025-12-18,471.0541478,444.1612048,5.709098013
forward,load_mean_3d,2025-12-19,860.1403504,656.2035311,23.70971425
forward,load_mean_3d,2025-12-20,810.1813136,718.4980275,11.31639111
forward,load_mean_3d,2025-12-21,543.6336199,565.1492334,-3.957741525
forward,load_mean_3d,2025-12-22,405.3255741,421.9207103,-4.094273158
forward,load_mean_3d,2025-12-23,351.2517388,358.4619515,-2.052719434
forward,load_mean_3d,2025-12-24,411.586485,398.6730802,3.137470553
forward,load_mean_3d,2025-12-25,422.5439207,401.7604014,4.918664854
forward,load_mean_3d,2025-12-26,807.8662991,622.3094401,22.96875847
forward,load_mean_3d,2025-12-27,748.9898009,673.34518,10.09955287
forward,load_mean_3d,2025-12-28,378.9499944,397.9216866,-5.006384075
forward,load_mean_3d,2025-12-29,373.1649202,379.7916369,-1.775814484
forward,load_mean_3d,2025-12-30,359.2012823,365.8038356,-1.838120732
forward,load_mean_3d,2025-12-31,424.2923101,422.4522686,0.4336730821
forward,pv_mean_3d,2025-02-01,687.7525584,649.9126661,5.501963147
forward,pv_mean_3d,2025-02-02,683.6649615,555.3082447,18.77479819
forward,pv_mean_3d,2025-02-03,527.8666864,387.9765298,26.50103902
forward,pv_mean_3d,2025-02-04,402.478811,312.7180214,22.30199136
forward,pv_mean_3d,2025-02-05,435.4417466,335.4592409,22.9611668
forward,pv_mean_3d,2025-02-06,438.0337363,347.5406159,20.65893855
forward,pv_mean_3d,2025-02-07,930.4229251,845.0248596,9.178413724
forward,pv_mean_3d,2025-02-08,737.9889778,586.531052,20.52306069
forward,pv_mean_3d,2025-02-09,468.0700223,358.1072431,23.49280533
forward,pv_mean_3d,2025-02-10,855.2375297,693.3869329,18.92463686
forward,pv_mean_3d,2025-02-11,679.061042,444.1128612,34.59897804
forward,pv_mean_3d,2025-02-12,663.6793684,397.7100884,40.07496581
forward,pv_mean_3d,2025-02-13,1024.471091,661.4949652,35.43058746
forward,pv_mean_3d,2025-02-14,812.038191,791.0533206,2.584222111
forward,pv_mean_3d,2025-02-15,759.4785522,459.586202,39.48661213
forward,pv_mean_3d,2025-02-16,602.8176438,396.75561,34.18314575
forward,pv_mean_3d,2025-02-17,836.0562832,563.0621863,32.65259796
forward,pv_mean_3d,2025-02-18,702.6539841,391.1503954,44.33243043
forward,pv_mean_3d,2025-02-19,681.7673063,385.2481068,43.49272791
forward,pv_mean_3d,2025-02-20,721.9695611,419.8034605,41.85302496
forward,pv_mean_3d,2025-02-21,1001.663869,738.9979466,26.22296064
forward,pv_mean_3d,2025-02-22,713.0645515,438.3108384,38.53139418
forward,pv_mean_3d,2025-02-23,688.5724873,407.2563453,40.85497855
forward,pv_mean_3d,2025-02-24,829.283823,517.0319276,37.65319988
forward,pv_mean_3d,2025-02-25,1049.344794,697.5424416,33.52590631
forward,pv_mean_3d,2025-02-26,748.9307232,375.8693566,49.81253339
forward,pv_mean_3d,2025-02-27,864.2627524,511.0347457,40.87044197
forward,pv_mean_3d,2025-02-28,1042.888298,735.3651128,29.48764366
forward,pv_mean_3d,2025-03-01,642.1825946,558.0325486,13.10375689
forward,pv_mean_3d,2025-03-02,669.8950321,770.0252701,-14.9471534
forward,pv_mean_3d,2025-03-03,458.0388974,468.4594732,-2.275041685
forward,pv_mean_3d,2025-03-04,437.8470785,423.263696,3.330702238
forward,pv_mean_3d,2025-03-05,566.5993301,561.0555262,0.978434599
forward,pv_mean_3d,2025-03-06,549.7013481,486.7523984,11.45148177
forward,pv_mean_3d,2025-03-07,839.9919384,771.2985282,8.177865408
forward,pv_mean_3d,2025-03-08,830.7611327,666.6967988,19.74867714
forward,pv_mean_3d,2025-03-09,747.6522418,606.9855063,18.81446047
forward,pv_mean_3d,2025-03-10,536.1282616,501.6294177,6.434811661
forward,pv_mean_3d,2025-03-11,628.5688194,495.699176,21.13844011
forward,pv_mean_3d,2025-03-12,691.1035656,534.6487332,22.6384062
forward,pv_mean_3d,2025-03-13,624.6317217,601.1728884,3.755626317
forward,pv_mean_3d,2025-03-14,1043.212175,856.9149273,17.85804
forward,pv_mean_3d,2025-03-15,688.4686561,585.6428594,14.93543617
forward,pv_mean_3d,2025-03-16,618.0703083,513.5495956,16.91081278
forward,pv_mean_3d,2025-03-17,1005.512086,790.6132064,21.3720832
forward,pv_mean_3d,2025-03-18,611.5046584,454.5897706,25.66045665
forward,pv_mean_3d,2025-03-19,704.3181529,489.7796322,30.46045595
forward,pv_mean_3d,2025-03-20,555.0454894,348.5370858,37.20567188
forward,pv_mean_3d,2025-03-21,1229.443398,1019.656077,17.06360135
forward,pv_mean_3d,2025-03-22,841.7990804,608.0426195,27.7686762
forward,pv_mean_3d,2025-03-23,809.3125833,604.4921951,25.30794558
forward,pv_mean_3d,2025-03-24,710.3276201,498.7262495,29.78926408
forward,pv_mean_3d,2025-03-25,611.383267,454.3773091,25.68044733
forward,pv_mean_3d,2025-03-26,888.7940445,654.5632813,26.35377281
forward,pv_mean_3d,2025-03-27,670.8690827,428.337034,36.1519192
forward,pv_mean_3d,2025-03-28,1071.335628,797.4490157,25.56496818
forward,pv_mean_3d,2025-03-29,1431.536897,1039.809922,27.36408512
forward,pv_mean_3d,2025-03-30,816.284671,521.7977446,36.07649841
forward,pv_mean_3d,2025-03-31,719.3489648,510.0464027,29.09610945
forward,pv_mean_3d,2025-04-01,564.7372755,616.1548921,-9.104696805
forward,pv_mean_3d,2025-04-02,577.9524271,577.0552803,0.1552284924
forward,pv_mean_3d,2025-04-03,593.1125697,489.5735505,17.45689175
forward,pv_mean_3d,2025-04-04,974.4032027,809.9339488,16.87897304
forward,pv_mean_3d,2025-04-05,534.7881709,523.3354063,2.141551602
forward,pv_mean_3d,2025-04-06,567.3167578,429.6799735,24.26101158
forward,pv_mean_3d,2025-04-07,743.1362021,608.8673578,18.0678648
forward,pv_mean_3d,2025-04-08,646.2864287,492.9938536,23.71898408
forward,pv_mean_3d,2025-04-09,421.7977162,435.9814569,-3.362687884
forward,pv_mean_3d,2025-04-10,616.9684677,505.7628258,18.02452601
forward,pv_mean_3d,2025-04-11,885.8892942,695.0433617,21.54286476
forward,pv_mean_3d,2025-04-12,750.9380061,694.4569991,7.521394122
forward,pv_mean_3d,2025-04-13,509.9210744,401.2989052,21.30176113
forward,pv_mean_3d,2025-04-14,606.8055527,468.0978578,22.85867265
forward,pv_mean_3d,2025-04-15,810.0718844,676.6120787,16.47505712
forward,pv_mean_3d,2025-04-16,475.3700544,392.5708658,17.41783856
forward,pv_mean_3d,2025-04-17,523.9194099,399.8379295,23.68331428
forward,pv_mean_3d,2025-04-18,664.4645761,532.1341426,19.91534813
forward,pv_mean_3d,2025-04-19,658.7905419,541.252264,17.8415248
forward,pv_mean_3d,2025-04-20,566.2245272,438.3899252,22.57666277
forward,pv_mean_3d,2025-04-21,840.9073615,692.9391557,17.59625526
forward,pv_mean_3d,2025-04-22,556.5033909,430.609499,22.62230455
forward,pv_mean_3d,2025-04-23,627.6830377,465.7354327,25.80085733
forward,pv_mean_3d,2025-04-24,869.6572112,697.7759138,19.76425828
forward,pv_mean_3d,2025-04-25,961.4929244,828.764054,13.80445629
forward,pv_mean_3d,2025-04-26,1259.684863,1101.866909,12.52836784
forward,pv_mean_3d,2025-04-27,709.9063929,543.6771007,23.41566351
forward,pv_mean_3d,2025-04-28,649.9481096,710.7371942,-9.352913511
forward,pv_mean_3d,2025-04-29,769.7208373,616.1348118,19.95347119
forward,pv_mean_3d,2025-04-30,787.6941666,665.230121,15.5471566
forward,pv_mean_3d,2025-05-01,605.9491768,590.2860976,2.58488333
forward,pv_mean_3d,2025-05-02,702.1511574,929.9597932,-32.44438657
forward,pv_mean_3d,2025-05-03,555.4013961,554.2271344,0.2114257744
forward,pv_mean_3d,2025-05-04,645.236779,621.0851878,3.743058664
forward,pv_mean_3d,2025-05-05,489.1814328,492.5459306,-0.6877811695
forward,pv_mean_3d,2025-05-06,543.1046838,532.9026858,1.878458851
forward,pv_mean_3d,2025-05-07,414.0531714,421.702442,-1.847412631
forward,pv_mean_3d,2025-05-08,564.1663558,570.0965854,-1.051149118
forward,pv_mean_3d,2025-05-09,786.936353,959.8652709,-21.97495608
forward,pv_mean_3d,2025-05-10,640.9198451,670.1981518,-4.568169787
forward,pv_mean_3d,2025-05-11,523.2402671,526.3108094,-0.5868321834
forward,pv_mean_3d,2025-05-12,693.2913163,677.1894552,2.322524561
forward,pv_mean_3d,2025-05-13,408.3174257,393.2744161,3.684145877
forward,pv_mean_3d,2025-05-14,430.9639285,401.9474629,6.732922096
forward,pv_mean_3d,2025-05-15,426.4692556,419.3167213,1.677151213
forward,pv_mean_3d,2025-05-16,918.4127889,934.2863157,-1.728365173
forward,pv_mean_3d,2025-05-17,851.5902782,839.3619634,1.435938756
forward,pv_mean_3d,2025-05-18,580.0678369,556.6479238,4.037443838
forward,pv_mean_3d,2025-05-19,645.4926764,598.8409113,7.227311297
forward,pv_mean_3d,2025-05-20,593.1343468,582.4854416,1.795361404
forward,pv_mean_3d,2025-05-21,579.3310853,553.9710955,4.377460576
forward,pv_mean_3d,2025-05-22,400.1836399,362.5768084,9.397393528
forward,pv_mean_3d,2025-05-23,549.4975608,511.3277158,6.946317467
forward,pv_mean_3d,2025-05-24,868.979804,851.6788142,1.990954182
forward,pv_mean_3d,2025-05-25,522.2720907,458.3766874,12.23412173
forward,pv_mean_3d,2025-05-26,611.5956989,633.1352451,-3.521860322
forward,pv_mean_3d,2025-05-27,529.9220905,472.2149835,10.88973417
forward,pv_mean_3d,2025-05-28,626.7050098,610.9061111,2.520946619
forward,pv_mean_3d,2025-05-29,482.018067,488.7196981,-1.390327765
forward,pv_mean_3d,2025-05-30,599.5753074,599.6110742,-0.005965340995
forward,pv_mean_3d,2025-05-31,531.5606394,523.2125987,1.570477586
forward,pv_mean_3d,2025-06-01,1752.487269,1781.401645,-1.649905049
forward,pv_mean_3d,2025-06-02,1365.035999,1344.816141,1.481269233
forward,pv_mean_3d,2025-06-03,1095.986069,780.721788,28.76535474
forward,pv_mean_3d,2025-06-04,1195.445658,820.97014,31.32518115
forward,pv_mean_3d,2025-06-05,1203.289144,539.6356994,55.15328116
forward,pv_mean_3d,2025-06-06,1499.993799,2076.227795,-38.41575854
forward,pv_mean_3d,2025-06-07,1260.009482,767.7410997,39.0686252
forward,pv_mean_3d,2025-06-08,859.9637175,715.3690157,16.81404678
forward,pv_mean_3d,2025-06-09,1075.427964,553.671944,48.51612918
forward,pv_mean_3d,2025-06-10,1099.72745,557.7872863,49.27949774
forward,pv_mean_3d,2025-06-11,1477.326155,984.5674271,33.3547691
forward,pv_mean_3d,2025-06-12,1078.525887,505.4999705,53.13047406
forward,pv_mean_3d,2025-06-13,1275.952964,1762.587863,-38.1389372
forward,pv_mean_3d,2025-06-14,1451.545099,1438.46531,0.9010942474
forward,pv_mean_3d,2025-06-15,978.8681445,539.6655543,44.86841182
forward,pv_mean_3d,2025-06-16,943.9300999,476.6720775,49.50133728
forward,pv_mean_3d,2025-06-17,1190.912625,715.4017844,39.92827268
forward,pv_mean_3d,2025-06-18,729.6239554,420.4051714,42.38056903
forward,pv_mean_3d,2025-06-19,638.4440115,524.1827071,17.89684018
forward,pv_mean_3d,2025-06-20,1354.423409,1466.863983,-8.301730031
forward,pv_mean_3d,2025-06-21,1362.496879,1510.126204,-10.83520467
forward,pv_mean_3d,2025-06-22,721.90868,608.7725897,15.67180081
forward,pv_mean_3d,2025-06-23,622.5064456,524.2780894,15.77949222
forward,pv_mean_3d,2025-06-24,1138.86471,989.6398691,13.10294716
forward,pv_mean_3d,2025-06-25,767.3911846,568.5349252,25.91328431
forward,pv_mean_3d,2025-06-26,626.5419148,553.2216243,11.70237597
forward,pv_mean_3d,2025-06-27,1065.675837,1087.076058,-2.008136045
forward,pv_mean_3d,2025-06-28,912.0136305,906.3035117,0.6261001574
forward,pv_mean_3d,2025-06-29,700.0963593,569.4869016,18.65592584
forward,pv_mean_3d,2025-06-30,685.6843897,540.0532783,21.23879639
forward,pv_mean_3d,2025-07-01,770.3661751,773.1645485,-0.3632523715
forward,pv_mean_3d,2025-07-02,906.913079,923.0908915,-1.78383275
forward,pv_mean_3d,2025-07-03,772.9118133,771.2886309,0.2100087434
forward,pv_mean_3d,2025-07-04,1128.821806,2328.031486,-106.2355169
forward,pv_mean_3d,2025-07-05,1073.426372,1304.630318,-21.53887322
forward,pv_mean_3d,2025-07-06,787.3543676,740.9554939,5.893010271
forward,pv_mean_3d,2025-07-07,775.0104961,698.8098321,9.832210578
forward,pv_mean_3d,2025-07-08,947.9797188,774.7563799,18.27289503
forward,pv_mean_3d,2025-07-09,696.7873614,566.9682024,18.63110129
forward,pv_mean_3d,2025-07-10,790.602641,570.6011768,27.8270591
forward,pv_mean_3d,2025-07-11,1077.089046,1328.474104,-23.33930131
forward,pv_mean_3d,2025-07-12,1038.669595,1052.232687,-1.305813826
forward,pv_mean_3d,2025-07-13,1043.275031,865.164505,17.07225045
forward,pv_mean_3d,2025-07-14,721.5364325,536.5844079,25.6330819
forward,pv_mean_3d,2025-07-15,699.165301,629.2544918,9.999181755
forward,pv_mean_3d,2025-07-16,754.0593782,559.9749878,25.73860839
forward,pv_mean_3d,2025-07-17,701.629519,516.3598065,26.40563253
forward,pv_mean_3d,2025-07-18,1091.296306,1087.237959,0.3718831385
forward,pv_mean_3d,2025-07-19,1269.405987,1176.574979,7.312948674
forward,pv_mean_3d,2025-07-20,562.6113258,469.5535589,16.54032945
forward,pv_mean_3d,2025-07-21,554.9974741,473.5084965,14.68276549
forward,pv_mean_3d,2025-07-22,572.5156444,489.1029064,14.56951243
forward,pv_mean_3d,2025-07-23,577.5096716,477.5473873,17.30919659
forward,pv_mean_3d,2025-07-24,598.8472557,534.1981209,10.79559674
forward,pv_mean_3d,2025-07-25,1175.497346,1133.735233,3.552718614
forward,pv_mean_3d,2025-07-26,881.0996005,824.1183965,6.467055937
forward,pv_mean_3d,2025-07-27,560.7487805,472.2529779,15.78172002
forward,pv_mean_3d,2025-07-28,550.2425811,565.1846722,-2.715546129
forward,pv_mean_3d,2025-07-29,526.6079103,522.8392033,0.7156571193
forward,pv_mean_3d,2025-07-30,563.4734519,536.4196584,4.801254326
forward,pv_mean_3d,2025-07-31,415.0792741,396.5168187,4.472026566
forward,pv_mean_3d,2025-08-01,989.0989311,977.5535237,1.167265181
forward,pv_mean_3d,2025-08-02,984.2815711,973.1878051,1.127092722
forward,pv_mean_3d,2025-08-03,1133.055315,1057.793235,6.642401168
forward,pv_mean_3d,2025-08-04,738.9891735,540.159502,26.90562712
forward,pv_mean_3d,2025-08-05,741.8927958,524.4639705,29.30731051
forward,pv_mean_3d,2025-08-06,641.5707512,590.1373312,8.016796252
forward,pv_mean_3d,2025-08-07,892.0181131,673.3053263,24.51887284
forward,pv_mean_3d,2025-08-08,1280.488515,1414.937139,-10.49979146
forward,pv_mean_3d,2025-08-09,838.9394898,703.0429052,16.19861579
forward,pv_mean_3d,2025-08-10,654.4901894,530.6367388,18.92365273
forward,pv_mean_3d,2025-08-11,740.6546371,571.2028395,22.87865209
forward,pv_mean_3d,2025-08-12,500.7782285,454.9371979,9.153958365
forward,pv_mean_3d,2025-08-13,560.121212,491.7523243,12.20608795
forward,pv_mean_3d,2025-08-14,663.1440137,574.6330879,13.34716502
forward,pv_mean_3d,2025-08-15,886.2748453,829.8917081,6.361811753
forward,pv_mean_3d,2025-08-16,887.7239803,757.3294175,14.68863811
forward,pv_mean_3d,2025-08-17,786.0877914,592.1525539,24.67093875
forward,pv_mean_3d,2025-08-18,710.9449985,542.4279074,23.70325292
forward,pv_mean_3d,2025-08-19,564.5628797,398.7274509,29.37412903
forward,pv_mean_3d,2025-08-20,544.0836533,623.3559454,-14.56987206
forward,pv_mean_3d,2025-08-21,515.920823,486.5327888,5.69622951
forward,pv_mean_3d,2025-08-22,623.5418859,628.7353905,-0.8329038762
forward,pv_mean_3d,2025-08-23,525.4280052,521.1719376,0.8100191631
forward,pv_mean_3d,2025-08-24,798.0630413,764.6014747,4.19284755
forward,pv_mean_3d,2025-08-25,507.5160592,530.9061353,-4.608736153
forward,pv_mean_3d,2025-08-26,543.2726747,557.6445279,-2.645421694
forward,pv_mean_3d,2025-08-27,524.9447384,518.2608234,1.273260691
forward,pv_mean_3d,2025-08-28,675.5795234,668.8388138,0.997767
forward,pv_mean_3d,2025-08-29,641.20586,660.0857565,-2.944436055
forward,pv_mean_3d,2025-08-30,901.8015944,961.1683541,-6.583128717
forward,pv_mean_3d,2025-08-31,506.3775778,530.7392597,-4.810971684
forward,pv_mean_3d,2025-09-01,963.5420398,962.2456106,0.134548273
forward,pv_mean_3d,2025-09-02,899.756576,870.7729764,3.221271218
forward,pv_mean_3d,2025-09-03,728.7819953,658.2103931,9.683499683
forward,pv_mean_3d,2025-09-04,835.5851007,740.682426,11.35763127
forward,pv_mean_3d,2025-09-05,1273.342502,1288.275147,-1.172712363
forward,pv_mean_3d,2025-09-06,1216.381428,1166.946037,4.064135649
forward,pv_mean_3d,2025-09-07,755.7294026,682.9812979,9.626210711
forward,pv_mean_3d,2025-09-08,778.2858567,733.2509223,5.786425894
forward,pv_mean_3d,2025-09-09,762.2304256,689.4827257,9.544056153
forward,pv_mean_3d,2025-09-10,848.4299379,843.632279,0.5654749607
forward,pv_mean_3d,2025-09-11,759.6196771,689.0131743,9.294980756
forward,pv_mean_3d,2025-09-12,752.7611843,710.8838463,5.563163835
forward,pv_mean_3d,2025-09-13,906.9251594,867.746829,4.319907758
forward,pv_mean_3d,2025-09-14,713.1968549,674.306797,5.452920567
forward,pv_mean_3d,2025-09-15,770.2826548,645.547557,16.19341901
forward,pv_mean_3d,2025-09-16,603.789939,578.6442593,4.164640395
forward,pv_mean_3d,2025-09-17,691.9884142,584.4826725,15.53577191
forward,pv_mean_3d,2025-09-18,635.9114045,539.0381295,15.23376909
forward,pv_mean_3d,2025-09-19,812.3521433,748.842911,7.817943595
forward,pv_mean_3d,2025-09-20,809.1339228,635.7135558,21.43283851
forward,pv_mean_3d,2025-09-21,610.5568473,532.752606,12.74316088
forward,pv_mean_3d,2025-09-22,594.0534948,489.4771912,17.60385294
forward,pv_mean_3d,2025-09-23,691.6854454,553.3046027,20.00632565
forward,pv_mean_3d,2025-09-24,661.8406957,486.5218872,26.48957818
forward,pv_mean_3d,2025-09-25,571.1305925,392.1196142,31.34326556
forward,pv_mean_3d,2025-09-26,903.8220754,758.3193219,16.09860585
forward,pv_mean_3d,2025-09-27,806.7850425,720.7049907,10.66951508
forward,pv_mean_3d,2025-09-28,757.3783607,581.8519461,23.17552543
forward,pv_mean_3d,2025-09-29,638.7721485,397.184773,37.8205869
forward,pv_mean_3d,2025-09-30,839.8597611,621.0344165,26.05498617
forward,pv_mean_3d,2025-10-01,879.5113845,1130.564111,-28.5445681
forward,pv_mean_3d,2025-10-02,624.8353521,660.8135896,-5.75803487
forward,pv_mean_3d,2025-10-03,968.8714336,963.3075974,0.5742594934
forward,pv_mean_3d,2025-10-04,698.835044,714.1966347,-2.198171206
forward,pv_mean_3d,2025-10-05,441.2007376,436.4485173,1.077110699
forward,pv_mean_3d,2025-10-06,395.9132602,370.782237,6.347608347
forward,pv_mean_3d,2025-10-07,444.4312781,387.9841356,12.70098332
forward,pv_mean_3d,2025-10-08,518.5000842,469.7568097,9.400822869
forward,pv_mean_3d,2025-10-09,531.6233121,476.9843751,10.27775415
forward,pv_mean_3d,2025-10-10,670.8421172,737.4319559,-9.92630561
forward,pv_mean_3d,2025-10-11,585.8514903,571.9166558,2.378560899
forward,pv_mean_3d,2025-10-12,460.4298886,407.3949268,11.51857494
forward,pv_mean_3d,2025-10-13,428.7560081,377.9041758,11.86031948
forward,pv_mean_3d,2025-10-14,549.234488,451.6047601,17.77560042
forward,pv_mean_3d,2025-10-15,600.2467268,507.7423456,15.41105965
forward,pv_mean_3d,2025-10-16,730.3686456,607.843742,16.77576171
forward,pv_mean_3d,2025-10-17,550.6338901,567.8723265,-3.130653
forward,pv_mean_3d,2025-10-18,611.1527219,552.9603474,9.52174022
forward,pv_mean_3d,2025-10-19,753.2127628,587.0894432,22.05529802
forward,pv_mean_3d,2025-10-20,764.6599856,582.2202391,23.8589373
forward,pv_mean_3d,2025-10-21,907.2320455,661.6699966,27.06717098
forward,pv_mean_3d,2025-10-22,844.2547573,553.6901027,34.41670326
forward,pv_mean_3d,2025-10-23,662.4723888,415.5338044,37.27530212
forward,pv_mean_3d,2025-10-24,653.3591277,629.5893319,3.638090403
forward,pv_mean_3d,2025-10-25,676.9221669,567.1619521,16.21459899
forward,pv_mean_3d,2025-10-26,638.478114,377.7963821,40.82860887
forward,pv_mean_3d,2025-10-27,719.75905,520.3108927,27.71040632
forward,pv_mean_3d,2025-10-28,764.1505587,471.1065122,38.34899329
forward,pv_mean_3d,2025-10-29,1040.632875,712.4554943,31.53632647
forward,pv_mean_3d,2025-10-30,645.5956187,362.7157656,43.81687931
forward,pv_mean_3d,2025-10-31,880.02925,711.0058173,19.20656986
forward,pv_mean_3d,2025-11-01,670.7542511,468.9399689,30.08766353
forward,pv_mean_3d,2025-11-02,690.3952345,439.9680188,36.27302206
forward,pv_mean_3d,2025-11-03,777.4778859,520.5694773,33.04382199
forward,pv_mean_3d,2025-11-04,532.717322,355.1855352,33.32570191
forward,pv_mean_3d,2025-11-05,654.4416151,404.7663358,38.15088673
forward,pv_mean_3d,2025-11-06,868.7820232,599.3881939,31.00821864
forward,pv_mean_3d,2025-11-07,887.3815019,858.4346337,3.262054498
forward,pv_mean_3d,2025-11-08,710.0851539,541.1229749,23.79463619
forward,pv_mean_3d,2025-11-09,746.1634643,465.9498878,37.55391277
forward,pv_mean_3d,2025-11-10,937.935639,627.4774905,33.1001548
forward,pv_mean_3d,2025-11-11,659.1449239,352.8840105,46.46336523
forward,pv_mean_3d,2025-11-12,610.3880063,341.0786543,44.12100979
forward,pv_mean_3d,2025-11-13,734.8483432,460.4232746,37.34444952
forward,pv_mean_3d,2025-11-14,815.826444,649.3782319,20.40240463
forward,pv_mean_3d,2025-11-15,768.9515335,558.3214469,27.39185468
forward,pv_mean_3d,2025-11-16,878.1616634,552.7730037,37.05338928
forward,pv_mean_3d,2025-11-17,657.4939276,354.7090374,46.05135918
forward,pv_mean_3d,2025-11-18,872.6474435,543.1275305,37.76094405
forward,pv_mean_3d,2025-11-19,798.1477639,446.6366075,44.04086214
forward,pv_mean_3d,2025-11-20,766.9982636,451.3459117,41.15424596
forward,pv_mean_3d,2025-11-21,849.8036221,671.9072423,20.93382226
forward,pv_mean_3d,2025-11-22,818.1320342,598.7428083,26.81587039
forward,pv_mean_3d,2025-11-23,817.3721294,524.7499695,35.80035939
forward,pv_mean_3d,2025-11-24,606.0307925,342.1443236,43.54340937
forward,pv_mean_3d,2025-11-25,765.4286822,453.9471763,40.69373322
forward,pv_mean_3d,2025-11-26,838.9536173,516.0640994,38.48717155
forward,pv_mean_3d,2025-11-27,720.7951693,423.4724017,41.24927306
forward,pv_mean_3d,2025-11-28,852.4580835,643.0357776,24.5668743
forward,pv_mean_3d,2025-11-29,1041.534199,837.9670733,19.54492957
forward,pv_mean_3d,2025-11-30,1122.201528,740.724703,33.99361126
forward,pv_mean_3d,2025-12-01,679.2864806,497.3509123,26.78333421
forward,pv_mean_3d,2025-12-02,761.3058551,498.6986843,34.49430594
forward,pv_mean_3d,2025-12-03,678.4715525,450.9525943,33.53404537
forward,pv_mean_3d,2025-12-04,617.2045027,424.5080809,31.22083863
forward,pv_mean_3d,2025-12-05,622.6627188,450.6469115,27.62584014
forward,pv_mean_3d,2025-12-06,715.9433136,535.9190086,25.14505012
forward,pv_mean_3d,2025-12-07,569.2360509,367.9304297,35.36417289
forward,pv_mean_3d,2025-12-08,537.9303349,338.0670989,37.15411143
forward,pv_mean_3d,2025-12-09,466.4300898,325.4863778,30.21754279
forward,pv_mean_3d,2025-12-10,554.7494974,375.669708,32.28119904
forward,pv_mean_3d,2025-12-11,420.0740089,305.2281207,27.33944156
forward,pv_mean_3d,2025-12-12,881.076545,703.1141341,20.19829173
forward,pv_mean_3d,2025-12-13,880.5993023,677.4660997,23.06760885
forward,pv_mean_3d,2025-12-14,529.3980262,335.4479344,36.63596806
forward,pv_mean_3d,2025-12-15,597.0853077,385.3943896,35.45404909
forward,pv_mean_3d,2025-12-16,551.259463,344.8646394,37.44059513
forward,pv_mean_3d,2025-12-17,422.1191462,256.3078233,39.28069228
forward,pv_mean_3d,2025-12-18,471.0541478,342.1930686,27.35589524
forward,pv_mean_3d,2025-12-19,860.1403504,699.6300862,18.66093877
forward,pv_mean_3d,2025-12-20,810.1813136,636.9839887,21.37760054
forward,pv_mean_3d,2025-12-21,543.6336199,392.0355106,27.88608058
forward,pv_mean_3d,2025-12-22,405.3255741,256.8058412,36.6420829
forward,pv_mean_3d,2025-12-23,351.2517388,243.1822831,30.76695251
forward,pv_mean_3d,2025-12-24,411.586485,295.9979707,28.08365156
forward,pv_mean_3d,2025-12-25,422.5439207,304.1051891,28.02992206
forward,pv_mean_3d,2025-12-26,807.8662991,647.101531,19.89992259
forward,pv_mean_3d,2025-12-27,748.9898009,567.9223686,24.17488624
forward,pv_mean_3d,2025-12-28,378.9499944,298.5884102,21.20638221
forward,pv_mean_3d,2025-12-29,373.1649202,278.205321,25.44708626
forward,pv_mean_3d,2025-12-30,359.2012823,298.150019,16.99639349
forward,pv_mean_3d,2025-12-31,424.2923101,310.7931254,26.75023374
forward,weekend,2025-02-01,649.9126661,639.6612368,1.577354894
forward,weekend,2025-02-02,555.3082447,567.8464486,-2.25788182
forward,weekend,2025-02-03,387.9765298,402.0544934,-3.628560624
forward,weekend,2025-02-04,312.7180214,313.8148795,-0.3507498974
forward,weekend,2025-02-05,335.4592409,338.4134228,-0.8806381048
forward,weekend,2025-02-06,347.5406159,350.1924676,-0.7630335959
forward,weekend,2025-02-07,845.0248596,914.0533008,-8.168805973
forward,weekend,2025-02-08,586.531052,554.7512228,5.418268839
forward,weekend,2025-02-09,358.1072431,369.515497,-3.185708771
forward,weekend,2025-02-10,693.3869329,711.1779715,-2.565816835
forward,weekend,2025-02-11,444.1128612,445.0341627,-0.2074475992
forward,weekend,2025-02-12,397.7100884,387.4343477,2.583726436
forward,weekend,2025-02-13,661.4949652,647.8457585,2.063387832
forward,weekend,2025-02-14,791.0533206,889.0073823,-12.3827382
forward,weekend,2025-02-15,459.586202,458.4838906,0.2398486795
forward,weekend,2025-02-16,396.75561,394.7611975,0.5026803527
forward,weekend,2025-02-17,563.0621863,557.6208601,0.9663810392
forward,weekend,2025-02-18,391.1503954,381.721374,2.4105872
forward,weekend,2025-02-19,385.2481068,371.186212,3.650087983
forward,weekend,2025-02-20,419.8034605,419.1347994,0.159279563
forward,weekend,2025-02-21,738.9979466,799.9014869,-8.241368002
forward,weekend,2025-02-22,438.3108384,420.6875646,4.020725082
forward,weekend,2025-02-23,407.2563453,415.8964079,-2.121529278
forward,weekend,2025-02-24,517.0319276,507.0246818,1.935517954
forward,weekend,2025-02-25,697.5424416,685.1148016,1.78163209
forward,weekend,2025-02-26,375.8693566,362.6354001,3.520892653
forward,weekend,2025-02-27,511.0347457,498.9920372,2.356534183
forward,weekend,2025-02-28,735.3651128,768.6120718,-4.521149898
forward,weekend,2025-03-01,558.0325486,547.9855857,1.800425975
forward,weekend,2025-03-02,770.0252701,758.9677871,1.435989628
forward,weekend,2025-03-03,468.4594732,476.7802471,-1.776199285
forward,weekend,2025-03-04,423.263696,416.8802822,1.508141114
forward,weekend,2025-03-05,561.0555262,555.3397893,1.018747096
forward,weekend,2025-03-06,486.7523984,476.723236,2.060423832
forward,weekend,2025-03-07,771.2985282,787.7052112,-2.127150822
forward,weekend,2025-03-08,666.6967988,679.0823306,-1.857745809
forward,weekend,2025-03-09,606.9855063,631.5314004,-4.043901182
forward,weekend,2025-03-10,501.6294177,511.623908,-1.992405133
forward,weekend,2025-03-11,495.699176,493.3316304,0.4776174127
forward,weekend,2025-03-12,534.6487332,530.5043767,0.7751550218
forward,weekend,2025-03-13,601.1728884,608.4916671,-1.217416629
forward,weekend,2025-03-14,856.9149273,876.0294265,-2.230618071
forward,weekend,2025-03-15,585.6428594,562.4383804,3.962223504
forward,weekend,2025-03-16,513.5495956,528.0266194,-2.819011829
forward,weekend,2025-03-17,790.6132064,800.8708612,-1.297430239
forward,weekend,2025-03-18,454.5897706,453.1623666,0.3139982679
forward,weekend,2025-03-19,489.7796322,484.3277592,1.113127754
forward,weekend,2025-03-20,348.5370858,343.9583935,1.313688689
forward,weekend,2025-03-21,1019.656077,1014.836845,0.4726330889
forward,weekend,2025-03-22,608.0426195,615.0299762,-1.14915574
forward,weekend,2025-03-23,604.4921951,615.3096667,-1.78951386
forward,weekend,2025-03-24,498.7262495,494.2942896,0.8886558302
forward,weekend,2025-03-25,454.3773091,453.7631226,0.1351710522
forward,weekend,2025-03-26,654.5632813,659.2203652,-0.7114795498
forward,weekend,2025-03-27,428.337034,426.0762723,0.5277997181
forward,weekend,2025-03-28,797.4490157,791.1399638,0.7911542635
forward,weekend,2025-03-29,1039.809922,1069.703914,-2.874947777
forward,weekend,2025-03-30,521.7977446,532.6545138,-2.080646998
forward,weekend,2025-03-31,510.0464027,508.8029071,0.2438004951
forward,weekend,2025-04-01,616.1548921,607.2023747,1.452965413
forward,weekend,2025-04-02,577.0552803,575.8363772,0.2112281295
forward,weekend,2025-04-03,489.5735505,494.6059756,-1.027920137
forward,weekend,2025-04-04,809.9339488,825.3027197,-1.897533869
forward,weekend,2025-04-05,523.3354063,514.6274599,1.663932218
forward,weekend,2025-04-06,429.6799735,424.149006,1.287229534
forward,weekend,2025-04-07,608.8673578,623.7947151,-2.451659982
forward,weekend,2025-04-08,492.9938536,513.6059381,-4.181002339
forward,weekend,2025-04-09,435.9814569,427.1223892,2.031982674
forward,weekend,2025-04-10,505.7628258,514.8452177,-1.795780838
forward,weekend,2025-04-11,695.0433617,684.9357442,1.454242716
forward,weekend,2025-04-12,694.4569991,664.4008804,4.32800284
forward,weekend,2025-04-13,401.2989052,402.7665547,-0.365724777
forward,weekend,2025-04-14,468.0978578,484.2893093,-3.458988606
forward,weekend,2025-04-15,676.6120787,685.1332354,-1.259385838
forward,weekend,2025-04-16,392.5708658,394.3467458,-0.4523718239
forward,weekend,2025-04-17,399.8379295,401.9655693,-0.5321255567
forward,weekend,2025-04-18,532.1341426,546.7151139,-2.740093183
forward,weekend,2025-04-19,541.252264,537.6356965,0.6681852019
forward,weekend,2025-04-20,438.3899252,435.5916994,0.6382960894
forward,weekend,2025-04-21,692.9391557,708.9395674,-2.309064455
forward,weekend,2025-04-22,430.609499,429.5420951,0.2478821202
forward,weekend,2025-04-23,465.7354327,467.6606771,-0.4133772711
forward,weekend,2025-04-24,697.7759138,705.8208123,-1.152934383
forward,weekend,2025-04-25,828.764054,852.0312758,-2.807460299
forward,weekend,2025-04-26,1101.866909,1101.584278,0.02565019097
forward,weekend,2025-04-27,543.6771007,542.3438195,0.2452340171
forward,weekend,2025-04-28,710.7371942,691.7643828,2.669455254
forward,weekend,2025-04-29,616.1348118,623.7311635,-1.232904155
forward,weekend,2025-04-30,665.230121,664.6709447,0.08405756484
forward,weekend,2025-05-01,590.2860976,594.9058193,-0.7826241767
forward,weekend,2025-05-02,929.9597932,897.9941444,3.437315144
forward,weekend,2025-05-03,554.2271344,542.1225739,2.184043295
forward,weekend,2025-05-04,621.0851878,632.2775841,-1.802071034
forward,weekend,2025-05-05,492.5459306,496.4174471,-0.7860214283
forward,weekend,2025-05-06,532.9026858,532.7129064,0.03561240092
forward,weekend,2025-05-07,421.702442,418.4997284,0.7594723954
forward,weekend,2025-05-08,570.0965854,567.7599179,0.4098722299
forward,weekend,2025-05-09,959.8652709,1078.97504,-12.40900908
forward,weekend,2025-05-10,670.1981518,634.2505284,5.363730618
forward,weekend,2025-05-11,526.3108094,536.0200168,-1.844766853
forward,weekend,2025-05-12,677.1894552,685.6239326,-1.245512209
forward,weekend,2025-05-13,393.2744161,394.9976478,-0.4381753973
forward,weekend,2025-05-14,401.9474629,403.301265,-0.3368107056
forward,weekend,2025-05-15,419.3167213,417.889818,0.3402924778
forward,weekend,2025-05-16,934.2863157,1008.173576,-7.908417303
forward,weekend,2025-05-17,839.3619634,803.4434866,4.279259522
forward,weekend,2025-05-18,556.6479238,559.878094,-0.5802896395
forward,weekend,2025-05-19,598.8409113,598.5325207,0.05149791244
forward,weekend,2025-05-20,582.4854416,588.0588887,-0.9568388529
forward,weekend,2025-05-21,553.9710955,548.7549215,0.9415967788
forward,weekend,2025-05-22,362.5768084,359.6501788,0.8071750925
forward,weekend,2025-05-23,511.3277158,535.5439497,-4.735951758
forward,weekend,2025-05-24,851.6788142,808.2982023,5.09354127
forward,weekend,2025-05-25,458.3766874,462.2310343,-0.8408688849
forward,weekend,2025-05-26,633.1352451,617.3414135,2.494543102
forward,weekend,2025-05-27,472.2149835,474.8355804,-0.5549584278
forward,weekend,2025-05-28,610.9061111,607.6585418,0.5315987638
forward,weekend,2025-05-29,488.7196981,483.7150994,1.024022289
forward,weekend,2025-05-30,599.6110742,632.1105377,-5.420090617
forward,weekend,2025-05-31,523.2125987,499.5789813,4.517019926
forward,weekend,2025-06-01,1781.401645,1791.496586,-0.5666852778
forward,weekend,2025-06-02,1344.816141,1355.680513,-0.8078704088
forward,weekend,2025-06-03,780.721788,783.4456911,-0.3488954872
forward,weekend,2025-06-04,820.97014,825.796018,-0.5878262517
forward,weekend,2025-06-05,539.6356994,535.999666,0.6737940665
forward,weekend,2025-06-06,2076.227795,2274.598978,-9.554403573
forward,weekend,2025-06-07,767.7410997,763.891223,0.5014550853
forward,weekend,2025-06-08,715.3690157,703.9135929,1.601330583
forward,weekend,2025-06-09,553.671944,524.8303014,5.209157324
forward,weekend,2025-06-10,557.7872863,540.5496233,3.090364977
forward,weekend,2025-06-11,984.5674271,963.6545569,2.124066842
forward,weekend,2025-06-12,505.4999705,486.5894126,3.740961224
forward,weekend,2025-06-13,1762.587863,1949.798567,-10.62135442
forward,weekend,2025-06-14,1438.46531,1360.266522,5.436265102
forward,weekend,2025-06-15,539.6655543,581.109912,-7.67963741
forward,weekend,2025-06-16,476.6720775,459.142257,3.677542982
forward,weekend,2025-06-17,715.4017844,708.3088225,0.9914655113
forward,weekend,2025-06-18,420.4051714,420.2907178,0.02722457931
forward,weekend,2025-06-19,524.1827071,522.7993505,0.2639073364
forward,weekend,2025-06-20,1466.863983,1607.174275,-9.565323892
forward,weekend,2025-06-21,1510.126204,1419.707105,5.987519359
forward,weekend,2025-06-22,608.7725897,614.7899592,-0.9884429252
forward,weekend,2025-06-23,524.2780894,525.7784498,-0.2861764389
forward,weekend,2025-06-24,989.6398691,978.2469511,1.151218568
forward,weekend,2025-06-25,568.5349252,567.2177758,0.2316743219
forward,weekend,2025-06-26,553.2216243,553.0720854,0.0270305615
forward,weekend,2025-06-27,1087.076058,1190.941906,-9.554607246
forward,weekend,2025-06-28,906.3035117,844.9425376,6.770466335
forward,weekend,2025-06-29,569.4869016,584.3890034,-2.616759345
forward,weekend,2025-06-30,540.0532783,530.7452174,1.723544924
forward,weekend,2025-07-01,773.1645485,767.1082971,0.7833069181
forward,weekend,2025-07-02,923.0908915,924.383223,-0.1400004606
forward,weekend,2025-07-03,771.2886309,760.9197887,1.344353043
forward,weekend,2025-07-04,2328.031486,2467.519963,-5.991692013
forward,weekend,2025-07-05,1304.630318,1469.236006,-12.61703687
forward,weekend,2025-07-06,740.9554939,778.1498445,-5.019782013
forward,weekend,2025-07-07,698.8098321,700.6652027,-0.2655043617
forward,weekend,2025-07-08,774.7563799,766.2405229,1.099165773
forward,weekend,2025-07-09,566.9682024,558.0597818,1.571238127
forward,weekend,2025-07-10,570.6011768,554.9512684,2.742705244
forward,weekend,2025-07-11,1328.474104,1393.338973,-4.88265968
forward,weekend,2025-07-12,1052.232687,1023.59206,2.721890993
forward,weekend,2025-07-13,865.164505,892.99531,-3.216822327
forward,weekend,2025-07-14,536.5844079,533.5088518,0.5731728328
forward,weekend,2025-07-15,629.2544918,626.1851099,0.4877806816
forward,weekend,2025-07-16,559.9749878,554.1410418,1.041822606
forward,weekend,2025-07-17,516.3598065,512.7086383,0.7070976713
forward,weekend,2025-07-18,1087.237959,1164.632095,-7.118417344
forward,weekend,2025-07-19,1176.574979,1105.575107,6.034453676
forward,weekend,2025-07-20,469.5535589,481.6038088,-2.56632064
forward,weekend,2025-07-21,473.5084965,467.8733684,1.190079614
forward,weekend,2025-07-22,489.1029064,486.4187394,0.5487939175
forward,weekend,2025-07-23,477.5473873,476.7386782,0.1693463539
forward,weekend,2025-07-24,534.1981209,529.2281368,0.9303634502
forward,weekend,2025-07-25,1133.735233,1240.353878,-9.404192606
forward,weekend,2025-07-26,824.1183965,781.411801,5.182094668
forward,weekend,2025-07-27,472.2529779,482.6004957,-2.191096358
forward,weekend,2025-07-28,565.1846722,561.2711327,0.6924355208
forward,weekend,2025-07-29,522.8392033,518.4224892,0.8447557343
forward,weekend,2025-07-30,536.4196584,535.9840941,0.08119842085
forward,weekend,2025-07-31,396.5168187,393.1326514,0.8534738197
forward,weekend,2025-08-01,977.5535237,1024.802119,-4.833351194
forward,weekend,2025-08-02,973.1878051,951.1664781,2.262803426
forward,weekend,2025-08-03,1057.793235,1042.899486,1.408001993
forward,weekend,2025-08-04,540.159502,592.0784584,-9.611782484
forward,weekend,2025-08-05,524.4639705,540.6786137,-3.091660069
forward,weekend,2025-08-06,590.1373312,589.2614408,0.1484214563
forward,weekend,2025-08-07,673.3053263,693.1966938,-2.954286374
forward,weekend,2025-08-08,1414.937139,1494.229575,-5.603954724
forward,weekend,2025-08-09,703.0429052,696.8621321,0.8791459313
forward,weekend,2025-08-10,530.6367388,538.6534088,-1.510764221
forward,weekend,2025-08-11,571.2028395,581.6293924,-1.825367829
forward,weekend,2025-08-12,454.9371979,447.2321657,1.693647454
forward,weekend,2025-08-13,491.7523243,494.9992587,-0.6602783974
forward,weekend,2025-08-14,574.6330879,578.5753958,-0.6860565397
forward,weekend,2025-08-15,829.8917081,842.3331907,-1.499169407
forward,weekend,2025-08-16,757.3294175,744.6670393,1.671977587
forward,weekend,2025-08-17,592.1525539,581.7125685,1.763056716
forward,weekend,2025-08-18,542.4279074,552.9963304,-1.948355322
forward,weekend,2025-08-19,398.7274509,404.2226642,-1.378187838
forward,weekend,2025-08-20,623.3559454,615.1673529,1.313630296
forward,weekend,2025-08-21,486.5327888,489.4075885,-0.590874814
forward,weekend,2025-08-22,628.7353905,653.1318323,-3.88023995
forward,weekend,2025-08-23,521.1719376,511.2250043,1.908570401
forward,weekend,2025-08-24,764.6014747,756.3899854,1.073956763
forward,weekend,2025-08-25,530.9061353,515.2189215,2.95479987
forward,weekend,2025-08-26,557.6445279,567.6660529,-1.797117069
forward,weekend,2025-08-27,518.2608234,522.6323976,-0.8435085179
forward,weekend,2025-08-28,668.8388138,659.3114397,1.424464893
forward,weekend,2025-08-29,660.0857565,676.7049725,-2.517735891
forward,weekend,2025-08-30,961.1683541,950.6315853,1.096245916
forward,weekend,2025-08-31,530.7392597,536.6688782,-1.117237577
forward,weekend,2025-09-01,962.2456106,975.0819342,-1.333996583
forward,weekend,2025-09-02,870.7729764,875.2287072,-0.5116983388
forward,weekend,2025-09-03,658.2103931,652.0154819,0.9411749334
forward,weekend,2025-09-04,740.682426,737.5706376,0.4201245188
forward,weekend,2025-09-05,1288.275147,1317.468382,-2.26607144
forward,weekend,2025-09-06,1166.946037,1194.058949,-2.323407561
forward,weekend,2025-09-07,682.9812979,707.0086974,-3.518017192
forward,weekend,2025-09-08,733.2509223,707.7327588,3.480140665
forward,weekend,2025-09-09,689.4827257,674.7015399,2.143807999
forward,weekend,2025-09-10,843.632279,815.3032605,3.357981816
forward,weekend,2025-09-11,689.0131743,665.8602958,3.360295476
forward,weekend,2025-09-12,710.8838463,714.8211633,-0.5538622048
forward,weekend,2025-09-13,867.746829,863.5574641,0.482786548
forward,weekend,2025-09-14,674.306797,716.7181383,-6.289620915
forward,weekend,2025-09-15,645.547557,634.7670848,1.669973349
forward,weekend,2025-09-16,578.6442593,560.5557889,3.12600878
forward,weekend,2025-09-17,584.4826725,577.7585132,1.150446306
forward,weekend,2025-09-18,539.0381295,522.5104924,3.066135064
forward,weekend,2025-09-19,748.842911,752.5748548,-0.4983613743
forward,weekend,2025-09-20,635.7135558,642.6206212,-1.086505911
forward,weekend,2025-09-21,532.752606,546.4055235,-2.562712477
forward,weekend,2025-09-22,489.4771912,485.9576,0.7190511146
forward,weekend,2025-09-23,553.3046027,544.0197403,1.678074308
forward,weekend,2025-09-24,486.5218872,482.548473,0.8166979337
forward,weekend,2025-09-25,392.1196142,386.4545027,1.444740672
forward,weekend,2025-09-26,758.3193219,794.7577471,-4.805155844
forward,weekend,2025-09-27,720.7049907,697.2784102,3.250508995
forward,weekend,2025-09-28,581.8519461,606.0519512,-4.159134505
forward,weekend,2025-09-29,397.184773,402.4618185,-1.328612244
forward,weekend,2025-09-30,621.0344165,619.2277391,0.2909142138
forward,weekend,2025-10-01,1130.564111,1133.289345,-0.2410508124
forward,weekend,2025-10-02,660.8135896,655.4439053,0.8125868355
forward,weekend,2025-10-03,963.3075974,1064.664652,-10.52177463
forward,weekend,2025-10-04,714.1966347,684.5768977,4.14728039
forward,weekend,2025-10-05,436.4485173,444.0910747,-1.751078778
forward,weekend,2025-10-06,370.782237,376.2084635,-1.463453736
forward,weekend,2025-10-07,387.9841356,388.1654722,-0.04673817028
forward,weekend,2025-10-08,469.7568097,469.5786506,0.03792581796
forward,weekend,2025-10-09,476.9843751,471.51909,1.145799601
forward,weekend,2025-10-10,737.4319559,765.2762735,-3.775849057
forward,weekend,2025-10-11,571.9166558,553.3463542,3.247029334
forward,weekend,2025-10-12,407.3949268,410.8382697,-0.8452100454
forward,weekend,2025-10-13,377.9041758,376.2050303,0.4496233695
forward,weekend,2025-10-14,451.6047601,450.1083271,0.3313590009
forward,weekend,2025-10-15,507.7423456,514.3767228,-1.306642489
forward,weekend,2025-10-16,607.843742,604.2480062,0.5915559504
forward,weekend,2025-10-17,567.8723265,611.1188999,-7.615545151
forward,weekend,2025-10-18,552.9603474,526.9906748,4.696480087
forward,weekend,2025-10-19,587.0894432,599.4882921,-2.111918219
forward,weekend,2025-10-20,582.2202391,590.8733156,-1.486220499
forward,weekend,2025-10-21,661.6699966,670.6024678,-1.349988862
forward,weekend,2025-10-22,553.6901027,547.7969657,1.064338506
forward,weekend,2025-10-23,415.5338044,418.1801214,-0.6368475737
forward,weekend,2025-10-24,629.5893319,694.2209735,-10.26568245
forward,weekend,2025-10-25,567.1619521,550.8754589,2.871577175
forward,weekend,2025-10-26,377.7963821,382.8356188,-1.333849897
forward,weekend,2025-10-27,520.3108927,528.6339936,-1.599639941
forward,weekend,2025-10-28,471.1065122,475.9405989,-1.026113329
forward,weekend,2025-10-29,712.4554943,711.0903042,0.1916175912
forward,weekend,2025-10-30,362.7157656,363.4272849,-0.1961644106
forward,weekend,2025-10-31,711.0058173,747.5172743,-5.135184
forward,weekend,2025-11-01,468.9399689,455.0764556,2.956351397
forward,weekend,2025-11-02,439.9680188,453.0515578,-2.973747737
forward,weekend,2025-11-03,520.5694773,529.2375806,-1.665119381
forward,weekend,2025-11-04,355.1855352,356.5858678,-0.3942538175
forward,weekend,2025-11-05,404.7663358,403.3775198,0.343115497
forward,weekend,2025-11-06,599.3881939,595.7716371,0.6033747131
forward,weekend,2025-11-07,858.4346337,929.0391409,-8.224797138
forward,weekend,2025-11-08,541.1229749,511.4133349,5.490367499
forward,weekend,2025-11-09,465.9498878,475.5934651,-2.06965976
forward,weekend,2025-11-10,627.4774905,635.8337207,-1.331717915
forward,weekend,2025-11-11,352.8840105,354.9902417,-0.5968621734
forward,weekend,2025-11-12,341.0786543,342.2696242,-0.3491775052
forward,weekend,2025-11-13,460.4232746,463.231044,-0.6098235291
forward,weekend,2025-11-14,649.3782319,695.6658917,-7.127996844
forward,weekend,2025-11-15,558.3214469,541.5521538,3.003519422
forward,weekend,2025-11-16,552.7730037,563.9772324,-2.026913148
forward,weekend,2025-11-17,354.7090374,360.668396,-1.68006956
forward,weekend,2025-11-18,543.1275305,547.7029079,-0.8424130777
forward,weekend,2025-11-19,446.6366075,451.8037247,-1.156895127
forward,weekend,2025-11-20,451.3459117,447.8568387,0.7730374504
forward,weekend,2025-11-21,671.9072423,739.2894268,-10.02849505
forward,weekend,2025-11-22,598.7428083,561.2558875,6.260938795
forward,weekend,2025-11-23,524.7499695,524.3477281,0.07665392181
forward,weekend,2025-11-24,342.1443236,338.3533445,1.108005822
forward,weekend,2025-11-25,453.9471763,458.3400004,-0.9676949874
forward,weekend,2025-11-26,516.0640994,515.1062647,0.1856038274
forward,weekend,2025-11-27,423.4724017,419.2960125,0.9862246587
forward,weekend,2025-11-28,643.0357776,708.1128694,-10.12029097
forward,weekend,2025-11-29,837.9670733,820.2507749,2.114199822
forward,weekend,2025-11-30,740.724703,751.8249051,-1.498559729
forward,weekend,2025-12-01,497.3509123,483.4591593,2.793149188
forward,weekend,2025-12-02,498.6986843,485.9851693,2.549337975
forward,weekend,2025-12-03,450.9525943,442.9700227,1.770157594
forward,weekend,2025-12-04,424.5080809,409.3149405,3.578999106
forward,weekend,2025-12-05,450.6469115,475.3521923,-5.482181317
forward,weekend,2025-12-06,535.9190086,508.5262984,5.111352595
forward,weekend,2025-12-07,367.9304297,380.4608851,-3.405658878
forward,weekend,2025-12-08,338.0670989,341.0959909,-0.8959440306
forward,weekend,2025-12-09,325.4863778,323.2900662,0.6747783464
forward,weekend,2025-12-10,375.669708,378.5720469,-0.7725772936
forward,weekend,2025-12-11,305.2281207,302.3708109,0.9361227119
forward,weekend,2025-12-12,703.1141341,764.4749626,-8.727008254
forward,weekend,2025-12-13,677.4660997,620.9535552,8.341752381
forward,weekend,2025-12-14,335.4479344,337.459594,-0.5996935587
forward,weekend,2025-12-15,385.3943896,387.7957864,-0.6231011267
forward,weekend,2025-12-16,344.8646394,345.634364,-0.2231961493
forward,weekend,2025-12-17,256.3078233,255.8832183,0.1656621392
forward,weekend,2025-12-18,342.1930686,337.738013,1.301912878
forward,weekend,2025-12-19,699.6300862,772.4116241,-10.40285993
forward,weekend,2025-12-20,636.9839887,574.9061047,9.745595667
forward,weekend,2025-12-21,392.0355106,392.9688604,-0.2380778789
forward,weekend,2025-12-22,256.8058412,256.2500147,0.2164384166
forward,weekend,2025-12-23,243.1822831,243.0254847,0.06447771816
forward,weekend,2025-12-24,295.9979707,293.4001045,0.8776635089
forward,weekend,2025-12-25,304.1051891,303.2949129,0.2664460101
forward,weekend,2025-12-26,647.101531,708.1578216,-9.435349422
forward,weekend,2025-12-27,567.9223686,512.5399968,9.751750386
forward,weekend,2025-12-28,298.5884102,303.2308587,-1.554798646
forward,weekend,2025-12-29,278.205321,278.6176326,-0.1482040676
forward,weekend,2025-12-30,298.150019,296.508155,0.5506838379
forward,weekend,2025-12-31,310.7931254,311.0580216,-0.08523230781
forward,load_lag_7d,2025-02-01,649.9126661,567.556893,12.67182151
forward,load_lag_7d,2025-02-02,555.3082447,587.9256677,-5.873750887
forward,load_lag_7d,2025-02-03,387.9765298,399.3193234,-2.923577251
forward,load_lag_7d,2025-02-04,312.7180214,313.1318855,-0.1323441983
forward,load_lag_7d,2025-02-05,335.4592409,338.657167,-0.9532979553
forward,load_lag_7d,2025-02-06,347.5406159,353.3227771,-1.663736811
forward,load_lag_7d,2025-02-07,845.0248596,678.6178308,19.69256016
forward,load_lag_7d,2025-02-08,586.531052,508.1073611,13.3707654
forward,load_lag_7d,2025-02-09,358.1072431,346.1204364,3.347267321
forward,load_lag_7d,2025-02-10,693.3869329,746.894419,-7.716829319
forward,load_lag_7d,2025-02-11,444.1128612,461.8667152,-3.997599615
forward,load_lag_7d,2025-02-12,397.7100884,407.0516223,-2.348830002
forward,load_lag_7d,2025-02-13,661.4949652,682.8361826,-3.226210111
forward,load_lag_7d,2025-02-14,791.0533206,563.5453616,28.76012945
forward,load_lag_7d,2025-02-15,459.586202,369.9835696,19.49637131
forward,load_lag_7d,2025-02-16,396.75561,390.0534878,1.689231849
forward,load_lag_7d,2025-02-17,563.0621863,603.0732347,-7.105973246
forward,load_lag_7d,2025-02-18,391.1503954,397.8117336,-1.703012001
forward,load_lag_7d,2025-02-19,385.2481068,387.2859181,-0.5289607548
forward,load_lag_7d,2025-02-20,419.8034605,428.9486707,-2.178450413
forward,load_lag_7d,2025-02-21,738.9979466,568.2627051,23.10361514
forward,load_lag_7d,2025-02-22,438.3108384,331.8983345,24.27786279
forward,load_lag_7d,2025-02-23,407.2563453,411.3412811,-1.003037979
forward,load_lag_7d,2025-02-24,517.0319276,549.5788618,-6.294956362
forward,load_lag_7d,2025-02-25,697.5424416,755.0818397,-8.24887415
forward,load_lag_7d,2025-02-26,375.8693566,379.7033356,-1.020029684
forward,load_lag_7d,2025-02-27,511.0347457,527.0273587,-3.129457077
forward,load_lag_7d,2025-02-28,735.3651128,594.8214186,19.11209706
forward,load_lag_7d,2025-03-01,558.0325486,449.369461,19.47253577
forward,load_lag_7d,2025-03-02,770.0252701,753.4744884,2.149381636
forward,load_lag_7d,2025-03-03,468.4594732,438.5829058,6.377620503
forward,load_lag_7d,2025-03-04,423.263696,420.8603064,0.5678232349
forward,load_lag_7d,2025-03-05,561.0555262,594.7207893,-6.000344269
forward,load_lag_7d,2025-03-06,486.7523984,506.6007775,-4.077715712
forward,load_lag_7d,2025-03-07,771.2985282,696.5053841,9.697042252
forward,load_lag_7d,2025-03-08,666.6967988,552.9092633,17.06735891
forward,load_lag_7d,2025-03-09,606.9855063,642.907077,-5.918027743
forward,load_lag_7d,2025-03-10,501.6294177,497.5448897,0.8142520908
forward,load_lag_7d,2025-03-11,495.699176,514.409877,-3.774608048
forward,load_lag_7d,2025-03-12,534.6487332,567.118065,-6.07302137
forward,load_lag_7d,2025-03-13,601.1728884,591.7722197,1.563721337
forward,load_lag_7d,2025-03-14,856.9149273,767.6946718,10.4117985
forward,load_lag_7d,2025-03-15,585.6428594,549.1554642,6.230315049
forward,load_lag_7d,2025-03-16,513.5495956,522.3585142,-1.715300473
forward,load_lag_7d,2025-03-17,790.6132064,858.2321528,-8.552721601
forward,load_lag_7d,2025-03-18,454.5897706,466.0360244,-2.517930343
forward,load_lag_7d,2025-03-19,489.7796322,512.7290998,-4.685672105
forward,load_lag_7d,2025-03-20,348.5370858,344.6116321,1.126265712
forward,load_lag_7d,2025-03-21,1019.656077,931.0559744,8.689214427
forward,load_lag_7d,2025-03-22,608.0426195,458.2972987,24.62743828
forward,load_lag_7d,2025-03-23,604.4921951,641.522637,-6.12587594
forward,load_lag_7d,2025-03-24,498.7262495,512.9279756,-2.847599483
forward,load_lag_7d,2025-03-25,454.3773091,444.7321409,2.122722255
forward,load_lag_7d,2025-03-26,654.5632813,709.2499866,-8.354685769
forward,load_lag_7d,2025-03-27,428.337034,431.8466391,-0.8193559802
forward,load_lag_7d,2025-03-28,797.4490157,689.2168187,13.57230304
forward,load_lag_7d,2025-03-29,1039.809922,856.764326,17.60375547
forward,load_lag_7d,2025-03-30,521.7977446,553.3410185,-6.045115017
forward,load_lag_7d,2025-03-31,510.0464027,511.6869499,-0.321646652
forward,load_lag_7d,2025-04-01,616.1548921,610.7029735,0.8848292317
forward,load_lag_7d,2025-04-02,577.0552803,559.9814591,2.958784323
forward,load_lag_7d,2025-04-03,489.5735505,506.2464673,-3.40559999
forward,load_lag_7d,2025-04-04,809.9339488,710.6957586,12.25262755
forward,load_lag_7d,2025-04-05,523.3354063,504.859274,3.530457163
forward,load_lag_7d,2025-04-06,429.6799735,443.458595,-3.206717177
forward,load_lag_7d,2025-04-07,608.8673578,636.0963724,-4.472076589
forward,load_lag_7d,2025-04-08,492.9938536,505.2412147,-2.484282712
forward,load_lag_7d,2025-04-09,435.9814569,426.7899523,2.10823293
forward,load_lag_7d,2025-04-10,505.7628258,517.3646349,-2.293922869
forward,load_lag_7d,2025-04-11,695.0433617,609.8779234,12.2532554
forward,load_lag_7d,2025-04-12,694.4569991,571.9839161,17.63580512
forward,load_lag_7d,2025-04-13,401.2989052,400.9996363,0.07457505915
forward,load_lag_7d,2025-04-14,468.0978578,487.1902994,-4.078728682
forward,load_lag_7d,2025-04-15,676.6120787,714.6910084,-5.627882037
forward,load_lag_7d,2025-04-16,392.5708658,389.4530111,0.794214481
forward,load_lag_7d,2025-04-17,399.8379295,404.2941289,-1.114501434
forward,load_lag_7d,2025-04-18,532.1341426,438.7932278,17.54086184
forward,load_lag_7d,2025-04-19,541.252264,391.4967524,27.66833908
forward,load_lag_7d,2025-04-20,438.3899252,447.9652806,-2.184209736
forward,load_lag_7d,2025-04-21,692.9391557,743.1424841,-7.244983633
forward,load_lag_7d,2025-04-22,430.609499,432.8204266,-0.5134414292
forward,load_lag_7d,2025-04-23,465.7354327,474.1505725,-1.806849818
forward,load_lag_7d,2025-04-24,697.7759138,732.9314319,-5.038224644
forward,load_lag_7d,2025-04-25,828.764054,653.6068646,21.1347474
forward,load_lag_7d,2025-04-26,1101.866909,945.051656,14.23177809
forward,load_lag_7d,2025-04-27,543.6771007,562.4104892,-3.445682841
forward,load_lag_7d,2025-04-28,710.7371942,673.6558959,5.217300937
forward,load_lag_7d,2025-04-29,616.1348118,649.2350201,-5.372234721
forward,load_lag_7d,2025-04-30,665.230121,696.9980882,-4.775485393
forward,load_lag_7d,2025-05-01,590.2860976,595.3536517,-0.858491184
forward,load_lag_7d,2025-05-02,929.9597932,1120.910378,-20.53320868
forward,load_lag_7d,2025-05-03,554.2271344,524.4444113,5.373739623
forward,load_lag_7d,2025-05-04,621.0851878,623.2226154,-0.3441440272
forward,load_lag_7d,2025-05-05,492.5459306,485.7613788,1.377445491
forward,load_lag_7d,2025-05-06,532.9026858,524.8054926,1.519450628
forward,load_lag_7d,2025-05-07,421.702442,400.8925721,4.934728342
forward,load_lag_7d,2025-05-08,570.0965854,559.8866483,1.790913578
forward,load_lag_7d,2025-05-09,959.8652709,412.1844852,57.05808954
forward,load_lag_7d,2025-05-10,670.1981518,583.3548732,12.95785111
forward,load_lag_7d,2025-05-11,526.3108094,511.9636305,2.725989788
forward,load_lag_7d,2025-05-12,677.1894552,683.2777157,-0.8990483353
forward,load_lag_7d,2025-05-13,393.2744161,385.3422457,2.016955619
forward,load_lag_7d,2025-05-14,401.9474629,397.0598227,1.215989827
forward,load_lag_7d,2025-05-15,419.3167213,415.9169055,0.810799004
forward,load_lag_7d,2025-05-16,934.2863157,638.7885166,31.62818443
forward,load_lag_7d,2025-05-17,839.3619634,678.8131704,19.12748016
forward,load_lag_7d,2025-05-18,556.6479238,551.7968144,0.8714861231
forward,load_lag_7d,2025-05-19,598.8409113,621.9842186,-3.864683734
forward,load_lag_7d,2025-05-20,582.4854416,572.7679392,1.668282465
forward,load_lag_7d,2025-05-21,553.9710955,555.2720065,-0.2348337315
forward,load_lag_7d,2025-05-22,362.5768084,358.9259406,1.006922601
forward,load_lag_7d,2025-05-23,511.3277158,425.6235637,16.76110044
forward,load_lag_7d,2025-05-24,851.6788142,565.9078394,33.55384331
forward,load_lag_7d,2025-05-25,458.3766874,467.8922592,-2.075928399
forward,load_lag_7d,2025-05-26,633.1352451,599.1983144,5.360139246
forward,load_lag_7d,2025-05-27,472.2149835,477.7063261,-1.16289037
forward,load_lag_7d,2025-05-28,610.9061111,606.4409567,0.7309068144
forward,load_lag_7d,2025-05-29,488.7196981,473.4331143,3.127883703
forward,load_lag_7d,2025-05-30,599.6110742,478.3271132,20.2271049
forward,load_lag_7d,2025-05-31,523.2125987,461.8319014,11.73150216
forward,load_lag_7d,2025-06-01,1781.401645,1724.830127,3.1756745
forward,load_lag_7d,2025-06-02,1344.816141,1332.92787,0.8840072048
forward,load_lag_7d,2025-06-03,780.721788,777.2286766,0.4474207638
forward,load_lag_7d,2025-06-04,820.97014,821.2745456,-0.03707876902
forward,load_lag_7d,2025-06-05,539.6356994,538.9062972,0.1351656703
forward,load_lag_7d,2025-06-06,2076.227795,1400.421877,32.54970001
forward,load_lag_7d,2025-06-07,767.7410997,791.5233933,-3.097697076
forward,load_lag_7d,2025-06-08,715.3690157,735.5928774,-2.827053061
forward,load_lag_7d,2025-06-09,553.671944,554.2545322,-0.1052226353
forward,load_lag_7d,2025-06-10,557.7872863,550.6312804,1.282927384
forward,load_lag_7d,2025-06-11,984.5674271,970.8329773,1.394973
forward,load_lag_7d,2025-06-12,505.4999705,502.1692835,0.6588896565
forward,load_lag_7d,2025-06-13,1762.587863,782.9994271,55.57671516
forward,load_lag_7d,2025-06-14,1438.46531,792.7716022,44.88768018
forward,load_lag_7d,2025-06-15,539.6655543,497.0056749,7.904873484
forward,load_lag_7d,2025-06-16,476.6720775,446.4506896,6.340079331
forward,load_lag_7d,2025-06-17,715.4017844,689.3043964,3.64793444
forward,load_lag_7d,2025-06-18,420.4051714,412.1553204,1.962357159
forward,load_lag_7d,2025-06-19,524.1827071,527.859432,-0.7014204943
forward,load_lag_7d,2025-06-20,1466.863983,625.9014269,57.3306432
forward,load_lag_7d,2025-06-21,1510.126204,823.0630594,45.49706792
forward,load_lag_7d,2025-06-22,608.7725897,585.8396012,3.767086246
forward,load_lag_7d,2025-06-23,524.2780894,507.1138177,3.273886908
forward,load_lag_7d,2025-06-24,989.6398691,957.0114457,3.296999679
forward,load_lag_7d,2025-06-25,568.5349252,551.6198099,2.975211293
forward,load_lag_7d,2025-06-26,553.2216243,552.9610025,0.04710983732
forward,load_lag_7d,2025-06-27,1087.076058,600.453107,44.76438861
forward,load_lag_7d,2025-06-28,906.3035117,572.9429074,36.7824465
forward,load_lag_7d,2025-06-29,569.4869016,539.5447439,5.257743009
forward,load_lag_7d,2025-06-30,540.0532783,510.421813,5.486767048
forward,load_lag_7d,2025-07-01,773.1645485,768.7723058,0.568086402
forward,load_lag_7d,2025-07-02,923.0908915,936.2071035,-1.420901469
forward,load_lag_7d,2025-07-03,771.2886309,765.1334038,0.7980445745
forward,load_lag_7d,2025-07-04,2328.031486,1029.66951,55.77080823
forward,load_lag_7d,2025-07-05,1304.630318,731.1204075,43.95957248
forward,load_lag_7d,2025-07-06,740.9554939,722.0559349,2.550700964
forward,load_lag_7d,2025-07-07,698.8098321,710.8012311,-1.715974561
forward,load_lag_7d,2025-07-08,774.7563799,776.3936753,-0.2113303494
forward,load_lag_7d,2025-07-09,566.9682024,562.4513083,0.7966750236
forward,load_lag_7d,2025-07-10,570.6011768,556.9655528,2.389694332
forward,load_lag_7d,2025-07-11,1328.474104,1006.160094,24.26197158
forward,load_lag_7d,2025-07-12,1052.232687,716.7796145,31.88012275
forward,load_lag_7d,2025-07-13,865.164505,850.8471771,1.654867694
forward,load_lag_7d,2025-07-14,536.5844079,520.3937965,3.017346593
forward,load_lag_7d,2025-07-15,629.2544918,640.6795349,-1.815647439
forward,load_lag_7d,2025-07-16,559.9749878,554.56076,0.9668695802
forward,load_lag_7d,2025-07-17,516.3598065,503.1617104,2.555988262
forward,load_lag_7d,2025-07-18,1087.237959,616.9623511,43.25415648
forward,load_lag_7d,2025-07-19,1176.574979,761.7176584,35.25974357
forward,load_lag_7d,2025-07-20,469.5535589,449.9762659,4.169341843
forward,load_lag_7d,2025-07-21,473.5084965,452.9073127,4.350752717
forward,load_lag_7d,2025-07-22,489.1029064,479.9167353,1.878167362
forward,load_lag_7d,2025-07-23,477.5473873,457.5266138,4.192416078
forward,load_lag_7d,2025-07-24,534.1981209,524.2396934,1.86418243
forward,load_lag_7d,2025-07-25,1133.735233,626.0183676,44.78266622
forward,load_lag_7d,2025-07-26,824.1183965,568.1706415,31.05715831
forward,load_lag_7d,2025-07-27,472.2529779,456.007425,3.44001069
forward,load_lag_7d,2025-07-28,565.1846722,553.7353714,2.025762794
forward,load_lag_7d,2025-07-29,522.8392033,517.4688065,1.027160312
forward,load_lag_7d,2025-07-30,536.4196584,521.8628264,2.713702189
forward,load_lag_7d,2025-07-31,396.5168187,383.3365948,3.324001218
forward,load_lag_7d,2025-08-01,977.5535237,804.4683097,17.70595776
forward,load_lag_7d,2025-08-02,973.1878051,822.6466954,15.46886519
forward,load_lag_7d,2025-08-03,1057.793235,1127.917863,-6.629332246
forward,load_lag_7d,2025-08-04,540.159502,545.9307379,-1.068431806
forward,load_lag_7d,2025-08-05,524.4639705,528.317898,-0.734831696
forward,load_lag_7d,2025-08-06,590.1373312,591.114738,-0.1656236059
forward,load_lag_7d,2025-08-07,673.3053263,684.2926631,-1.631850572
forward,load_lag_7d,2025-08-08,1414.937139,1318.93687,6.7847727
forward,load_lag_7d,2025-08-09,703.0429052,621.7031278,11.56967473
forward,load_lag_7d,2025-08-10,530.6367388,526.460351,0.7870521297
forward,load_lag_7d,2025-08-11,571.2028395,582.7975211,-2.029871136
forward,load_lag_7d,2025-08-12,454.9371979,439.3442419,3.42749639
forward,load_lag_7d,2025-08-13,491.7523243,494.6142563,-0.5819864754
forward,load_lag_7d,2025-08-14,574.6330879,575.2554987,-0.108314464
forward,load_lag_7d,2025-08-15,829.8917081,756.5105047,8.842262509
forward,load_lag_7d,2025-08-16,757.3294175,634.8260719,16.17570145
forward,load_lag_7d,2025-08-17,592.1525539,609.9260081,-3.001499202
forward,load_lag_7d,2025-08-18,542.4279074,543.9895419,-0.2878971492
forward,load_lag_7d,2025-08-19,398.7274509,399.8235199,-0.2748917639
forward,load_lag_7d,2025-08-20,623.3559454,605.6816812,2.835340611
forward,load_lag_7d,2025-08-21,486.5327888,489.8821909,-0.6884226799
forward,load_lag_7d,2025-08-22,628.7353905,571.8156556,9.053050888
forward,load_lag_7d,2025-08-23,521.1719376,475.0734116,8.845166569
forward,load_lag_7d,2025-08-24,764.6014747,792.5573358,-3.656265663
forward,load_lag_7d,2025-08-25,530.9061353,490.9626623,7.523641234
forward,load_lag_7d,2025-08-26,557.6445279,557.5742832,0.01259668125
forward,load_lag_7d,2025-08-27,518.2608234,511.3299442,1.337334184
forward,load_lag_7d,2025-08-28,668.8388138,651.5188661,2.589554814
forward,load_lag_7d,2025-08-29,660.0857565,579.8435344,12.15633292
forward,load_lag_7d,2025-08-30,961.1683541,834.6114107,13.16699025
forward,load_lag_7d,2025-08-31,530.7392597,520.7084256,1.889974016
forward,load_lag_7d,2025-09-01,962.2456106,1009.282527,-4.888244353
forward,load_lag_7d,2025-09-02,870.7729764,913.5061107,-4.907494316
forward,load_lag_7d,2025-09-03,658.2103931,678.1002218,-3.021804101
forward,load_lag_7d,2025-09-04,740.682426,761.7192021,-2.840188365
forward,load_lag_7d,2025-09-05,1288.275147,1092.096595,15.228001
forward,load_lag_7d,2025-09-06,1166.946037,1072.556553,8.088590326
forward,load_lag_7d,2025-09-07,682.9812979,700.9280513,-2.627707889
forward,load_lag_7d,2025-09-08,733.2509223,649.9300332,11.36321642
forward,load_lag_7d,2025-09-09,689.4827257,651.7948617,5.46610707
forward,load_lag_7d,2025-09-10,843.632279,736.7168778,12.67322315
forward,load_lag_7d,2025-09-11,689.0131743,618.2064749,10.27653782
forward,load_lag_7d,2025-09-12,710.8838463,673.5352454,5.253826081
forward,load_lag_7d,2025-09-13,867.746829,798.4276644,7.988408868
forward,load_lag_7d,2025-09-14,674.306797,578.0768457,14.27094488
forward,load_lag_7d,2025-09-15,645.547557,614.5107564,4.807825569
forward,load_lag_7d,2025-09-16,578.6442593,471.8032242,18.46402749
forward,load_lag_7d,2025-09-17,584.4826725,533.7147626,8.685956363
forward,load_lag_7d,2025-09-18,539.0381295,446.4999079,17.16728679
forward,load_lag_7d,2025-09-19,748.842911,734.2867429,1.943821316
forward,load_lag_7d,2025-09-20,635.7135558,608.8214032,4.230231113
forward,load_lag_7d,2025-09-21,532.752606,489.757437,8.070381734
forward,load_lag_7d,2025-09-22,489.4771912,399.4410645,18.39434572
forward,load_lag_7d,2025-09-23,553.3046027,500.1269608,9.610916242
forward,load_lag_7d,2025-09-24,486.5218872,449.028253,7.706464015
forward,load_lag_7d,2025-09-25,392.1196142,363.8531648,7.208629298
forward,load_lag_7d,2025-09-26,758.3193219,634.8665686,16.27978474
forward,load_lag_7d,2025-09-27,720.7049907,623.9444149,13.42582293
forward,load_lag_7d,2025-09-28,581.8519461,524.5320241,9.851289898
forward,load_lag_7d,2025-09-29,397.184773,361.446359,8.997931541
forward,load_lag_7d,2025-09-30,621.0344165,591.6654038,4.729047517
forward,load_lag_7d,2025-10-01,1130.564111,1181.417658,-4.498068394
forward,load_lag_7d,2025-10-02,660.8135896,683.9594119,-3.502625051
forward,load_lag_7d,2025-10-03,963.3075974,581.8314081,39.60066238
forward,load_lag_7d,2025-10-04,714.1966347,522.9723734,26.7747357
forward,load_lag_7d,2025-10-05,436.4485173,439.1036799,-0.6083564189
forward,load_lag_7d,2025-10-06,370.782237,361.6111397,2.473445721
forward,load_lag_7d,2025-10-07,387.9841356,383.304659,1.206099977
forward,load_lag_7d,2025-10-08,469.7568097,451.7748903,3.827920957
forward,load_lag_7d,2025-10-09,476.9843751,473.4497584,0.7410340523
forward,load_lag_7d,2025-10-10,737.4319559,648.2093442,12.09909755
forward,load_lag_7d,2025-10-11,571.9166558,465.7385715,18.56530723
forward,load_lag_7d,2025-10-12,407.3949268,382.0120164,6.230541609
forward,load_lag_7d,2025-10-13,377.9041758,370.7865158,1.883456295
forward,load_lag_7d,2025-10-14,451.6047601,436.2192454,3.406853957
forward,load_lag_7d,2025-10-15,507.7423456,489.6956578,3.554300328
forward,load_lag_7d,2025-10-16,607.843742,592.557164,2.514886142
forward,load_lag_7d,2025-10-17,567.8723265,445.277436,21.58846007
forward,load_lag_7d,2025-10-18,552.9603474,354.6855219,35.85696993
forward,load_lag_7d,2025-10-19,587.0894432,564.7106948,3.811812431
forward,load_lag_7d,2025-10-20,582.2202391,557.6264902,4.224131571
forward,load_lag_7d,2025-10-21,661.6699966,646.1139449,2.351028726
forward,load_lag_7d,2025-10-22,553.6901027,542.6375454,1.996163063
forward,load_lag_7d,2025-10-23,415.5338044,410.4853883,1.214923087
forward,load_lag_7d,2025-10-24,629.5893319,419.5690634,33.35829531
forward,load_lag_7d,2025-10-25,567.1619521,455.9639669,19.60603753
forward,load_lag_7d,2025-10-26,377.7963821,362.338126,4.091689831
forward,load_lag_7d,2025-10-27,520.3108927,513.645681,1.281005622
forward,load_lag_7d,2025-10-28,471.1065122,460.7724016,2.193582638
forward,load_lag_7d,2025-10-29,712.4554943,700.4152958,1.689957979
forward,load_lag_7d,2025-10-30,362.7157656,354.2280018,2.340059249
forward,load_lag_7d,2025-10-31,711.0058173,704.2504084,0.9501200649
forward,load_lag_7d,2025-11-01,468.9399689,371.9166382,20.6899256
forward,load_lag_7d,2025-11-02,439.9680188,415.913109,5.467422353
forward,load_lag_7d,2025-11-03,520.5694773,499.9654104,3.957985973
forward,load_lag_7d,2025-11-04,355.1855352,345.2225338,2.805013279
forward,load_lag_7d,2025-11-05,404.7663358,396.7815424,1.972692066
forward,load_lag_7d,2025-11-06,599.3881939,587.2696256,2.021822988
forward,load_lag_7d,2025-11-07,858.4346337,623.5558444,27.36128997
forward,load_lag_7d,2025-11-08,541.1229749,380.9017537,29.6090221
forward,load_lag_7d,2025-11-09,465.9498878,448.1348758,3.823375106
forward,load_lag_7d,2025-11-10,627.4774905,611.154878,2.601306468
forward,load_lag_7d,2025-11-11,352.8840105,335.7426044,4.857518506
forward,load_lag_7d,2025-11-12,341.0786543,331.1252362,2.918217836
forward,load_lag_7d,2025-11-13,460.4232746,452.8564979,1.643439218
forward,load_lag_7d,2025-11-14,649.3782319,581.7291901,10.41750993
forward,load_lag_7d,2025-11-15,558.3214469,485.6746771,13.01163876
forward,load_lag_7d,2025-11-16,552.7730037,537.3953396,2.781912999
forward,load_lag_7d,2025-11-17,354.7090374,344.8890738,2.768456
forward,load_lag_7d,2025-11-18,543.1275305,530.4605323,2.332232761
forward,load_lag_7d,2025-11-19,446.6366075,432.3421761,3.200461224
forward,load_lag_7d,2025-11-20,451.3459117,441.7099841,2.134931847
forward,load_lag_7d,2025-11-21,671.9072423,432.5872519,35.61801025
forward,load_lag_7d,2025-11-22,598.7428083,429.3143568,28.29736727
forward,load_lag_7d,2025-11-23,524.7499695,513.2627774,2.189079127
forward,load_lag_7d,2025-11-24,342.1443236,328.4634146,3.998578371
forward,load_lag_7d,2025-11-25,453.9471763,441.751729,2.686534466
forward,load_lag_7d,2025-11-26,516.0640994,505.0421567,2.135770091
forward,load_lag_7d,2025-11-27,423.4724017,413.3299843,2.395059842
forward,load_lag_7d,2025-11-28,643.0357776,448.2292286,30.29482275
forward,load_lag_7d,2025-11-29,837.9670733,841.3985451,-0.4094996038
forward,load_lag_7d,2025-11-30,740.724703,723.4627696,2.330411465
forward,load_lag_7d,2025-12-01,497.3509123,413.6610227,16.82713101
forward,load_lag_7d,2025-12-02,498.6986843,423.2123305,15.13666591
forward,load_lag_7d,2025-12-03,450.9525943,395.6290582,12.26814898
forward,load_lag_7d,2025-12-04,424.5080809,367.1232726,13.51795427
forward,load_lag_7d,2025-12-05,450.6469115,375.4376357,16.68918034
forward,load_lag_7d,2025-12-06,535.9190086,462.6853831,13.66505467
forward,load_lag_7d,2025-12-07,367.9304297,322.4327511,12.36583739
forward,load_lag_7d,2025-12-08,338.0670989,311.7908272,7.772501901
forward,load_lag_7d,2025-12-09,325.4863778,310.1161833,4.722223612
forward,load_lag_7d,2025-12-10,375.669708,355.175275,5.455439332
forward,load_lag_7d,2025-12-11,305.2281207,293.7851948,3.74897498
forward,load_lag_7d,2025-12-12,703.1141341,446.9632734,36.43090763
forward,load_lag_7d,2025-12-13,677.4660997,359.0266768,47.00448082
forward,load_lag_7d,2025-12-14,335.4479344,310.5534971,7.421252224
forward,load_lag_7d,2025-12-15,385.3943896,362.9604828,5.821025773
forward,load_lag_7d,2025-12-16,344.8646394,321.7312301,6.707967885
forward,load_lag_7d,2025-12-17,256.3078233,240.3134337,6.240304911
forward,load_lag_7d,2025-12-18,342.1930686,328.4708073,4.010093297
forward,load_lag_7d,2025-12-19,699.6300862,327.208278,53.23124542
forward,load_lag_7d,2025-12-20,636.9839887,286.087257,55.0872138
forward,load_lag_7d,2025-12-21,392.0355106,372.2603916,5.044216276
forward,load_lag_7d,2025-12-22,256.8058412,238.2646915,7.219909659
forward,load_lag_7d,2025-12-23,243.1822831,230.8514624,5.070608175
forward,load_lag_7d,2025-12-24,295.9979707,281.6244192,4.855962848
forward,load_lag_7d,2025-12-25,304.1051891,288.2916403,5.200025955
forward,load_lag_7d,2025-12-26,647.101531,339.7506399,47.49654828
forward,load_lag_7d,2025-12-27,567.9223686,292.7047958,48.46042136
forward,load_lag_7d,2025-12-28,298.5884102,289.7499199,2.960091546
forward,load_lag_7d,2025-12-29,278.205321,266.625412,4.162360734
forward,load_lag_7d,2025-12-30,298.150019,289.7837113,2.806073178
forward,load_lag_7d,2025-12-31,310.7931254,291.8350244,6.099910029
forward,pv_lag_7d,2025-02-01,567.556893,658.1411153,-15.96037744
forward,pv_lag_7d,2025-02-02,587.9256677,554.4359237,5.69625478
forward,pv_lag_7d,2025-02-03,399.3193234,429.63199,-7.59108433
forward,pv_lag_7d,2025-02-04,313.1318855,307.7520689,1.718067313
forward,pv_lag_7d,2025-02-05,338.657167,411.6361865,-21.54952757
forward,pv_lag_7d,2025-02-06,353.3227771,333.9829032,5.473712744
forward,pv_lag_7d,2025-02-07,678.6178308,642.217181,5.363939489
forward,pv_lag_7d,2025-02-08,508.1073611,495.3818505,2.504492463
forward,pv_lag_7d,2025-02-09,346.1204364,327.7573657,5.305399137
forward,pv_lag_7d,2025-02-10,746.894419,740.0611541,0.9148903444
forward,pv_lag_7d,2025-02-11,461.8667152,447.1618753,3.18378429
forward,pv_lag_7d,2025-02-12,407.0516223,368.1052174,9.56792768
forward,pv_lag_7d,2025-02-13,682.8361826,646.1016968,5.379692345
forward,pv_lag_7d,2025-02-14,563.5453616,568.5014251,-0.8794435765
forward,pv_lag_7d,2025-02-15,369.9835696,365.8549909,1.115881638
forward,pv_lag_7d,2025-02-16,390.0534878,393.1734938,-0.7998918156
forward,pv_lag_7d,2025-02-17,603.0732347,613.4155969,-1.714942995
forward,pv_lag_7d,2025-02-18,397.8117336,353.7098426,11.08612121
forward,pv_lag_7d,2025-02-19,387.2859181,374.5474406,3.289166209
forward,pv_lag_7d,2025-02-20,428.9486707,423.657548,1.233509529
forward,pv_lag_7d,2025-02-21,568.2627051,559.8952682,1.472459289
forward,pv_lag_7d,2025-02-22,331.8983345,329.9705851,0.5808252764
forward,pv_lag_7d,2025-02-23,411.3412811,389.9600618,5.197926962
forward,pv_lag_7d,2025-02-24,549.5788618,440.7884023,19.79524088
forward,pv_lag_7d,2025-02-25,755.0818397,635.6166887,15.82148381
forward,pv_lag_7d,2025-02-26,379.7033356,334.7861492,11.82954749
forward,pv_lag_7d,2025-02-27,527.0273587,484.0141588,8.161473826
forward,pv_lag_7d,2025-02-28,594.8214186,574.9259309,3.344783353
forward,pv_lag_7d,2025-03-01,449.369461,449.4715571,-0.0227198642
forward,pv_lag_7d,2025-03-02,753.4744884,850.1078029,-12.82502805
forward,pv_lag_7d,2025-03-03,438.5829058,534.7851891,-21.93480001
forward,pv_lag_7d,2025-03-04,420.8603064,362.9325306,13.76413383
forward,pv_lag_7d,2025-03-05,594.7207893,476.1305676,19.940487
forward,pv_lag_7d,2025-03-06,506.6007775,416.346429,17.81567509
forward,pv_lag_7d,2025-03-07,696.5053841,635.968423,8.691528083
forward,pv_lag_7d,2025-03-08,552.9092633,545.0230197,1.426317848
forward,pv_lag_7d,2025-03-09,642.907077,684.6210609,-6.488337964
forward,pv_lag_7d,2025-03-10,497.5448897,513.5681474,-3.220464727
forward,pv_lag_7d,2025-03-11,514.409877,503.3915521,2.141934939
forward,pv_lag_7d,2025-03-12,567.118065,546.376205,3.657414792
forward,pv_lag_7d,2025-03-13,591.7722197,615.3177829,-3.978821995
forward,pv_lag_7d,2025-03-14,767.6946718,717.8466327,6.493211556
forward,pv_lag_7d,2025-03-15,549.1554642,593.7286398,-8.116677061
forward,pv_lag_7d,2025-03-16,522.3585142,490.2908509,6.139014195
forward,pv_lag_7d,2025-03-17,858.2321528,851.1555915,0.8245509484
forward,pv_lag_7d,2025-03-18,466.0360244,458.976859,1.514725263
forward,pv_lag_7d,2025-03-19,512.7290998,466.4937582,9.01749903
forward,pv_lag_7d,2025-03-20,344.6116321,345.9280331,-0.3819955253
forward,pv_lag_7d,2025-03-21,931.0559744,895.0491989,3.867305132
forward,pv_lag_7d,2025-03-22,458.2972987,453.9742413,0.9432866912
forward,pv_lag_7d,2025-03-23,641.522637,609.5290703,4.987129823
forward,pv_lag_7d,2025-03-24,512.9279756,431.2408557,15.92565113
forward,pv_lag_7d,2025-03-25,444.7321409,423.4732456,4.780157158
forward,pv_lag_7d,2025-03-26,709.2499866,636.2497888,10.29259065
forward,pv_lag_7d,2025-03-27,431.8466391,409.5213879,5.169717474
forward,pv_lag_7d,2025-03-28,689.2168187,526.9655725,23.54139391
forward,pv_lag_7d,2025-03-29,856.764326,797.1883083,6.953606253
forward,pv_lag_7d,2025-03-30,553.3410185,474.6660907,14.21816297
forward,pv_lag_7d,2025-03-31,511.6869499,504.2302892,1.457270062
forward,pv_lag_7d,2025-04-01,610.7029735,645.4594413,-5.691222944
forward,pv_lag_7d,2025-04-02,559.9814591,678.4268283,-21.1516591
forward,pv_lag_7d,2025-04-03,506.2464673,435.5569318,13.96346247
forward,pv_lag_7d,2025-04-04,710.6957586,580.7433723,18.28523454
forward,pv_lag_7d,2025-04-05,504.859274,683.7543814,-35.43464816
forward,pv_lag_7d,2025-04-06,443.458595,414.2600337,6.584281282
forward,pv_lag_7d,2025-04-07,636.0963724,603.197026,5.172069489
forward,pv_lag_7d,2025-04-08,505.2412147,490.3705289,2.943284387
forward,pv_lag_7d,2025-04-09,426.7899523,440.8280326,-3.289224658
forward,pv_lag_7d,2025-04-10,517.3646349,496.8513889,3.964949411
forward,pv_lag_7d,2025-04-11,609.8779234,584.6797252,4.131679014
forward,pv_lag_7d,2025-04-12,571.9839161,599.1047398,-4.74153606
forward,pv_lag_7d,2025-04-13,400.9996363,393.0421222,1.984419277
forward,pv_lag_7d,2025-04-14,487.1902994,445.0595461,8.647699532
forward,pv_lag_7d,2025-04-15,714.6910084,669.842017,6.275298111
forward,pv_lag_7d,2025-04-16,389.4530111,391.5010629,-0.5258790579
forward,pv_lag_7d,2025-04-17,404.2941289,376.364311,6.908291744
forward,pv_lag_7d,2025-04-18,438.7932278,419.6627316,4.359797513
forward,pv_lag_7d,2025-04-19,391.4967524,377.0033344,3.702053188
forward,pv_lag_7d,2025-04-20,447.9652806,416.5694667,7.008537332
forward,pv_lag_7d,2025-04-21,743.1424841,679.0089667,8.630043193
forward,pv_lag_7d,2025-04-22,432.8204266,409.3329989,5.426598717
forward,pv_lag_7d,2025-04-23,474.1505725,460.33133,2.914526159
forward,pv_lag_7d,2025-04-24,732.9314319,681.2639222,7.049432924
forward,pv_lag_7d,2025-04-25,653.6068646,636.8361898,2.565865771
forward,pv_lag_7d,2025-04-26,945.051656,938.331735,0.7110638774
forward,pv_lag_7d,2025-04-27,562.4104892,527.6257443,6.184938862
forward,pv_lag_7d,2025-04-28,673.6558959,786.1639643,-16.70111834
forward,pv_lag_7d,2025-04-29,649.2350201,585.9362023,9.74975406
forward,pv_lag_7d,2025-04-30,696.9980882,633.4290525,9.120403164
forward,pv_lag_7d,2025-05-01,595.3536517,667.3402069,-12.09139391
forward,pv_lag_7d,2025-05-02,1120.910378,1119.415399,0.133371825
forward,pv_lag_7d,2025-05-03,524.4444113,546.9230074,-4.286173246
forward,pv_lag_7d,2025-05-04,623.2226154,586.5504709,5.884276923
forward,pv_lag_7d,2025-05-05,485.7613788,488.1442671,-0.4905470869
forward,pv_lag_7d,2025-05-06,524.8054926,537.4639072,-2.412020217
forward,pv_lag_7d,2025-05-07,400.8925721,418.2382508,-4.326764799
forward,pv_lag_7d,2025-05-08,559.8866483,595.8369065,-6.420988655
forward,pv_lag_7d,2025-05-09,412.1844852,420.9322427,-2.122291796
forward,pv_lag_7d,2025-05-10,583.3548732,630.7792632,-8.129595244
forward,pv_lag_7d,2025-05-11,511.9636305,518.8914166,-1.353179353
forward,pv_lag_7d,2025-05-12,683.2777157,674.95463,1.218111684
forward,pv_lag_7d,2025-05-13,385.3422457,373.7927636,2.997201118
forward,pv_lag_7d,2025-05-14,397.0598227,393.9108953,0.7930611906
forward,pv_lag_7d,2025-05-15,415.9169055,424.9744071,-2.177719023
forward,pv_lag_7d,2025-05-16,638.7885166,612.3894527,4.132676651
forward,pv_lag_7d,2025-05-17,678.8131704,799.3646323,-17.75915189
forward,pv_lag_7d,2025-05-18,551.7968144,558.56694,-1.226923665
forward,pv_lag_7d,2025-05-19,621.9842186,607.9903888,2.249868951
forward,pv_lag_7d,2025-05-20,572.7679392,572.4890239,0.04869603191
forward,pv_lag_7d,2025-05-21,555.2720065,542.736437,2.257554736
forward,pv_lag_7d,2025-05-22,358.9259406,349.4972413,2.626920553
forward,pv_lag_7d,2025-05-23,425.6235637,470.7061845,-10.59213461
forward,pv_lag_7d,2025-05-24,565.9078394,540.1012695,4.560207175
forward,pv_lag_7d,2025-05-25,467.8922592,453.9517831,2.979420118
forward,pv_lag_7d,2025-05-26,599.1983144,583.1910249,2.671451021
forward,pv_lag_7d,2025-05-27,477.7063261,467.8017934,2.073351788
forward,pv_lag_7d,2025-05-28,606.4409567,603.5768114,0.4722875804
forward,pv_lag_7d,2025-05-29,473.4331143,472.1702419,0.2667477896
forward,pv_lag_7d,2025-05-30,478.3271132,481.0003788,-0.5588781254
forward,pv_lag_7d,2025-05-31,461.8319014,482.8651545,-4.554309289
forward,pv_lag_7d,2025-06-01,1724.830127,1766.065315,-2.390681114
forward,pv_lag_7d,2025-06-02,1332.92787,1417.021919,-6.308972258
forward,pv_lag_7d,2025-06-03,777.2286766,932.9804564,-20.03937637
forward,pv_lag_7d,2025-06-04,821.2745456,810.7107581,1.286267486
forward,pv_lag_7d,2025-06-05,538.9062972,557.9884199,-3.540898091
forward,pv_lag_7d,2025-06-06,1400.421877,1321.165448,5.659468039
forward,pv_lag_7d,2025-06-07,791.5233933,794.8285523,-0.4175693363
forward,pv_lag_7d,2025-06-08,735.5928774,715.4517304,2.738083477
forward,pv_lag_7d,2025-06-09,554.2545322,868.8377929,-56.75790497
forward,pv_lag_7d,2025-06-10,550.6312804,602.1755329,-9.360937944
forward,pv_lag_7d,2025-06-11,970.8329773,901.2767955,7.164587885
forward,pv_lag_7d,2025-06-12,502.1692835,512.7275776,-2.102536815
forward,pv_lag_7d,2025-06-13,782.9994271,2792.777079,-256.6767717
forward,pv_lag_7d,2025-06-14,792.7716022,1018.876053,-28.52075553
forward,pv_lag_7d,2025-06-15,497.0056749,491.5457086,1.09857223
forward,pv_lag_7d,2025-06-16,446.4506896,419.4057249,6.057771964
forward,pv_lag_7d,2025-06-17,689.3043964,626.9872578,9.040583359
forward,pv_lag_7d,2025-06-18,412.1553204,431.4635814,-4.68470503
forward,pv_lag_7d,2025-06-19,527.859432,589.0936236,-11.60047313
forward,pv_lag_7d,2025-06-20,625.9014269,561.8425719,10.23465553
forward,pv_lag_7d,2025-06-21,823.0630594,812.5385128,1.278704771
forward,pv_lag_7d,2025-06-22,585.8396012,523.7107537,10.60509521
forward,pv_lag_7d,2025-06-23,507.1138177,487.6488041,3.838391484
forward,pv_lag_7d,2025-06-24,957.0114457,802.7424792,16.11986641
forward,pv_lag_7d,2025-06-25,551.6198099,559.4200666,-1.414063913
forward,pv_lag_7d,2025-06-26,552.9610025,582.7843026,-5.393382154
forward,pv_lag_7d,2025-06-27,600.453107,542.882426,9.587872944
forward,pv_lag_7d,2025-06-28,572.9429074,567.0417794,1.029967897
forward,pv_lag_7d,2025-06-29,539.5447439,515.2235327,4.507728315
forward,pv_lag_7d,2025-06-30,510.421813,499.8390511,2.073336518
forward,pv_lag_7d,2025-07-01,768.7723058,789.5937307,-2.708399449
forward,pv_lag_7d,2025-07-02,936.2071035,966.9301977,-3.281655741
forward,pv_lag_7d,2025-07-03,765.1334038,789.7399174,-3.215976908
forward,pv_lag_7d,2025-07-04,1029.66951,910.1094361,11.61149991
forward,pv_lag_7d,2025-07-05,731.1204075,752.5845779,-2.935791446
forward,pv_lag_7d,2025-07-06,722.0559349,676.9363678,6.248763414
forward,pv_lag_7d,2025-07-07,710.8012311,718.6108347,-1.098704296
forward,pv_lag_7d,2025-07-08,776.3936753,774.9653888,0.1839642053
forward,pv_lag_7d,2025-07-09,562.4513083,609.8727949,-8.431216344
forward,pv_lag_7d,2025-07-10,556.9655528,530.4717247,4.756816289
forward,pv_lag_7d,2025-07-11,1006.160094,1302.25167,-29.42787909
forward,pv_lag_7d,2025-07-12,716.7796145,815.4290361,-13.76286651
forward,pv_lag_7d,2025-07-13,850.8471771,817.2346331,3.95047959
forward,pv_lag_7d,2025-07-14,520.3937965,496.2695702,4.635763631
forward,pv_lag_7d,2025-07-15,640.6795349,670.1355764,-4.597624861
forward,pv_lag_7d,2025-07-16,554.56076,543.138427,2.059708119
forward,pv_lag_7d,2025-07-17,503.1617104,515.9042267,-2.532489255
forward,pv_lag_7d,2025-07-18,616.9623511,559.3594094,9.336540802
forward,pv_lag_7d,2025-07-19,761.7176584,715.2017508,6.106712517
forward,pv_lag_7d,2025-07-20,449.9762659,435.3648497,3.24715264
forward,pv_lag_7d,2025-07-21,452.9073127,440.9872186,2.631905853
forward,pv_lag_7d,2025-07-22,479.9167353,486.0292219,-1.273655657
forward,pv_lag_7d,2025-07-23,457.5266138,448.1090662,2.058360621
forward,pv_lag_7d,2025-07-24,524.2396934,513.8808966,1.97596575
forward,pv_lag_7d,2025-07-25,626.0183676,560.1691515,10.51873547
forward,pv_lag_7d,2025-07-26,568.1706415,578.940594,-1.895548928
forward,pv_lag_7d,2025-07-27,456.007425,441.7165171,3.133920003
forward,pv_lag_7d,2025-07-28,553.7353714,589.9693026,-6.543546451
forward,pv_lag_7d,2025-07-29,517.4688065,558.4506739,-7.919678801
forward,pv_lag_7d,2025-07-30,521.8628264,492.8671711,5.556183314
forward,pv_lag_7d,2025-07-31,383.3365948,376.5090515,1.7810831
forward,pv_lag_7d,2025-08-01,804.4683097,819.6225634,-1.883760177
forward,pv_lag_7d,2025-08-02,822.6466954,826.5219658,-0.4710734725
forward,pv_lag_7d,2025-08-03,1127.917863,1121.932485,0.5306573386
forward,pv_lag_7d,2025-08-04,545.9307379,495.5590767,9.226749433
forward,pv_lag_7d,2025-08-05,528.317898,523.2413456,0.9608897205
forward,pv_lag_7d,2025-08-06,591.114738,598.932843,-1.322603644
forward,pv_lag_7d,2025-08-07,684.2926631,624.5840356,8.725598088
forward,pv_lag_7d,2025-08-08,1318.93687,1399.983883,-6.14487428
forward,pv_lag_7d,2025-08-09,621.7031278,666.1022361,-7.141528861
forward,pv_lag_7d,2025-08-10,526.460351,611.3976745,-16.13366008
forward,pv_lag_7d,2025-08-11,582.7975211,642.0667363,-10.1697782
forward,pv_lag_7d,2025-08-12,439.3442419,474.0908411,-7.908741227
forward,pv_lag_7d,2025-08-13,494.6142563,517.5795437,-4.64307025
forward,pv_lag_7d,2025-08-14,575.2554987,567.1301589,1.412474941
forward,pv_lag_7d,2025-08-15,756.5105047,530.6494048,29.85564621
forward,pv_lag_7d,2025-08-16,634.8260719,568.7446874,10.4093684
forward,pv_lag_7d,2025-08-17,609.9260081,609.0426402,0.1448319757
forward,pv_lag_7d,2025-08-18,543.9895419,535.6089444,1.540580615
forward,pv_lag_7d,2025-08-19,399.8235199,416.3550722,-4.134712314
forward,pv_lag_7d,2025-08-20,605.6816812,602.1321126,0.5860452215
forward,pv_lag_7d,2025-08-21,489.8821909,478.2946373,2.365375547
forward,pv_lag_7d,2025-08-22,571.8156556,523.335875,8.478218482
forward,pv_lag_7d,2025-08-23,475.0734116,533.0283171,-12.19914734
forward,pv_lag_7d,2025-08-24,792.5573358,765.9431223,3.358017442
forward,pv_lag_7d,2025-08-25,490.9626623,505.6007219,-2.981501589
forward,pv_lag_7d,2025-08-26,557.5742832,527.6363758,5.369312806
forward,pv_lag_7d,2025-08-27,511.3299442,532.062713,-4.054675256
forward,pv_lag_7d,2025-08-28,651.5188661,652.8585589,-0.2056260869
forward,pv_lag_7d,2025-08-29,579.8435344,565.6448835,2.448703834
forward,pv_lag_7d,2025-08-30,834.6114107,870.041082,-4.245049955
forward,pv_lag_7d,2025-08-31,520.7084256,487.9317251,6.2946361
forward,pv_lag_7d,2025-09-01,1009.282527,1022.652291,-1.324680027
forward,pv_lag_7d,2025-09-02,913.5061107,957.0570202,-4.767445881
forward,pv_lag_7d,2025-09-03,678.1002218,638.4097685,5.853183939
forward,pv_lag_7d,2025-09-04,761.7192021,691.3527416,9.237847794
forward,pv_lag_7d,2025-09-05,1092.096595,1140.344821,-4.417944967
forward,pv_lag_7d,2025-09-06,1072.556553,1116.522766,-4.099197735
forward,pv_lag_7d,2025-09-07,700.9280513,657.0210757,6.264120203
forward,pv_lag_7d,2025-09-08,649.9300332,627.1477449,3.505344742
forward,pv_lag_7d,2025-09-09,651.7948617,651.1303841,0.1019458132
forward,pv_lag_7d,2025-09-10,736.7168778,739.8484481,-0.4250710784
forward,pv_lag_7d,2025-09-11,618.2064749,609.0461859,1.481752354
forward,pv_lag_7d,2025-09-12,673.5352454,656.6244152,2.510756543
forward,pv_lag_7d,2025-09-13,798.4276644,775.5096467,2.870393746
forward,pv_lag_7d,2025-09-14,578.0768457,549.8811979,4.877491288
forward,pv_lag_7d,2025-09-15,614.5107564,603.4769495,1.795543331
forward,pv_lag_7d,2025-09-16,471.8032242,465.9774411,1.234790852
forward,pv_lag_7d,2025-09-17,533.7147626,629.3167763,-17.91256685
forward,pv_lag_7d,2025-09-18,446.4999079,466.3823085,-4.452946173
forward,pv_lag_7d,2025-09-19,734.2867429,766.3773567,-4.37031094
forward,pv_lag_7d,2025-09-20,608.8214032,623.0243876,-2.332865496
forward,pv_lag_7d,2025-09-21,489.757437,528.8447627,-7.980956026
forward,pv_lag_7d,2025-09-22,399.4410645,422.4528064,-5.760985536
forward,pv_lag_7d,2025-09-23,500.1269608,509.3777759,-1.849693363
forward,pv_lag_7d,2025-09-24,449.028253,436.6875221,2.748319475
forward,pv_lag_7d,2025-09-25,363.8531648,352.1253593,3.223224835
forward,pv_lag_7d,2025-09-26,634.8665686,542.811969,14.49983416
forward,pv_lag_7d,2025-09-27,623.9444149,698.3802778,-11.92988689
forward,pv_lag_7d,2025-09-28,524.5320241,514.6592029,1.882215141
forward,pv_lag_7d,2025-09-29,361.446359,345.4003896,4.439377783
forward,pv_lag_7d,2025-09-30,591.6654038,568.0057867,3.998817062
forward,pv_lag_7d,2025-10-01,1181.417658,1237.317794,-4.731615097
forward,pv_lag_7d,2025-10-02,683.9594119,719.0358488,-5.128438366
forward,pv_lag_7d,2025-10-03,581.8314081,983.495247,-69.03440298
forward,pv_lag_7d,2025-10-04,522.9723734,457.6068388,12.49885041
forward,pv_lag_7d,2025-10-05,439.1036799,414.5354971,5.595075572
forward,pv_lag_7d,2025-10-06,361.6111397,342.0057529,5.421676665
forward,pv_lag_7d,2025-10-07,383.304659,338.8505125,11.59760139
forward,pv_lag_7d,2025-10-08,451.7748903,539.7849209,-19.48094781
forward,pv_lag_7d,2025-10-09,473.4497584,517.060845,-9.211344141
forward,pv_lag_7d,2025-10-10,648.2093442,735.4777361,-13.46299504
forward,pv_lag_7d,2025-10-11,465.7385715,422.5377642,9.275763268
forward,pv_lag_7d,2025-10-12,382.0120164,394.6553908,-3.309679762
forward,pv_lag_7d,2025-10-13,370.7865158,379.0124851,-2.218519013
forward,pv_lag_7d,2025-10-14,436.2192454,433.7759885,0.5600983779
forward,pv_lag_7d,2025-10-15,489.6956578,475.6208398,2.874197016
forward,pv_lag_7d,2025-10-16,592.557164,579.5961218,2.187306636
forward,pv_lag_7d,2025-10-17,445.277436,455.3387735,-2.259565978
forward,pv_lag_7d,2025-10-18,354.6855219,363.1036465,-2.373405181
forward,pv_lag_7d,2025-10-19,564.7106948,550.8572863,2.453186856
forward,pv_lag_7d,2025-10-20,557.6264902,544.853005,2.290688374
forward,pv_lag_7d,2025-10-21,646.1139449,632.4968546,2.10753698
forward,pv_lag_7d,2025-10-22,542.6375454,497.7562148,8.270959312
forward,pv_lag_7d,2025-10-23,410.4853883,417.6199813,-1.738086966
forward,pv_lag_7d,2025-10-24,419.5690634,451.9992466,-7.729402871
forward,pv_lag_7d,2025-10-25,455.9639669,442.7842821,2.890510164
forward,pv_lag_7d,2025-10-26,362.338126,305.9364554,15.56603253
forward,pv_lag_7d,2025-10-27,513.645681,517.8771479,-0.823810484
forward,pv_lag_7d,2025-10-28,460.7724016,365.7822725,20.61541202
forward,pv_lag_7d,2025-10-29,700.4152958,608.3191462,13.1487919
forward,pv_lag_7d,2025-10-30,354.2280018,331.6215018,6.381906542
forward,pv_lag_7d,2025-10-31,704.2504084,673.8856449,4.311643011
forward,pv_lag_7d,2025-11-01,371.9166382,341.8561611,8.082584658
forward,pv_lag_7d,2025-11-02,415.913109,391.4360537,5.885136758
forward,pv_lag_7d,2025-11-03,499.9654104,487.0717489,2.57891071
forward,pv_lag_7d,2025-11-04,345.2225338,339.8228666,1.564112041
forward,pv_lag_7d,2025-11-05,396.7815424,354.5637525,10.64005893
forward,pv_lag_7d,2025-11-06,587.2696256,562.4288619,4.229873745
forward,pv_lag_7d,2025-11-07,623.5558444,643.5644975,-3.208798904
forward,pv_lag_7d,2025-11-08,380.9017537,353.5017853,7.193447686
forward,pv_lag_7d,2025-11-09,448.1348758,398.7645221,11.01685147
forward,pv_lag_7d,2025-11-10,611.154878,528.7469696,13.48396477
forward,pv_lag_7d,2025-11-11,335.7426044,299.8085798,10.70284919
forward,pv_lag_7d,2025-11-12,331.1252362,302.2668504,8.715248068
forward,pv_lag_7d,2025-11-13,452.8564979,405.3985037,10.4796982
forward,pv_lag_7d,2025-11-14,581.7291901,554.4719324,4.685557836
forward,pv_lag_7d,2025-11-15,485.6746771,441.6089879,9.073087665
forward,pv_lag_7d,2025-11-16,537.3953396,478.5106086,10.95743239
forward,pv_lag_7d,2025-11-17,344.8890738,290.3365144,15.81742174
forward,pv_lag_7d,2025-11-18,530.4605323,465.541287,12.23828003
forward,pv_lag_7d,2025-11-19,432.3421761,369.3864736,14.56154544
forward,pv_lag_7d,2025-11-20,441.7099841,383.4309834,13.1939514
forward,pv_lag_7d,2025-11-21,432.5872519,396.736245,8.287578229
forward,pv_lag_7d,2025-11-22,429.3143568,371.4153845,13.48638158
forward,pv_lag_7d,2025-11-23,513.2627774,460.2783698,10.32305672
forward,pv_lag_7d,2025-11-24,328.4634146,295.0112836,10.18443139
forward,pv_lag_7d,2025-11-25,441.751729,362.3025407,17.98503164
forward,pv_lag_7d,2025-11-26,505.0421567,420.1757137,16.80383347
forward,pv_lag_7d,2025-11-27,413.3299843,353.9256134,14.37214166
forward,pv_lag_7d,2025-11-28,448.2292286,384.4111772,14.23781568
forward,pv_lag_7d,2025-11-29,841.3985451,772.6113702,8.175337987
forward,pv_lag_7d,2025-11-30,723.4627696,648.015689,10.42860584
forward,pv_lag_7d,2025-12-01,413.6610227,503.2781652,-21.66439128
forward,pv_lag_7d,2025-12-02,423.2123305,447.5967344,-5.761742308
forward,pv_lag_7d,2025-12-03,395.6290582,394.4599295,0.2955113307
forward,pv_lag_7d,2025-12-04,367.1232726,372.384899,-1.43320426
forward,pv_lag_7d,2025-12-05,375.4376357,386.4868537,-2.943023518
forward,pv_lag_7d,2025-12-06,462.6853831,404.4391395,12.58873647
forward,pv_lag_7d,2025-12-07,322.4327511,301.4754244,6.499751232
forward,pv_lag_7d,2025-12-08,311.7908272,300.3171616,3.679924046
forward,pv_lag_7d,2025-12-09,310.1161833,306.78976,1.072637739
forward,pv_lag_7d,2025-12-10,355.175275,335.4543703,5.552442987
forward,pv_lag_7d,2025-12-11,293.7851948,292.2607327,0.5189036718
forward,pv_lag_7d,2025-12-12,446.9632734,421.1487986,5.775524821
forward,pv_lag_7d,2025-12-13,359.0266768,334.5337361,6.822039242
forward,pv_lag_7d,2025-12-14,310.5534971,296.9036527,4.395327871
forward,pv_lag_7d,2025-12-15,362.9604828,345.9266492,4.693027047
forward,pv_lag_7d,2025-12-16,321.7312301,307.12729,4.539173927
forward,pv_lag_7d,2025-12-17,240.3134337,230.6649521,4.014957231
forward,pv_lag_7d,2025-12-18,328.4708073,328.1609036,0.09434740004
forward,pv_lag_7d,2025-12-19,327.208278,313.7751328,4.105380612
forward,pv_lag_7d,2025-12-20,286.087257,271.6846406,5.034343897
forward,pv_lag_7d,2025-12-21,372.2603916,352.0688525,5.424036387
forward,pv_lag_7d,2025-12-22,238.2646915,223.9370533,6.013328338
forward,pv_lag_7d,2025-12-23,230.8514624,226.7396641,1.781144564
forward,pv_lag_7d,2025-12-24,281.6244192,276.8889857,1.681471196
forward,pv_lag_7d,2025-12-25,288.2916403,278.7733173,3.301629917
forward,pv_lag_7d,2025-12-26,339.7506399,325.9568662,4.059969901
forward,pv_lag_7d,2025-12-27,292.7047958,277.3119179,5.258840342
forward,pv_lag_7d,2025-12-28,289.7499199,291.2266051,-0.5096412976
forward,pv_lag_7d,2025-12-29,266.625412,263.2735516,1.257142142
forward,pv_lag_7d,2025-12-30,289.7837113,293.5726798,-1.307516036
forward,pv_lag_7d,2025-12-31,291.8350244,275.995433,5.427584106
forward,net_mean_7d,2025-02-01,567.556893,638.0868942,-12.42694821
forward,net_mean_7d,2025-02-02,587.9256677,528.7912869,10.05813898
forward,net_mean_7d,2025-02-03,399.3193234,354.5017334,11.22349643
forward,net_mean_7d,2025-02-04,313.1318855,339.5075022,-8.423165406
forward,net_mean_7d,2025-02-05,338.657167,322.3557555,4.813543907
forward,net_mean_7d,2025-02-06,353.3227771,300.0231247,15.08525797
forward,net_mean_7d,2025-02-07,678.6178308,642.1723005,5.370553001
forward,net_mean_7d,2025-02-08,508.1073611,541.9406354,-6.658686126
forward,net_mean_7d,2025-02-09,346.1204364,323.5850081,6.510863263
forward,net_mean_7d,2025-02-10,746.894419,727.089988,2.651570352
forward,net_mean_7d,2025-02-11,461.8667152,407.4783461,11.77577151
forward,net_mean_7d,2025-02-12,407.0516223,344.0115621,15.48699397
forward,net_mean_7d,2025-02-13,682.8361826,615.1497151,9.912548465
forward,net_mean_7d,2025-02-14,563.5453616,564.9309718,-0.2458737629
forward,net_mean_7d,2025-02-15,369.9835696,378.8823795,-2.405190563
forward,net_mean_7d,2025-02-16,390.0534878,414.2064977,-6.192230201
forward,net_mean_7d,2025-02-17,603.0732347,483.7678592,19.78290009
forward,net_mean_7d,2025-02-18,397.8117336,337.8950902,15.0615576
forward,net_mean_7d,2025-02-19,387.2859181,360.450318,6.929144307
forward,net_mean_7d,2025-02-20,428.9486707,400.8844055,6.542569575
forward,net_mean_7d,2025-02-21,568.2627051,556.5942512,2.053355584
forward,net_mean_7d,2025-02-22,331.8983345,330.2185068,0.5061271815
forward,net_mean_7d,2025-02-23,411.3412811,377.1028651,8.323603202
forward,net_mean_7d,2025-02-24,549.5788618,479.6336121,12.72706331
forward,net_mean_7d,2025-02-25,755.0818397,682.1297773,9.661477543
forward,net_mean_7d,2025-02-26,379.7033356,351.3417716,7.469400814
forward,net_mean_7d,2025-02-27,527.0273587,501.4208921,4.858659825
forward,net_mean_7d,2025-02-28,594.8214186,575.6035183,3.230868925
forward,net_mean_7d,2025-03-01,449.369461,469.7203738,-4.528770784
forward,net_mean_7d,2025-03-02,753.4744884,835.272688,-10.85613393
forward,net_mean_7d,2025-03-03,438.5829058,481.1846789,-9.713505121
forward,net_mean_7d,2025-03-04,420.8603064,360.9217918,14.24190253
forward,net_mean_7d,2025-03-05,594.7207893,493.3945245,17.03761945
forward,net_mean_7d,2025-03-06,506.6007775,445.8516764,11.9915136
forward,net_mean_7d,2025-03-07,696.5053841,659.2677696,5.346349843
forward,net_mean_7d,2025-03-08,552.9092633,497.905877,9.947995063
forward,net_mean_7d,2025-03-09,642.907077,609.5975872,5.181073739
forward,net_mean_7d,2025-03-10,497.5448897,495.4507755,0.4208894866
forward,net_mean_7d,2025-03-11,514.409877,479.5298252,6.780595278
forward,net_mean_7d,2025-03-12,567.118065,513.3956241,9.472884789
forward,net_mean_7d,2025-03-13,591.7722197,584.8878374,1.163350022
forward,net_mean_7d,2025-03-14,767.6946718,702.9916627,8.428221725
forward,net_mean_7d,2025-03-15,549.1554642,573.3862851,-4.412379088
forward,net_mean_7d,2025-03-16,522.3585142,486.5082881,6.863145745
forward,net_mean_7d,2025-03-17,858.2321528,800.6731473,6.706694143
forward,net_mean_7d,2025-03-18,466.0360244,439.0993326,5.779959136
forward,net_mean_7d,2025-03-19,512.7290998,470.1576519,8.302912387
forward,net_mean_7d,2025-03-20,344.6116321,323.9552039,5.994118098
forward,net_mean_7d,2025-03-21,931.0559744,853.6399163,8.314866147
forward,net_mean_7d,2025-03-22,458.2972987,424.2226553,7.4350522
forward,net_mean_7d,2025-03-23,641.522637,583.7424447,9.006726971
forward,net_mean_7d,2025-03-24,512.9279756,463.7810129,9.581649871
forward,net_mean_7d,2025-03-25,444.7321409,417.769734,6.062617114
forward,net_mean_7d,2025-03-26,709.2499866,650.4093465,8.296177826
forward,net_mean_7d,2025-03-27,431.8466391,398.6160958,7.694987134
forward,net_mean_7d,2025-03-28,689.2168187,585.7719685,15.00904322
forward,net_mean_7d,2025-03-29,856.764326,750.6749243,12.38256525
forward,net_mean_7d,2025-03-30,553.3410185,498.234942,9.958791171
forward,net_mean_7d,2025-03-31,511.6869499,500.0569123,2.272881413
forward,net_mean_7d,2025-04-01,610.7029735,651.9234253,-6.749672675
forward,net_mean_7d,2025-04-02,559.9814591,589.891981,-5.341341466
forward,net_mean_7d,2025-04-03,506.2464673,459.0994119,9.313063581
forward,net_mean_7d,2025-04-04,710.6957586,579.6778333,18.43516354
forward,net_mean_7d,2025-04-05,504.859274,586.6416944,-16.19905281
forward,net_mean_7d,2025-04-06,443.458595,427.5230928,3.593458854
forward,net_mean_7d,2025-04-07,636.0963724,613.6910468,3.522316203
forward,net_mean_7d,2025-04-08,505.2412147,488.0927637,3.394111654
forward,net_mean_7d,2025-04-09,426.7899523,446.4146127,-4.598201138
forward,net_mean_7d,2025-04-10,517.3646349,500.3399362,3.290657608
forward,net_mean_7d,2025-04-11,609.8779234,541.1382686,11.27105151
forward,net_mean_7d,2025-04-12,571.9839161,589.9111485,-3.134219665
forward,net_mean_7d,2025-04-13,400.9996363,392.8418166,2.034370842
forward,net_mean_7d,2025-04-14,487.1902994,462.873323,4.991268593
forward,net_mean_7d,2025-04-15,714.6910084,685.3474776,4.105764646
forward,net_mean_7d,2025-04-16,389.4530111,385.3114381,1.063433306
forward,net_mean_7d,2025-04-17,404.2941289,384.5953286,4.87239336
forward,net_mean_7d,2025-04-18,438.7932278,410.0515813,6.550157257
forward,net_mean_7d,2025-04-19,391.4967524,375.6489671,4.047999163
forward,net_mean_7d,2025-04-20,447.9652806,427.0022295,4.679615134
forward,net_mean_7d,2025-04-21,743.1424841,704.7948643,5.160197486
forward,net_mean_7d,2025-04-22,432.8204266,412.7500466,4.637114787
forward,net_mean_7d,2025-04-23,474.1505725,446.4087176,5.8508534
forward,net_mean_7d,2025-04-24,732.9314319,691.1428458,5.701568282
forward,net_mean_7d,2025-04-25,653.6068646,627.9768991,3.921312159
forward,net_mean_7d,2025-04-26,945.051656,931.2527333,1.460123645
forward,net_mean_7d,2025-04-27,562.4104892,539.2250343,4.12251467
forward,net_mean_7d,2025-04-28,673.6558959,729.011954,-8.217260239
forward,net_mean_7d,2025-04-29,649.2350201,593.6257604,8.56535122
forward,net_mean_7d,2025-04-30,696.9980882,630.084785,9.600213311
forward,net_mean_7d,2025-05-01,595.3536517,594.7686006,0.09826950834
forward,net_mean_7d,2025-05-02,1120.910378,1270.341017,-13.33118523
forward,net_mean_7d,2025-05-03,524.4444113,540.7475024,-3.108640448
forward,net_mean_7d,2025-05-04,623.2226154,627.3768311,-0.6665701175
forward,net_mean_7d,2025-05-05,485.7613788,490.1329995,-0.8999522986
forward,net_mean_7d,2025-05-06,524.8054926,527.1709334,-0.4507271325
forward,net_mean_7d,2025-05-07,400.8925721,400.4902109,0.1003663429
forward,net_mean_7d,2025-05-08,559.8866483,550.369648,1.699808404
forward,net_mean_7d,2025-05-09,412.1844852,403.4420788,2.120993572
forward,net_mean_7d,2025-05-10,583.3548732,603.8777664,-3.518080351
forward,net_mean_7d,2025-05-11,511.9636305,504.5512269,1.447837933
forward,net_mean_7d,2025-05-12,683.2777157,728.3620131,-6.598239093
forward,net_mean_7d,2025-05-13,385.3422457,381.8721758,0.9005163383
forward,net_mean_7d,2025-05-14,397.0598227,393.4516604,0.9087200481
forward,net_mean_7d,2025-05-15,415.9169055,412.3321015,0.8619038889
forward,net_mean_7d,2025-05-16,638.7885166,709.7263185,-11.10505278
forward,net_mean_7d,2025-05-17,678.8131704,701.4574225,-3.33585927
forward,net_mean_7d,2025-05-18,551.7968144,551.4903911,0.05553190442
forward,net_mean_7d,2025-05-19,621.9842186,631.6388312,-1.552227914
forward,net_mean_7d,2025-05-20,572.7679392,588.3071913,-2.713010119
forward,net_mean_7d,2025-05-21,555.2720065,562.0714866,-1.224531403
forward,net_mean_7d,2025-05-22,358.9259406,356.232978,0.7502836397
forward,net_mean_7d,2025-05-23,425.6235637,420.7976355,1.133848931
forward,net_mean_7d,2025-05-24,565.9078394,556.4352515,1.673874648
forward,net_mean_7d,2025-05-25,467.8922592,452.404581,3.310094975
forward,net_mean_7d,2025-05-26,599.1983144,632.1765089,-5.503719502
forward,net_mean_7d,2025-05-27,477.7063261,467.9050639,2.051733809
forward,net_mean_7d,2025-05-28,606.4409567,605.6860651,0.1244789981
forward,net_mean_7d,2025-05-29,473.4331143,484.3050611,-2.296406086
forward,net_mean_7d,2025-05-30,478.3271132,486.5971055,-1.728940732
forward,net_mean_7d,2025-05-31,461.8319014,470.3203923,-1.838004464
forward,net_mean_7d,2025-06-01,1724.830127,1728.707419,-0.2247926887
forward,net_mean_7d,2025-06-02,1332.92787,1396.066802,-4.736860398
forward,net_mean_7d,2025-06-03,777.2286766,785.6968709,-1.089537031
forward,net_mean_7d,2025-06-04,821.2745456,902.6217702,-9.904997674
forward,net_mean_7d,2025-06-05,538.9062972,687.4111682,-27.55671474
forward,net_mean_7d,2025-06-06,1400.421877,3410.143131,-143.5082733
forward,net_mean_7d,2025-06-07,791.5233933,815.9811864,-3.089964656
forward,net_mean_7d,2025-06-08,735.5928774,895.7025023,-21.76606514
forward,net_mean_7d,2025-06-09,554.2545322,851.9515683,-53.71124976
forward,net_mean_7d,2025-06-10,550.6312804,593.0395497,-7.701754483
forward,net_mean_7d,2025-06-11,970.8329773,868.4694855,10.54388286
forward,net_mean_7d,2025-06-12,502.1692835,495.481047,1.331868906
forward,net_mean_7d,2025-06-13,782.9994271,761.6634863,2.724898648
forward,net_mean_7d,2025-06-14,792.7716022,801.6702728,-1.122475959
forward,net_mean_7d,2025-06-15,497.0056749,490.8633327,1.235869632
forward,net_mean_7d,2025-06-16,446.4506896,407.7280328,8.673445416
forward,net_mean_7d,2025-06-17,689.3043964,611.7584941,11.24987781
forward,net_mean_7d,2025-06-18,412.1553204,410.2717736,0.4569992583
forward,net_mean_7d,2025-06-19,527.859432,576.3235008,-9.181245201
forward,net_mean_7d,2025-06-20,625.9014269,628.0918651,-0.3499653538
forward,net_mean_7d,2025-06-21,823.0630594,960.6775857,-16.7198035
forward,net_mean_7d,2025-06-22,585.8396012,518.53349,11.4888292
forward,net_mean_7d,2025-06-23,507.1138177,484.5265192,4.454088547
forward,net_mean_7d,2025-06-24,957.0114457,802.134886,16.18335501
forward,net_mean_7d,2025-06-25,551.6198099,541.148956,1.898201214
forward,net_mean_7d,2025-06-26,552.9610025,584.6913099,-5.738254099
forward,net_mean_7d,2025-06-27,600.453107,632.561922,-5.347430904
forward,net_mean_7d,2025-06-28,572.9429074,586.5514628,-2.375202697
forward,net_mean_7d,2025-06-29,539.5447439,507.0844607,6.016235648
forward,net_mean_7d,2025-06-30,510.421813,488.0728727,4.37852374
forward,net_mean_7d,2025-07-01,768.7723058,774.3307555,-0.7230293764
forward,net_mean_7d,2025-07-02,936.2071035,952.2040278,-1.708695033
forward,net_mean_7d,2025-07-03,765.1334038,758.3644457,0.8846768562
forward,net_mean_7d,2025-07-04,1029.66951,909.3820622,11.68214141
forward,net_mean_7d,2025-07-05,731.1204075,764.7919982,-4.605478154
forward,net_mean_7d,2025-07-06,722.0559349,678.7455636,5.998201691
forward,net_mean_7d,2025-07-07,710.8012311,745.8072987,-4.924874366
forward,net_mean_7d,2025-07-08,776.3936753,730.8652431,5.864091063
forward,net_mean_7d,2025-07-09,562.4513083,533.9265249,5.07151161
forward,net_mean_7d,2025-07-10,556.9655528,534.6771528,4.00175557
forward,net_mean_7d,2025-07-11,1006.160094,841.9286548,16.32259523
forward,net_mean_7d,2025-07-12,716.7796145,522.3766241,27.12172424
forward,net_mean_7d,2025-07-13,850.8471771,781.3116135,8.172509174
forward,net_mean_7d,2025-07-14,520.3937965,491.951227,5.465585807
forward,net_mean_7d,2025-07-15,640.6795349,654.0650469,-2.089267927
forward,net_mean_7d,2025-07-16,554.56076,546.6351136,1.429175488
forward,net_mean_7d,2025-07-17,503.1617104,497.6701678,1.091407088
forward,net_mean_7d,2025-07-18,616.9623511,481.0902575,22.02275282
forward,net_mean_7d,2025-07-19,761.7176584,591.9912039,22.28206904
forward,net_mean_7d,2025-07-20,449.9762659,440.0952023,2.195907746
forward,net_mean_7d,2025-07-21,452.9073127,445.0752566,1.729284533
forward,net_mean_7d,2025-07-22,479.9167353,475.3864864,0.9439655867
forward,net_mean_7d,2025-07-23,457.5266138,446.3322578,2.44671144
forward,net_mean_7d,2025-07-24,524.2396934,513.250193,2.096274003
forward,net_mean_7d,2025-07-25,626.0183676,495.0107662,20.92711783
forward,net_mean_7d,2025-07-26,568.1706415,511.0160941,10.05939821
forward,net_mean_7d,2025-07-27,456.007425,449.7685734,1.36814693
forward,net_mean_7d,2025-07-28,553.7353714,571.3577528,-3.182455433
forward,net_mean_7d,2025-07-29,517.4688065,535.1385548,-3.41464994
forward,net_mean_7d,2025-07-30,521.8628264,501.6181943,3.879301427
forward,net_mean_7d,2025-07-31,383.3365948,375.527697,2.03708644
forward,net_mean_7d,2025-08-01,804.4683097,821.458349,-2.111958805
forward,net_mean_7d,2025-08-02,822.6466954,818.9958493,0.4437927147
forward,net_mean_7d,2025-08-03,1127.917863,1150.508177,-2.002833216
forward,net_mean_7d,2025-08-04,545.9307379,475.6990349,12.86458119
forward,net_mean_7d,2025-08-05,528.317898,628.5689596,-18.97551872
forward,net_mean_7d,2025-08-06,591.114738,886.9774398,-50.05165374
forward,net_mean_7d,2025-08-07,684.2926631,695.5027188,-1.638196097
forward,net_mean_7d,2025-08-08,1318.93687,2729.784758,-106.9685684
forward,net_mean_7d,2025-08-09,621.7031278,946.5104109,-52.24475614
forward,net_mean_7d,2025-08-10,526.460351,663.6498994,-26.05885669
forward,net_mean_7d,2025-08-11,582.7975211,580.0718467,0.467688053
forward,net_mean_7d,2025-08-12,439.3442419,560.3749569,-27.54803716
forward,net_mean_7d,2025-08-13,494.6142563,506.5571366,-2.414584738
forward,net_mean_7d,2025-08-14,575.2554987,517.6768524,10.00923006
forward,net_mean_7d,2025-08-15,756.5105047,503.1667456,33.48846546
forward,net_mean_7d,2025-08-16,634.8260719,553.1198094,12.87065325
forward,net_mean_7d,2025-08-17,609.9260081,538.0727791,11.78064683
forward,net_mean_7d,2025-08-18,543.9895419,508.4192141,6.538788898
forward,net_mean_7d,2025-08-19,399.8235199,378.3890111,5.360992468
forward,net_mean_7d,2025-08-20,605.6816812,719.7166967,-18.82754903
forward,net_mean_7d,2025-08-21,489.8821909,450.8637091,7.964870425
forward,net_mean_7d,2025-08-22,571.8156556,540.6491755,5.450441897
forward,net_mean_7d,2025-08-23,475.0734116,580.9876478,-22.29428833
forward,net_mean_7d,2025-08-24,792.5573358,666.5563484,15.89802804
forward,net_mean_7d,2025-08-25,490.9626623,592.9244467,-20.76772679
forward,net_mean_7d,2025-08-26,557.5742832,463.7515909,16.8269404
forward,net_mean_7d,2025-08-27,511.3299442,479.0054709,6.321646855
forward,net_mean_7d,2025-08-28,651.5188661,699.0709207,-7.298645833
forward,net_mean_7d,2025-08-29,579.8435344,531.6734744,8.307423842
forward,net_mean_7d,2025-08-30,834.6114107,736.2106682,11.79000684
forward,net_mean_7d,2025-08-31,520.7084256,453.9691903,12.817007
forward,net_mean_7d,2025-09-01,1009.282527,1037.723855,-2.817974862
forward,net_mean_7d,2025-09-02,913.5061107,935.629938,-2.421858703
forward,net_mean_7d,2025-09-03,678.1002218,688.4969223,-1.533210021
forward,net_mean_7d,2025-09-04,761.7192021,711.8671387,6.544677264
forward,net_mean_7d,2025-09-05,1092.096595,1101.886035,-0.8963896212
forward,net_mean_7d,2025-09-06,1072.556553,930.6294158,13.23260171
forward,net_mean_7d,2025-09-07,700.9280513,587.0308943,16.24947907
forward,net_mean_7d,2025-09-08,649.9300332,869.2230173,-33.74101411
forward,net_mean_7d,2025-09-09,651.7948617,715.1021217,-9.712758365
forward,net_mean_7d,2025-09-10,736.7168778,759.6978365,-3.119374542
forward,net_mean_7d,2025-09-11,618.2064749,635.612382,-2.815549146
forward,net_mean_7d,2025-09-12,673.5352454,555.1045015,17.5834516
forward,net_mean_7d,2025-09-13,798.4276644,701.8512609,12.0958238
forward,net_mean_7d,2025-09-14,578.0768457,512.2900282,11.3802893
forward,net_mean_7d,2025-09-15,614.5107564,559.8715309,8.89150027
forward,net_mean_7d,2025-09-16,471.8032242,464.2825444,1.594028912
forward,net_mean_7d,2025-09-17,533.7147626,522.8333982,2.038797732
forward,net_mean_7d,2025-09-18,446.4999079,412.1476124,7.693684793
forward,net_mean_7d,2025-09-19,734.2867429,777.0883388,-5.829002948
forward,net_mean_7d,2025-09-20,608.8214032,578.2182391,5.026624211
forward,net_mean_7d,2025-09-21,489.757437,491.5010776,-0.3560212661
forward,net_mean_7d,2025-09-22,399.4410645,376.3678239,5.776381713
forward,net_mean_7d,2025-09-23,500.1269608,485.9122385,2.842222753
forward,net_mean_7d,2025-09-24,449.028253,426.3272206,5.055591119
forward,net_mean_7d,2025-09-25,363.8531648,347.5979136,4.467530541
forward,net_mean_7d,2025-09-26,634.8665686,576.9762813,9.118496726
forward,net_mean_7d,2025-09-27,623.9444149,640.954455,-2.726210812
forward,net_mean_7d,2025-09-28,524.5320241,509.6545519,2.836332483
forward,net_mean_7d,2025-09-29,361.446359,343.4178702,4.987873951
forward,net_mean_7d,2025-09-30,591.6654038,568.9104476,3.845916302
forward,net_mean_7d,2025-10-01,1181.417658,1275.526924,-7.965791404
forward,net_mean_7d,2025-10-02,683.9594119,740.2188951,-8.22555874
forward,net_mean_7d,2025-10-03,581.8314081,618.8679406,-6.36550932
forward,net_mean_7d,2025-10-04,522.9723734,521.7068272,0.2419910151
forward,net_mean_7d,2025-10-05,439.1036799,447.2224609,-1.848943972
forward,net_mean_7d,2025-10-06,361.6111397,371.3760906,-2.700401032
forward,net_mean_7d,2025-10-07,383.304659,392.8765313,-2.497196973
forward,net_mean_7d,2025-10-08,451.7748903,463.5953365,-2.616446026
forward,net_mean_7d,2025-10-09,473.4497584,464.4787007,1.894827827
forward,net_mean_7d,2025-10-10,648.2093442,623.5001766,3.811911657
forward,net_mean_7d,2025-10-11,465.7385715,486.2834011,-4.411236438
forward,net_mean_7d,2025-10-12,382.0120164,380.6604382,0.3538051591
forward,net_mean_7d,2025-10-13,370.7865158,363.878006,1.86320416
forward,net_mean_7d,2025-10-14,436.2192454,438.03624,-0.4165324191
forward,net_mean_7d,2025-10-15,489.6956578,491.4878805,-0.3659870649
forward,net_mean_7d,2025-10-16,592.557164,586.739783,0.9817417282
forward,net_mean_7d,2025-10-17,445.277436,441.47597,0.8537297621
forward,net_mean_7d,2025-10-18,354.6855219,344.712824,2.811701431
forward,net_mean_7d,2025-10-19,564.7106948,560.9999236,0.6571101304
forward,net_mean_7d,2025-10-20,557.6264902,555.1575092,0.4427660887
forward,net_mean_7d,2025-10-21,646.1139449,627.3558365,2.90321986
forward,net_mean_7d,2025-10-22,542.6375454,518.3339525,4.478789414
forward,net_mean_7d,2025-10-23,410.4853883,429.9456366,-4.740789533
forward,net_mean_7d,2025-10-24,419.5690634,434.7683621,-3.622597569
forward,net_mean_7d,2025-10-25,455.9639669,430.8387951,5.510341534
forward,net_mean_7d,2025-10-26,362.338126,324.1096792,10.55048972
forward,net_mean_7d,2025-10-27,513.645681,519.0555029,-1.053220562
forward,net_mean_7d,2025-10-28,460.7724016,399.4667157,13.30498216
forward,net_mean_7d,2025-10-29,700.4152958,621.8151732,11.22193121
forward,net_mean_7d,2025-10-30,354.2280018,337.3280972,4.770911555
forward,net_mean_7d,2025-10-31,704.2504084,664.0409154,5.709544857
forward,net_mean_7d,2025-11-01,371.9166382,343.6374453,7.603637495
forward,net_mean_7d,2025-11-02,415.913109,395.6285912,4.877104692
forward,net_mean_7d,2025-11-03,499.9654104,475.3272535,4.927972305
forward,net_mean_7d,2025-11-04,345.2225338,339.5384413,1.646501021
forward,net_mean_7d,2025-11-05,396.7815424,348.308299,12.21660743
forward,net_mean_7d,2025-11-06,587.2696256,536.0683918,8.718522403
forward,net_mean_7d,2025-11-07,623.5558444,627.0496384,-0.5603017019
forward,net_mean_7d,2025-11-08,380.9017537,356.1030326,6.510529512
forward,net_mean_7d,2025-11-09,448.1348758,392.3450322,12.44934206
forward,net_mean_7d,2025-11-10,611.154878,522.3037559,14.53823332
forward,net_mean_7d,2025-11-11,335.7426044,284.0148708,15.40696143
forward,net_mean_7d,2025-11-12,331.1252362,301.4247304,8.969568775
forward,net_mean_7d,2025-11-13,452.8564979,409.4418966,9.586834136
forward,net_mean_7d,2025-11-14,581.7291901,560.7037715,3.614296635
forward,net_mean_7d,2025-11-15,485.6746771,430.9735697,11.26291117
forward,net_mean_7d,2025-11-16,537.3953396,472.3938786,12.0956503
forward,net_mean_7d,2025-11-17,344.8890738,292.088991,15.30929415
forward,net_mean_7d,2025-11-18,530.4605323,463.1627341,12.68667397
forward,net_mean_7d,2025-11-19,432.3421761,356.4025659,17.56470093
forward,net_mean_7d,2025-11-20,441.7099841,382.5426422,13.39506554
forward,net_mean_7d,2025-11-21,432.5872519,375.4273392,13.21349911
forward,net_mean_7d,2025-11-22,429.3143568,362.8264509,15.48699801
forward,net_mean_7d,2025-11-23,513.2627774,456.5454076,11.0503571
forward,net_mean_7d,2025-11-24,328.4634146,296.0222899,9.876632626
forward,net_mean_7d,2025-11-25,441.751729,366.8870623,16.94722663
forward,net_mean_7d,2025-11-26,505.0421567,425.2482384,15.79945697
forward,net_mean_7d,2025-11-27,413.3299843,355.6478262,13.9554739
forward,net_mean_7d,2025-11-28,448.2292286,380.1084655,15.19775122
forward,net_mean_7d,2025-11-29,841.3985451,771.8475729,8.266115103
forward,net_mean_7d,2025-11-30,723.4627696,644.2332713,10.95142717
forward,net_mean_7d,2025-12-01,413.6610227,528.98209,-27.87815651
forward,net_mean_7d,2025-12-02,423.2123305,498.5009099,-17.78978871
forward,net_mean_7d,2025-12-03,395.6290582,403.6921311,-2.038038612
forward,net_mean_7d,2025-12-04,367.1232726,358.4908701,2.351363463
forward,net_mean_7d,2025-12-05,375.4376357,351.9449062,6.257425282
forward,net_mean_7d,2025-12-06,462.6853831,420.3461956,9.150751037
forward,net_mean_7d,2025-12-07,322.4327511,297.8058033,7.637855535
forward,net_mean_7d,2025-12-08,311.7908272,288.1533487,7.581197518
forward,net_mean_7d,2025-12-09,310.1161833,305.6383634,1.443916866
forward,net_mean_7d,2025-12-10,355.175275,331.6382237,6.626883383
forward,net_mean_7d,2025-12-11,293.7851948,295.4239608,-0.5578109489
forward,net_mean_7d,2025-12-12,446.9632734,418.681794,6.327472766
forward,net_mean_7d,2025-12-13,359.0266768,337.306377,6.049773253
forward,net_mean_7d,2025-12-14,310.5534971,294.4558619,5.183530483
forward,net_mean_7d,2025-12-15,362.9604828,346.018977,4.667589617
forward,net_mean_7d,2025-12-16,321.7312301,303.3176073,5.723293577
forward,net_mean_7d,2025-12-17,240.3134337,229.8277642,4.363330537
forward,net_mean_7d,2025-12-18,328.4708073,328.5336054,-0.01911832044
forward,net_mean_7d,2025-12-19,327.208278,314.5524123,3.867831757
forward,net_mean_7d,2025-12-20,286.087257,271.3071269,5.166301442
forward,net_mean_7d,2025-12-21,372.2603916,353.5949756,5.014075203
forward,net_mean_7d,2025-12-22,238.2646915,225.2668213,5.455222975
forward,net_mean_7d,2025-12-23,230.8514624,226.6085434,1.837943312
forward,net_mean_7d,2025-12-24,281.6244192,276.3360831,1.877797415
forward,net_mean_7d,2025-12-25,288.2916403,277.3087561,3.809643673
forward,net_mean_7d,2025-12-26,339.7506399,326.2074501,3.986214676
forward,net_mean_7d,2025-12-27,292.7047958,279.1005537,4.647768764
forward,net_mean_7d,2025-12-28,289.7499199,289.9509243,-0.0693716812
forward,net_mean_7d,2025-12-29,266.625412,262.4137168,1.579630059
forward,net_mean_7d,2025-12-30,289.7837113,294.3611031,-1.579589078
forward,net_mean_7d,2025-12-31,291.8350244,277.2906157,4.983777642
forward,net_mean_3d,2025-02-01,638.0868942,628.2404074,1.543126316
forward,net_mean_3d,2025-02-02,528.7912869,673.2107047,-27.31123249
forward,net_mean_3d,2025-02-03,354.5017334,405.1934011,-14.29941323
forward,net_mean_3d,2025-02-04,339.5075022,340.1285679,-0.1829313807
forward,net_mean_3d,2025-02-05,322.3557555,339.6378944,-5.36120066
forward,net_mean_3d,2025-02-06,300.0231247,320.2780609,-6.751125024
forward,net_mean_3d,2025-02-07,642.1723005,668.0059772,-4.022857513
forward,net_mean_3d,2025-02-08,541.9406354,494.811346,8.696393366
forward,net_mean_3d,2025-02-09,323.5850081,380.3862674,-17.55373641
forward,net_mean_3d,2025-02-10,727.089988,725.5770322,0.2080837046
forward,net_mean_3d,2025-02-11,407.4783461,415.6857348,-2.01419013
forward,net_mean_3d,2025-02-12,344.0115621,400.5850829,-16.44523819
forward,net_mean_3d,2025-02-13,615.1497151,612.0302637,0.5071044149
forward,net_mean_3d,2025-02-14,564.9309718,556.0270026,1.57611631
forward,net_mean_3d,2025-02-15,378.8823795,367.9263522,2.891669784
forward,net_mean_3d,2025-02-16,414.2064977,369.3724404,10.82408353
forward,net_mean_3d,2025-02-17,483.7678592,581.9937369,-20.30434141
forward,net_mean_3d,2025-02-18,337.8950902,343.0034842,-1.51182843
forward,net_mean_3d,2025-02-19,360.450318,341.6649575,5.211636544
forward,net_mean_3d,2025-02-20,400.8844055,434.6945363,-8.433885267
forward,net_mean_3d,2025-02-21,556.5942512,566.834536,-1.839811469
forward,net_mean_3d,2025-02-22,330.2185068,327.2742266,0.8916157486
forward,net_mean_3d,2025-02-23,377.1028651,389.8973946,-3.39284867
forward,net_mean_3d,2025-02-24,479.6336121,531.4996904,-10.81368714
forward,net_mean_3d,2025-02-25,682.1297773,694.8646882,-1.866933723
forward,net_mean_3d,2025-02-26,351.3417716,369.4834365,-5.16353772
forward,net_mean_3d,2025-02-27,501.4208921,495.3359897,1.213531888
forward,net_mean_3d,2025-02-28,575.6035183,568.8927623,1.165864306
forward,net_mean_3d,2025-03-01,469.7203738,482.3101852,-2.680277901
forward,net_mean_3d,2025-03-02,835.272688,812.6583024,2.707425477
forward,net_mean_3d,2025-03-03,481.1846789,460.182436,4.364694841
forward,net_mean_3d,2025-03-04,360.9217918,366.2158266,-1.46680942
forward,net_mean_3d,2025-03-05,493.3945245,500.5324717,-1.446701752
forward,net_mean_3d,2025-03-06,445.8516764,425.6865683,4.522828809
forward,net_mean_3d,2025-03-07,659.2677696,647.4142351,1.797984819
forward,net_mean_3d,2025-03-08,497.905877,545.8939859,-9.637988044
forward,net_mean_3d,2025-03-09,609.5975872,814.4378851,-33.60254406
forward,net_mean_3d,2025-03-10,495.4507755,496.8999105,-0.2924881811
forward,net_mean_3d,2025-03-11,479.5298252,494.2358227,-3.066753462
forward,net_mean_3d,2025-03-12,513.3956241,481.0488527,6.300554554
forward,net_mean_3d,2025-03-13,584.8878374,710.8680607,-21.53921063
forward,net_mean_3d,2025-03-14,702.9916627,710.025676,-1.000582748
forward,net_mean_3d,2025-03-15,573.3862851,533.9157411,6.883761441
forward,net_mean_3d,2025-03-16,486.5082881,584.5215836,-20.14627457
forward,net_mean_3d,2025-03-17,800.6731473,860.6454153,-7.490230969
forward,net_mean_3d,2025-03-18,439.0993326,446.5539396,-1.697704014
forward,net_mean_3d,2025-03-19,470.1576519,491.1558798,-4.466209983
forward,net_mean_3d,2025-03-20,323.9552039,328.9295686,-1.535510053
forward,net_mean_3d,2025-03-21,853.6399163,824.9895861,3.35625475
forward,net_mean_3d,2025-03-22,424.2226553,481.0670215,-13.39965357
forward,net_mean_3d,2025-03-23,583.7424447,608.3958259,-4.223331954
forward,net_mean_3d,2025-03-24,463.7810129,493.7547656,-6.462910705
forward,net_mean_3d,2025-03-25,417.769734,421.1357953,-0.8057216739
forward,net_mean_3d,2025-03-26,650.4093465,726.4165799,-11.68606107
forward,net_mean_3d,2025-03-27,398.6160958,405.6744104,-1.770704871
forward,net_mean_3d,2025-03-28,585.7719685,558.6176245,4.635650967
forward,net_mean_3d,2025-03-29,750.6749243,840.1207474,-11.9153871
forward,net_mean_3d,2025-03-30,498.234942,525.4879698,-5.469914993
forward,net_mean_3d,2025-03-31,500.0569123,532.5003803,-6.487955106
forward,net_mean_3d,2025-04-01,651.9234253,634.5533909,2.664428634
forward,net_mean_3d,2025-04-02,589.891981,587.6893697,0.3733923057
forward,net_mean_3d,2025-04-03,459.0994119,509.6265672,-11.00571119
forward,net_mean_3d,2025-04-04,579.6778333,618.8041171,-6.749660165
forward,net_mean_3d,2025-04-05,586.6416944,585.4077381,0.2103424084
forward,net_mean_3d,2025-04-06,427.5230928,428.2452244,-0.1689105338
forward,net_mean_3d,2025-04-07,613.6910468,565.580149,7.839595836
forward,net_mean_3d,2025-04-08,488.0927637,527.6643484,-8.107390147
forward,net_mean_3d,2025-04-09,446.4146127,435.2950018,2.490870722
forward,net_mean_3d,2025-04-10,500.3399362,551.8263425,-10.29028518
forward,net_mean_3d,2025-04-11,541.1382686,508.0743373,6.110070777
forward,net_mean_3d,2025-04-12,589.9111485,559.8301563,5.099241173
forward,net_mean_3d,2025-04-13,392.8418166,434.3265117,-10.56015255
forward,net_mean_3d,2025-04-14,462.873323,437.7445573,5.428864529
forward,net_mean_3d,2025-04-15,685.3474776,694.5515692,-1.342981758
forward,net_mean_3d,2025-04-16,385.3114381,401.6316988,-4.235602448
forward,net_mean_3d,2025-04-17,384.5953286,428.8283191,-11.50117725
forward,net_mean_3d,2025-04-18,410.0515813,407.4646871,0.6308704501
forward,net_mean_3d,2025-04-19,375.6489671,411.5125692,-9.547105202
forward,net_mean_3d,2025-04-20,427.0022295,396.1515501,7.224945741
forward,net_mean_3d,2025-04-21,704.7948643,683.9215245,2.961619172
forward,net_mean_3d,2025-04-22,412.7500466,404.8401483,1.916389442
forward,net_mean_3d,2025-04-23,446.4087176,500.2370405,-12.05808059
forward,net_mean_3d,2025-04-24,691.1428458,758.2524554,-9.709947805
forward,net_mean_3d,2025-04-25,627.9768991,621.4522656,1.038992607
forward,net_mean_3d,2025-04-26,931.2527333,965.7931084,-3.709022684
forward,net_mean_3d,2025-04-27,539.2250343,521.2483461,3.333800748
forward,net_mean_3d,2025-04-28,729.011954,844.3711818,-15.82405161
forward,net_mean_3d,2025-04-29,593.6257604,580.6343335,2.18848772
forward,net_mean_3d,2025-04-30,630.084785,616.3563361,2.178825642
forward,net_mean_3d,2025-05-01,594.7686006,656.3390449,-10.3519998
forward,net_mean_3d,2025-05-02,1270.341017,1218.588721,4.073890049
forward,net_mean_3d,2025-05-03,540.7475024,537.8303043,0.5394750902
forward,net_mean_3d,2025-05-04,627.3768311,670.6480548,-6.897166347
forward,net_mean_3d,2025-05-05,490.1329995,498.0362867,-1.612478085
forward,net_mean_3d,2025-05-06,527.1709334,542.3120415,-2.872143969
forward,net_mean_3d,2025-05-07,400.4902109,425.8382794,-6.329260452
forward,net_mean_3d,2025-05-08,550.369648,531.1733423,3.487893235
forward,net_mean_3d,2025-05-09,403.4420788,397.2915463,1.524514385
forward,net_mean_3d,2025-05-10,603.8777664,585.9881462,2.962457168
forward,net_mean_3d,2025-05-11,504.5512269,553.3071043,-9.6632165
forward,net_mean_3d,2025-05-12,728.3620131,715.3863076,1.781491248
forward,net_mean_3d,2025-05-13,381.8721758,390.5774011,-2.279617606
forward,net_mean_3d,2025-05-14,393.4516604,410.4780278,-4.327435621
forward,net_mean_3d,2025-05-15,412.3321015,416.9806677,-1.12738401
forward,net_mean_3d,2025-05-16,709.7263185,721.4816483,-1.656318712
forward,net_mean_3d,2025-05-17,701.4574225,681.1448734,2.895763646
forward,net_mean_3d,2025-05-18,551.4903911,575.0448752,-4.271059747
forward,net_mean_3d,2025-05-19,631.6388312,643.2154732,-1.832794536
forward,net_mean_3d,2025-05-20,588.3071913,600.2488707,-2.029837404
forward,net_mean_3d,2025-05-21,562.0714866,565.06806,-0.5331303094
forward,net_mean_3d,2025-05-22,356.232978,347.1505306,2.549580729
forward,net_mean_3d,2025-05-23,420.7976355,427.0117936,-1.476756898
forward,net_mean_3d,2025-05-24,556.4352515,591.8370482,-6.362249078
forward,net_mean_3d,2025-05-25,452.404581,473.0819679,-4.570552058
forward,net_mean_3d,2025-05-26,632.1765089,661.3658335,-4.617274488
forward,net_mean_3d,2025-05-27,467.9050639,476.0556668,-1.74193519
forward,net_mean_3d,2025-05-28,605.6860651,623.3039883,-2.908754927
forward,net_mean_3d,2025-05-29,484.3050611,474.7352021,1.975998147
forward,net_mean_3d,2025-05-30,486.5971055,488.656893,-0.4233045012
forward,net_mean_3d,2025-05-31,470.3203923,458.8900355,2.430334083
forward,net_mean_3d,2025-06-01,1728.707419,1810.429003,-4.727323021
forward,net_mean_3d,2025-06-02,1396.066802,1410.901068,-1.062575655
forward,net_mean_3d,2025-06-03,785.6968709,785.3199827,0.0479686538
forward,net_mean_3d,2025-06-04,902.6217702,911.1235151,-0.941894506
forward,net_mean_3d,2025-06-05,687.4111682,728.7396863,-6.012197644
forward,net_mean_3d,2025-06-06,3410.143131,3435.626682,-0.7472868306
forward,net_mean_3d,2025-06-07,815.9811864,815.8775982,0.01269493535
forward,net_mean_3d,2025-06-08,895.7025023,858.3697112,4.167990043
forward,net_mean_3d,2025-06-09,851.9515683,986.587755,-15.80326766
forward,net_mean_3d,2025-06-10,593.0395497,600.9598884,-1.335549815
forward,net_mean_3d,2025-06-11,868.4694855,826.7765416,4.800737913
forward,net_mean_3d,2025-06-12,495.481047,491.2979228,0.8442551312
forward,net_mean_3d,2025-06-13,761.6634863,748.3927626,1.742334231
forward,net_mean_3d,2025-06-14,801.6702728,782.6643067,2.370795927
forward,net_mean_3d,2025-06-15,490.8633327,591.4585363,-20.49352576
forward,net_mean_3d,2025-06-16,407.7280328,513.7022404,-25.99139602
forward,net_mean_3d,2025-06-17,611.7584941,626.1089839,-2.345776967
forward,net_mean_3d,2025-06-18,410.2717736,461.4072907,-12.46381553
forward,net_mean_3d,2025-06-19,576.3235008,637.1413665,-10.55273047
forward,net_mean_3d,2025-06-20,628.0918651,631.3870271,-0.5246305834
forward,net_mean_3d,2025-06-21,960.6775857,981.0325271,-2.118810901
forward,net_mean_3d,2025-06-22,518.53349,510.7551129,1.500072274
forward,net_mean_3d,2025-06-23,484.5265192,458.9935085,5.269682824
forward,net_mean_3d,2025-06-24,802.134886,801.9526858,0.02271440557
forward,net_mean_3d,2025-06-25,541.148956,554.1118924,-2.395447004
forward,net_mean_3d,2025-06-26,584.6913099,607.6108043,-3.919930739
forward,net_mean_3d,2025-06-27,632.561922,665.1566645,-5.152814509
forward,net_mean_3d,2025-06-28,586.5514628,584.0878177,0.4200219847
forward,net_mean_3d,2025-06-29,507.0844607,537.0301465,-5.905463126
forward,net_mean_3d,2025-06-30,488.0728727,530.5165529,-8.696176861
forward,net_mean_3d,2025-07-01,774.3307555,771.0408975,0.4248646925
forward,net_mean_3d,2025-07-02,952.2040278,999.2004951,-4.935545946
forward,net_mean_3d,2025-07-03,758.3644457,663.840119,12.46423501
forward,net_mean_3d,2025-07-04,909.3820622,972.3932684,-6.929013536
forward,net_mean_3d,2025-07-05,764.7919982,739.7497576,3.274385796
forward,net_mean_3d,2025-07-06,678.7455636,796.0858633,-17.28781828
forward,net_mean_3d,2025-07-07,745.8072987,810.61329,-8.689374784
forward,net_mean_3d,2025-07-08,730.8652431,729.0882905,0.2431300011
forward,net_mean_3d,2025-07-09,533.9265249,598.6101536,-12.11470599
forward,net_mean_3d,2025-07-10,534.6771528,558.5265362,-4.460520391
forward,net_mean_3d,2025-07-11,841.9286548,868.6757633,-3.176885398
forward,net_mean_3d,2025-07-12,522.3766241,516.3289465,1.157723617
forward,net_mean_3d,2025-07-13,781.3116135,864.4610516,-10.64228877
forward,net_mean_3d,2025-07-14,491.951227,518.3959499,-5.37547656
forward,net_mean_3d,2025-07-15,654.0650469,687.2201811,-5.069088217
forward,net_mean_3d,2025-07-16,546.6351136,559.0893145,-2.278338981
forward,net_mean_3d,2025-07-17,497.6701678,508.5206765,-2.180261012
forward,net_mean_3d,2025-07-18,481.0902575,467.4507893,2.835116283
forward,net_mean_3d,2025-07-19,591.9912039,564.1115056,4.709478473
forward,net_mean_3d,2025-07-20,440.0952023,456.7044064,-3.774002558
forward,net_mean_3d,2025-07-21,445.0752566,475.0855796,-6.742752505
forward,net_mean_3d,2025-07-22,475.3864864,476.8057011,-0.2985391164
forward,net_mean_3d,2025-07-23,446.3322578,445.1197009,0.2716713526
forward,net_mean_3d,2025-07-24,513.250193,524.7718629,-2.244844736
forward,net_mean_3d,2025-07-25,495.0107662,495.1834946,-0.03489386503
forward,net_mean_3d,2025-07-26,511.0160941,511.1570216,-0.02757789275
forward,net_mean_3d,2025-07-27,449.7685734,475.3756483,-5.69338909
forward,net_mean_3d,2025-07-28,571.3577528,569.8639659,0.261445097
forward,net_mean_3d,2025-07-29,535.1385548,535.6035532,-0.08689308199
forward,net_mean_3d,2025-07-30,501.6181943,512.5811521,-2.185518358
forward,net_mean_3d,2025-07-31,375.527697,378.5468435,-0.803974396
forward,net_mean_3d,2025-08-01,821.458349,827.7862712,-0.7703278169
forward,net_mean_3d,2025-08-02,818.9958493,836.3986859,-2.12489924
forward,net_mean_3d,2025-08-03,1150.508177,1228.24069,-6.756363357
forward,net_mean_3d,2025-08-04,475.6990349,546.9293748,-14.97382477
forward,net_mean_3d,2025-08-05,628.5689596,624.4808613,0.6503818335
forward,net_mean_3d,2025-08-06,886.9774398,988.0403177,-11.39407536
forward,net_mean_3d,2025-08-07,695.5027188,856.7965904,-23.19097643
forward,net_mean_3d,2025-08-08,2729.784758,2880.139145,-5.50792096
forward,net_mean_3d,2025-08-09,946.5104109,945.7549439,0.07981602108
forward,net_mean_3d,2025-08-10,663.6498994,616.3809007,7.122580552
forward,net_mean_3d,2025-08-11,580.0718467,700.9894089,-20.84527338
forward,net_mean_3d,2025-08-12,560.3749569,538.5769133,3.88990325
forward,net_mean_3d,2025-08-13,506.5571366,549.2483281,-8.427714928
forward,net_mean_3d,2025-08-14,517.6768524,603.6590248,-16.60923644
forward,net_mean_3d,2025-08-15,503.1667456,495.7930953,1.465448656
forward,net_mean_3d,2025-08-16,553.1198094,546.1506019,1.259981551
forward,net_mean_3d,2025-08-17,538.0727791,503.2278952,6.475868188
forward,net_mean_3d,2025-08-18,508.4192141,536.6368247,-5.550067697
forward,net_mean_3d,2025-08-19,378.3890111,381.57818,-0.842828112
forward,net_mean_3d,2025-08-20,719.7166967,702.2676756,2.424429109
forward,net_mean_3d,2025-08-21,450.8637091,482.0845789,-6.924680157
forward,net_mean_3d,2025-08-22,540.6491755,581.140709,-7.489428509
forward,net_mean_3d,2025-08-23,580.9876478,591.7911776,-1.859511099
forward,net_mean_3d,2025-08-24,666.5563484,635.5531388,4.651251123
forward,net_mean_3d,2025-08-25,592.9244467,689.250991,-16.24600653
forward,net_mean_3d,2025-08-26,463.7515909,479.7836995,-3.457046599
forward,net_mean_3d,2025-08-27,479.0054709,495.7132536,-3.488015012
forward,net_mean_3d,2025-08-28,699.0709207,672.3394375,3.823858554
forward,net_mean_3d,2025-08-29,531.6734744,530.3094464,0.2565537067
forward,net_mean_3d,2025-08-30,736.2106682,721.1172798,2.050145311
forward,net_mean_3d,2025-08-31,453.9691903,455.3812587,-0.3110493956
forward,net_mean_3d,2025-09-01,1037.723855,1075.908378,-3.679641997
forward,net_mean_3d,2025-09-02,935.629938,925.769142,1.053920526
forward,net_mean_3d,2025-09-03,688.4969223,716.3422608,-4.044366448
forward,net_mean_3d,2025-09-04,711.8671387,681.6685759,4.242162784
forward,net_mean_3d,2025-09-05,1101.886035,1105.561299,-0.3335430338
forward,net_mean_3d,2025-09-06,930.6294158,952.6634115,-2.367644451
forward,net_mean_3d,2025-09-07,587.0308943,656.2668121,-11.79425452
forward,net_mean_3d,2025-09-08,869.2230173,939.2564392,-8.057014188
forward,net_mean_3d,2025-09-09,715.1021217,686.7975666,3.958113705
forward,net_mean_3d,2025-09-10,759.6978365,1050.779895,-38.31550441
forward,net_mean_3d,2025-09-11,635.612382,747.7784515,-17.6469296
forward,net_mean_3d,2025-09-12,555.1045015,539.7590929,2.764417971
forward,net_mean_3d,2025-09-13,701.8512609,687.1589061,2.093371581
forward,net_mean_3d,2025-09-14,512.2900282,518.4391141,-1.200313408
forward,net_mean_3d,2025-09-15,559.8715309,625.3689061,-11.69864364
forward,net_mean_3d,2025-09-16,464.2825444,495.0112506,-6.618535764
forward,net_mean_3d,2025-09-17,522.8333982,526.7175007,-0.7428948825
forward,net_mean_3d,2025-09-18,412.1476124,424.1140429,-2.903433173
forward,net_mean_3d,2025-09-19,777.0883388,700.7203703,9.827450064
forward,net_mean_3d,2025-09-20,578.2182391,606.204264,-4.84004532
forward,net_mean_3d,2025-09-21,491.5010776,522.4750964,-6.301922864
forward,net_mean_3d,2025-09-22,376.3678239,390.0553022,-3.636729151
forward,net_mean_3d,2025-09-23,485.9122385,493.0296061,-1.464743429
forward,net_mean_3d,2025-09-24,426.3272206,464.0613948,-8.85098872
forward,net_mean_3d,2025-09-25,347.5979136,375.0986874,-7.911662516
forward,net_mean_3d,2025-09-26,576.9762813,545.3104716,5.488234219
forward,net_mean_3d,2025-09-27,640.954455,648.3335825,-1.151271742
forward,net_mean_3d,2025-09-28,509.6545519,554.4095445,-8.781436849
forward,net_mean_3d,2025-09-29,343.4178702,340.2037076,0.9359334289
forward,net_mean_3d,2025-09-30,568.9104476,559.432046,1.666062143
forward,net_mean_3d,2025-10-01,1275.526924,1237.697008,2.965826498
forward,net_mean_3d,2025-10-02,740.2188951,686.2021194,7.297405681
forward,net_mean_3d,2025-10-03,618.8679406,647.1649561,-4.572383498
forward,net_mean_3d,2025-10-04,521.7068272,598.6001582,-14.73880099
forward,net_mean_3d,2025-10-05,447.2224609,498.6392622,-11.49691838
forward,net_mean_3d,2025-10-06,371.3760906,365.6575317,1.539829574
forward,net_mean_3d,2025-10-07,392.8765313,413.4092179,-5.226244099
forward,net_mean_3d,2025-10-08,463.5953365,531.6808453,-14.68640934
forward,net_mean_3d,2025-10-09,464.4787007,461.1239068,0.7222707713
forward,net_mean_3d,2025-10-10,623.5001766,647.7048613,-3.882065403
forward,net_mean_3d,2025-10-11,486.2834011,520.9096711,-7.120594671
forward,net_mean_3d,2025-10-12,380.6604382,364.1115788,4.347407211
forward,net_mean_3d,2025-10-13,363.878006,380.45577,-4.555857668
forward,net_mean_3d,2025-10-14,438.03624,426.3001704,2.679246279
forward,net_mean_3d,2025-10-15,491.4878805,560.2328308,-13.98710995
forward,net_mean_3d,2025-10-16,586.739783,594.8693802,-1.385554109
forward,net_mean_3d,2025-10-17,441.47597,448.7696096,-1.652103411
forward,net_mean_3d,2025-10-18,344.712824,353.9545931,-2.681005305
forward,net_mean_3d,2025-10-19,560.9999236,606.9888013,-8.197662024
forward,net_mean_3d,2025-10-20,555.1575092,501.9321484,9.587434175
forward,net_mean_3d,2025-10-21,627.3558365,621.7280447,0.8970653503
forward,net_mean_3d,2025-10-22,518.3339525,778.5881371,-50.20975056
forward,net_mean_3d,2025-10-23,429.9456366,500.0495785,-16.30530373
forward,net_mean_3d,2025-10-24,434.7683621,421.8549379,2.97018488
forward,net_mean_3d,2025-10-25,430.8387951,447.0676369,-3.766801406
forward,net_mean_3d,2025-10-26,324.1096792,325.4474622,-0.4127562501
forward,net_mean_3d,2025-10-27,519.0555029,537.456755,-3.545141515
forward,net_mean_3d,2025-10-28,399.4667157,402.4085484,-0.7364399952
forward,net_mean_3d,2025-10-29,621.8151732,663.298614,-6.671345871
forward,net_mean_3d,2025-10-30,337.3280972,389.9728302,-15.60638842
forward,net_mean_3d,2025-10-31,664.0409154,695.4411313,-4.728656803
forward,net_mean_3d,2025-11-01,343.6374453,351.2686615,-2.220717308
forward,net_mean_3d,2025-11-02,395.6285912,444.2252924,-12.28341485
forward,net_mean_3d,2025-11-03,475.3272535,489.5465397,-2.991472957
forward,net_mean_3d,2025-11-04,339.5384413,340.4147321,-0.2580829449
forward,net_mean_3d,2025-11-05,348.308299,395.4597843,-13.53728447
forward,net_mean_3d,2025-11-06,536.0683918,543.886339,-1.458386154
forward,net_mean_3d,2025-11-07,627.0496384,621.4739234,0.8891983367
forward,net_mean_3d,2025-11-08,356.1030326,357.6498998,-0.4343875438
forward,net_mean_3d,2025-11-09,392.3450322,427.5146709,-8.96395667
forward,net_mean_3d,2025-11-10,522.3037559,538.3463412,-3.071504884
forward,net_mean_3d,2025-11-11,284.0148708,299.1869355,-5.341996573
forward,net_mean_3d,2025-11-12,301.4247304,315.9455157,-4.817383518
forward,net_mean_3d,2025-11-13,409.4418966,474.559289,-15.90393973
forward,net_mean_3d,2025-11-14,560.7037715,591.4552315,-5.484439647
forward,net_mean_3d,2025-11-15,430.9735697,450.9872829,-4.643837731
forward,net_mean_3d,2025-11-16,472.3938786,482.1919768,-2.074137414
forward,net_mean_3d,2025-11-17,292.088991,293.5846488,-0.5120555148
forward,net_mean_3d,2025-11-18,463.1627341,489.9394063,-5.781266552
forward,net_mean_3d,2025-11-19,356.4025659,423.537461,-18.83681587
forward,net_mean_3d,2025-11-20,382.5426422,373.6265678,2.33074
forward,net_mean_3d,2025-11-21,375.4273392,363.3961641,3.204661418
forward,net_mean_3d,2025-11-22,362.8264509,368.6343065,-1.600725525
forward,net_mean_3d,2025-11-23,456.5454076,448.7418003,1.709272982
forward,net_mean_3d,2025-11-24,296.0222899,328.0013467,-10.80292193
forward,net_mean_3d,2025-11-25,366.8870623,375.1523699,-2.252820667
forward,net_mean_3d,2025-11-26,425.2482384,420.0571855,1.220711216
forward,net_mean_3d,2025-11-27,355.6478262,333.9039852,6.113868651
forward,net_mean_3d,2025-11-28,380.1084655,387.9794517,-2.070721101
forward,net_mean_3d,2025-11-29,771.8475729,794.1479695,-2.889222874
forward,net_mean_3d,2025-11-30,644.2332713,703.4937851,-9.198611192
forward,net_mean_3d,2025-12-01,528.98209,606.3899553,-14.63336222
forward,net_mean_3d,2025-12-02,498.5009099,511.0984225,-2.527079147
forward,net_mean_3d,2025-12-03,403.6921311,392.069209,2.879155003
forward,net_mean_3d,2025-12-04,358.4908701,350.5970958,2.201945715
forward,net_mean_3d,2025-12-05,351.9449062,328.1269075,6.76753614
forward,net_mean_3d,2025-12-06,420.3461956,432.1515416,-2.808481707
forward,net_mean_3d,2025-12-07,297.8058033,290.750824,2.368986525
forward,net_mean_3d,2025-12-08,288.1533487,286.1985037,0.6784043985
forward,net_mean_3d,2025-12-09,305.6383634,307.842858,-0.7212755105
forward,net_mean_3d,2025-12-10,331.6382237,354.6903274,-6.950979114
forward,net_mean_3d,2025-12-11,295.4239608,292.6286741,0.9461950059
forward,net_mean_3d,2025-12-12,418.681794,417.3100678,0.327629764
forward,net_mean_3d,2025-12-13,337.306377,347.219477,-2.938900862
forward,net_mean_3d,2025-12-14,294.4558619,299.2879518,-1.6410235
forward,net_mean_3d,2025-12-15,346.018977,353.1410752,-2.058296983
forward,net_mean_3d,2025-12-16,303.3176073,312.1868939,-2.92409224
forward,net_mean_3d,2025-12-17,229.8277642,239.8731544,-4.370834049
forward,net_mean_3d,2025-12-18,328.5336054,327.4281569,0.3364795889
forward,net_mean_3d,2025-12-19,314.5524123,306.0186359,2.712990293
forward,net_mean_3d,2025-12-20,271.3071269,272.9358638,-0.6003295764
forward,net_mean_3d,2025-12-21,353.5949756,349.0114798,1.296255921
forward,net_mean_3d,2025-12-22,225.2668213,226.2183514,-0.4224013508
forward,net_mean_3d,2025-12-23,226.6085434,228.6946065,-0.9205580407
forward,net_mean_3d,2025-12-24,276.3360831,279.8850198,-1.284282752
forward,net_mean_3d,2025-12-25,277.3087561,281.2401917,-1.417710583
forward,net_mean_3d,2025-12-26,326.2074501,315.8774102,3.166708739
forward,net_mean_3d,2025-12-27,279.1005537,279.3461612,-0.08799964099
forward,net_mean_3d,2025-12-28,289.9509243,298.4332699,-2.925441836
forward,net_mean_3d,2025-12-29,262.4137168,259.2066373,1.2221463
forward,net_mean_3d,2025-12-30,294.3611031,293.2683122,0.3712416277
forward,net_mean_3d,2025-12-31,277.2906157,290.3286506,-4.70193873
forward,load_std_7d,2025-02-01,638.0868942,648.9477887,-1.70210274
forward,load_std_7d,2025-02-02,528.7912869,601.9322031,-13.83171735
forward,load_std_7d,2025-02-03,354.5017334,469.1431069,-32.33873426
forward,load_std_7d,2025-02-04,339.5075022,376.8197797,-10.99011873
forward,load_std_7d,2025-02-05,322.3557555,356.6818827,-10.64852311
forward,load_std_7d,2025-02-06,300.0231247,360.1883346,-20.0535242
forward,load_std_7d,2025-02-07,642.1723005,768.5018059,-19.6722134
forward,load_std_7d,2025-02-08,541.9406354,551.7353556,-1.807341896
forward,load_std_7d,2025-02-09,323.5850081,339.0272981,-4.772251389
forward,load_std_7d,2025-02-10,727.089988,793.5300178,-9.13780012
forward,load_std_7d,2025-02-11,407.4783461,399.9982119,1.835713298
forward,load_std_7d,2025-02-12,344.0115621,324.4876772,5.675357181
forward,load_std_7d,2025-02-13,615.1497151,591.9623978,3.769377869
forward,load_std_7d,2025-02-14,564.9309718,643.321789,-13.87617622
forward,load_std_7d,2025-02-15,378.8823795,388.600853,-2.565037065
forward,load_std_7d,2025-02-16,414.2064977,446.3484555,-7.759887386
forward,load_std_7d,2025-02-17,483.7678592,457.3504259,5.46076651
forward,load_std_7d,2025-02-18,337.8950902,331.8046885,1.802453437
forward,load_std_7d,2025-02-19,360.450318,366.4787732,-1.672478814
forward,load_std_7d,2025-02-20,400.8844055,394.1347906,1.683681085
forward,load_std_7d,2025-02-21,556.5942512,563.5220676,-1.24467985
forward,load_std_7d,2025-02-22,330.2185068,332.4345821,-0.6710936147
forward,load_std_7d,2025-02-23,377.1028651,372.5693906,1.202185099
forward,load_std_7d,2025-02-24,479.6336121,469.8411711,2.041650294
forward,load_std_7d,2025-02-25,682.1297773,668.4772137,2.001461325
forward,load_std_7d,2025-02-26,351.3417716,347.7571937,1.020253849
forward,load_std_7d,2025-02-27,501.4208921,498.8720338,0.5083271066
forward,load_std_7d,2025-02-28,575.6035183,569.2774148,1.099038351
forward,load_std_7d,2025-03-01,469.7203738,467.8671808,0.3945311063
forward,load_std_7d,2025-03-02,835.272688,810.4536173,2.971373426
forward,load_std_7d,2025-03-03,481.1846789,456.4550954,5.13931231
forward,load_std_7d,2025-03-04,360.9217918,363.750243,-0.7836742636
forward,load_std_7d,2025-03-05,493.3945245,491.9604748,0.2906496932
forward,load_std_7d,2025-03-06,445.8516764,450.3757856,-1.014711718
forward,load_std_7d,2025-03-07,659.2677696,631.5804151,4.199713041
forward,load_std_7d,2025-03-08,497.905877,618.6866094,-24.25774387
forward,load_std_7d,2025-03-09,609.5975872,599.5832135,1.642784345
forward,load_std_7d,2025-03-10,495.4507755,529.0764356,-6.786882109
forward,load_std_7d,2025-03-11,479.5298252,471.7129052,1.630121745
forward,load_std_7d,2025-03-12,513.3956241,472.5157923,7.962637361
forward,load_std_7d,2025-03-13,584.8878374,617.9886161,-5.65933784
forward,load_std_7d,2025-03-14,702.9916627,745.0450397,-5.982059134
forward,load_std_7d,2025-03-15,573.3862851,571.8283957,0.2716998056
forward,load_std_7d,2025-03-16,486.5082881,469.8018293,3.433951524
forward,load_std_7d,2025-03-17,800.6731473,756.1306407,5.563132314
forward,load_std_7d,2025-03-18,439.0993326,419.2499947,4.520466436
forward,load_std_7d,2025-03-19,470.1576519,440.4957166,6.308933858
forward,load_std_7d,2025-03-20,323.9552039,324.9439874,-0.3052223045
forward,load_std_7d,2025-03-21,853.6399163,925.8086816,-8.454239768
forward,load_std_7d,2025-03-22,424.2226553,453.516671,-6.905339755
forward,load_std_7d,2025-03-23,583.7424447,564.1468286,3.356894172
forward,load_std_7d,2025-03-24,463.7810129,447.1386837,3.588402456
forward,load_std_7d,2025-03-25,417.769734,416.6377222,0.2709654877
forward,load_std_7d,2025-03-26,650.4093465,632.2789312,2.787539166
forward,load_std_7d,2025-03-27,398.6160958,392.4863201,1.537764206
forward,load_std_7d,2025-03-28,585.7719685,586.313432,-0.09243589079
forward,load_std_7d,2025-03-29,750.6749243,733.1932788,2.328790397
forward,load_std_7d,2025-03-30,498.234942,499.1294094,-0.1795272465
forward,load_std_7d,2025-03-31,500.0569123,495.6028,0.8907210788
forward,load_std_7d,2025-04-01,651.9234253,669.9081237,-2.758713329
forward,load_std_7d,2025-04-02,589.891981,602.3200224,-2.106833425
forward,load_std_7d,2025-04-03,459.0994119,465.6599006,-1.428990867
forward,load_std_7d,2025-04-04,579.6778333,521.6012131,10.01877541
forward,load_std_7d,2025-04-05,586.6416944,674.5101909,-14.97822221
forward,load_std_7d,2025-04-06,427.5230928,429.0062212,-0.3469118653
forward,load_std_7d,2025-04-07,613.6910468,616.0689524,-0.3874760123
forward,load_std_7d,2025-04-08,488.0927637,485.173666,0.5980620743
forward,load_std_7d,2025-04-09,446.4146127,459.1931153,-2.862474088
forward,load_std_7d,2025-04-10,500.3399362,498.0824347,0.4511935457
forward,load_std_7d,2025-04-11,541.1382686,559.6938377,-3.428988537
forward,load_std_7d,2025-04-12,589.9111485,633.0261026,-7.30872001
forward,load_std_7d,2025-04-13,392.8418166,391.6866324,0.2940583449
forward,load_std_7d,2025-04-14,462.873323,458.5694043,0.9298264534
forward,load_std_7d,2025-04-15,685.3474776,683.2868715,0.3006658956
forward,load_std_7d,2025-04-16,385.3114381,387.2433537,-0.5013906649
forward,load_std_7d,2025-04-17,384.5953286,382.1555981,0.6343630211
forward,load_std_7d,2025-04-18,410.0515813,410.0808213,-0.007130804937
forward,load_std_7d,2025-04-19,375.6489671,378.1966908,-0.6782192791
forward,load_std_7d,2025-04-20,427.0022295,429.7637685,-0.6467270538
forward,load_std_7d,2025-04-21,704.7948643,706.0731727,-0.1813731123
forward,load_std_7d,2025-04-22,412.7500466,410.6687202,0.5042583106
forward,load_std_7d,2025-04-23,446.4087176,417.5827388,6.457306429
forward,load_std_7d,2025-04-24,691.1428458,661.0477619,4.354394191
forward,load_std_7d,2025-04-25,627.9768991,670.8668316,-6.829858321
forward,load_std_7d,2025-04-26,931.2527333,920.5356561,1.150823708
forward,load_std_7d,2025-04-27,539.2250343,531.0403138,1.517867302
forward,load_std_7d,2025-04-28,729.011954,752.1236102,-3.170271233
forward,load_std_7d,2025-04-29,593.6257604,605.918627,-2.070810842
forward,load_std_7d,2025-04-30,630.084785,656.9897358,-4.270052447
forward,load_std_7d,2025-05-01,594.7686006,645.5533336,-8.538569951
forward,load_std_7d,2025-05-02,1270.341017,1344.098731,-5.80613497
forward,load_std_7d,2025-05-03,540.7475024,668.7672436,-23.67458761
forward,load_std_7d,2025-05-04,627.3768311,3952.349062,-529.9800799
forward,load_std_7d,2025-05-05,490.1329995,758.6516348,-54.78485137
forward,load_std_7d,2025-05-06,527.1709334,516.8799586,1.952113469
forward,load_std_7d,2025-05-07,400.4902109,402.6158805,-0.5307669324
forward,load_std_7d,2025-05-08,550.369648,570.1731289,-3.59821458
forward,load_std_7d,2025-05-09,403.4420788,407.0409847,-0.8920502204
forward,load_std_7d,2025-05-10,603.8777664,630.6964813,-4.441083344
forward,load_std_7d,2025-05-11,504.5512269,502.3867861,0.4289833552
forward,load_std_7d,2025-05-12,728.3620131,724.7180643,0.5002936291
forward,load_std_7d,2025-05-13,381.8721758,372.1096282,2.55649617
forward,load_std_7d,2025-05-14,393.4516604,387.9581777,1.396228114
forward,load_std_7d,2025-05-15,412.3321015,425.7396004,-3.251626272
forward,load_std_7d,2025-05-16,709.7263185,722.5494427,-1.806770289
forward,load_std_7d,2025-05-17,701.4574225,744.1228515,-6.082397542
forward,load_std_7d,2025-05-18,551.4903911,597.7500695,-8.388120471
forward,load_std_7d,2025-05-19,631.6388312,652.8310758,-3.355120612
forward,load_std_7d,2025-05-20,588.3071913,613.7651533,-4.327324641
forward,load_std_7d,2025-05-21,562.0714866,561.1156434,0.1700572295
forward,load_std_7d,2025-05-22,356.232978,358.8352309,-0.7304918701
forward,load_std_7d,2025-05-23,420.7976355,420.6224956,0.04162092621
forward,load_std_7d,2025-05-24,556.4352515,592.0248392,-6.395998013
forward,load_std_7d,2025-05-25,452.404581,451.4027083,0.2214550392
forward,load_std_7d,2025-05-26,632.1765089,636.7821643,-0.7285394788
forward,load_std_7d,2025-05-27,467.9050639,455.9155537,2.562380948
forward,load_std_7d,2025-05-28,605.6860651,607.4261797,-0.2872964576
forward,load_std_7d,2025-05-29,484.3050611,473.9984797,2.128117627
forward,load_std_7d,2025-05-30,486.5971055,502.6180217,-3.292439685
forward,load_std_7d,2025-05-31,470.3203923,472.6964447,-0.5051986637
forward,load_std_7d,2025-06-01,1728.707419,1733.46266,-0.2750749431
forward,load_std_7d,2025-06-02,1396.066802,1451.295938,-3.956052548
forward,load_std_7d,2025-06-03,785.6968709,1038.413325,-32.16462524
forward,load_std_7d,2025-06-04,902.6217702,911.2344926,-0.9541895194
forward,load_std_7d,2025-06-05,687.4111682,743.9006575,-8.217714806
forward,load_std_7d,2025-06-06,3410.143131,3550.530136,-4.116748157
forward,load_std_7d,2025-06-07,815.9811864,811.1791163,0.5885025591
forward,load_std_7d,2025-06-08,895.7025023,698.7632049,21.98713266
forward,load_std_7d,2025-06-09,851.9515683,1024.065331,-20.20229428
forward,load_std_7d,2025-06-10,593.0395497,677.1126272,-14.17663923
forward,load_std_7d,2025-06-11,868.4694855,904.6978044,-4.171513158
forward,load_std_7d,2025-06-12,495.481047,504.4435105,-1.808840846
forward,load_std_7d,2025-06-13,761.6634863,2263.272743,-197.1486468
forward,load_std_7d,2025-06-14,801.6702728,976.6923879,-21.83218226
forward,load_std_7d,2025-06-15,490.8633327,502.3646301,-2.34307527
forward,load_std_7d,2025-06-16,407.7280328,414.9613,-1.774042171
forward,load_std_7d,2025-06-17,611.7584941,605.694262,0.991278767
forward,load_std_7d,2025-06-18,410.2717736,413.2147664,-0.7173276172
forward,load_std_7d,2025-06-19,576.3235008,588.2134369,-2.063066331
forward,load_std_7d,2025-06-20,628.0918651,585.9973978,6.701960275
forward,load_std_7d,2025-06-21,960.6775857,883.6268188,8.020460561
forward,load_std_7d,2025-06-22,518.53349,521.6823823,-0.6072688337
forward,load_std_7d,2025-06-23,484.5265192,490.7296676,-1.280249505
forward,load_std_7d,2025-06-24,802.134886,797.3441948,0.5972425967
forward,load_std_7d,2025-06-25,541.148956,543.1942822,-0.3779599346
forward,load_std_7d,2025-06-26,584.6913099,599.0932018,-2.463161607
forward,load_std_7d,2025-06-27,632.561922,543.4634158,14.08534138
forward,load_std_7d,2025-06-28,586.5514628,526.6584579,10.21104007
forward,load_std_7d,2025-06-29,507.0844607,517.2770628,-2.010040314
forward,load_std_7d,2025-06-30,488.0728727,497.7503934,-1.982802402
forward,load_std_7d,2025-07-01,774.3307555,779.6750761,-0.690185768
forward,load_std_7d,2025-07-02,952.2040278,912.8235845,4.135714842
forward,load_std_7d,2025-07-03,758.3644457,773.5183393,-1.998233661
forward,load_std_7d,2025-07-04,909.3820622,1629.482771,-79.18571728
forward,load_std_7d,2025-07-05,764.7919982,680.1416554,11.06841376
forward,load_std_7d,2025-07-06,678.7455636,867.6374644,-27.82955954
forward,load_std_7d,2025-07-07,745.8072987,827.0363895,-10.89143147
forward,load_std_7d,2025-07-08,730.8652431,760.6126118,-4.070157791
forward,load_std_7d,2025-07-09,533.9265249,544.1208688,-1.909315877
forward,load_std_7d,2025-07-10,534.6771528,527.5322916,1.336294467
forward,load_std_7d,2025-07-11,841.9286548,927.9799745,-10.22073773
forward,load_std_7d,2025-07-12,522.3766241,628.3647525,-20.28960016
forward,load_std_7d,2025-07-13,781.3116135,752.9223526,3.633538837
forward,load_std_7d,2025-07-14,491.951227,480.2023923,2.38821129
forward,load_std_7d,2025-07-15,654.0650469,670.3682869,-2.492602239
forward,load_std_7d,2025-07-16,546.6351136,540.3588199,1.148168774
forward,load_std_7d,2025-07-17,497.6701678,496.2907599,0.2771731327
forward,load_std_7d,2025-07-18,481.0902575,479.9941711,0.2278338415
forward,load_std_7d,2025-07-19,591.9912039,656.5367747,-10.90313005
forward,load_std_7d,2025-07-20,440.0952023,435.5375969,1.035595331
forward,load_std_7d,2025-07-21,445.0752566,447.0673672,-0.4475896017
forward,load_std_7d,2025-07-22,475.3864864,480.5579792,-1.087850182
forward,load_std_7d,2025-07-23,446.3322578,449.800256,-0.7769992345
forward,load_std_7d,2025-07-24,513.250193,514.1370817,-0.1727985138
forward,load_std_7d,2025-07-25,495.0107662,525.486265,-6.156532516
forward,load_std_7d,2025-07-26,511.0160941,512.9160933,-0.3718080987
forward,load_std_7d,2025-07-27,449.7685734,447.9974921,0.3937761429
forward,load_std_7d,2025-07-28,571.3577528,593.1608783,-3.816019897
forward,load_std_7d,2025-07-29,535.1385548,549.5518259,-2.693371831
forward,load_std_7d,2025-07-30,501.6181943,502.2461523,-0.1251864436
forward,load_std_7d,2025-07-31,375.527697,383.3974717,-2.095657594
forward,load_std_7d,2025-08-01,821.458349,849.3632458,-3.396994725
forward,load_std_7d,2025-08-02,818.9958493,851.7478817,-3.999047418
forward,load_std_7d,2025-08-03,1150.508177,1139.275018,0.9763649972
forward,load_std_7d,2025-08-04,475.6990349,472.9241066,0.5833369507
forward,load_std_7d,2025-08-05,628.5689596,629.4256658,-0.1362946978
forward,load_std_7d,2025-08-06,886.9774398,887.2635063,-0.03225182879
forward,load_std_7d,2025-08-07,695.5027188,699.8327277,-0.6225725343
forward,load_std_7d,2025-08-08,2729.784758,3201.721116,-17.28840913
forward,load_std_7d,2025-08-09,946.5104109,947.0697357,-0.05909336189
forward,load_std_7d,2025-08-10,663.6498994,659.8407865,0.5739642035
forward,load_std_7d,2025-08-11,580.0718467,582.0441359,-0.3400077435
forward,load_std_7d,2025-08-12,560.3749569,560.8238904,-0.08011304672
forward,load_std_7d,2025-08-13,506.5571366,506.88556,-0.06483442162
forward,load_std_7d,2025-08-14,517.6768524,518.896194,-0.2355410725
forward,load_std_7d,2025-08-15,503.1667456,508.1141072,-0.9832449477
forward,load_std_7d,2025-08-16,553.1198094,551.5053128,0.2918891371
forward,load_std_7d,2025-08-17,538.0727791,537.4273191,0.1199577496
forward,load_std_7d,2025-08-18,508.4192141,508.5991378,-0.03538885574
forward,load_std_7d,2025-08-19,378.3890111,378.5307106,-0.03744810364
forward,load_std_7d,2025-08-20,719.7166967,720.4448722,-0.1011753005
forward,load_std_7d,2025-08-21,450.8637091,452.6213346,-0.3898352096
forward,load_std_7d,2025-08-22,540.6491755,563.2782893,-4.185544861
forward,load_std_7d,2025-08-23,580.9876478,604.054053,-3.970205794
forward,load_std_7d,2025-08-24,666.5563484,661.290638,0.7899872852
forward,load_std_7d,2025-08-25,592.9244467,595.0772301,-0.3630788767
forward,load_std_7d,2025-08-26,463.7515909,454.7891466,1.932595925
forward,load_std_7d,2025-08-27,479.0054709,475.3467718,0.7638115482
forward,load_std_7d,2025-08-28,699.0709207,722.2712941,-3.318743877
forward,load_std_7d,2025-08-29,531.6734744,524.2861025,1.389456544
forward,load_std_7d,2025-08-30,736.2106682,717.8165656,2.498483576
forward,load_std_7d,2025-08-31,453.9691903,445.6453948,1.83355956
forward,load_std_7d,2025-09-01,1037.723855,1046.693637,-0.8643707593
forward,load_std_7d,2025-09-02,935.629938,1097.412362,-17.29128344
forward,load_std_7d,2025-09-03,688.4969223,800.4257908,-16.25698893
forward,load_std_7d,2025-09-04,711.8671387,817.2853261,-14.80868854
forward,load_std_7d,2025-09-05,1101.886035,4401.634865,-299.4637125
forward,load_std_7d,2025-09-06,930.6294158,1281.437403,-37.6957768
forward,load_std_7d,2025-09-07,587.0308943,916.2922176,-56.0892666
forward,load_std_7d,2025-09-08,869.2230173,854.4452379,1.700113683
forward,load_std_7d,2025-09-09,715.1021217,897.3206392,-25.4814679
forward,load_std_7d,2025-09-10,759.6978365,808.8008339,-6.463490488
forward,load_std_7d,2025-09-11,635.612382,684.2294473,-7.648854352
forward,load_std_7d,2025-09-12,555.1045015,641.9904827,-15.65218458
forward,load_std_7d,2025-09-13,701.8512609,777.1883331,-10.73405098
forward,load_std_7d,2025-09-14,512.2900282,510.9673415,0.25819099
forward,load_std_7d,2025-09-15,559.8715309,576.4750527,-2.965594937
forward,load_std_7d,2025-09-16,464.2825444,470.3480357,-1.306422425
forward,load_std_7d,2025-09-17,522.8333982,517.3157284,1.055339952
forward,load_std_7d,2025-09-18,412.1476124,407.1224483,1.219263192
forward,load_std_7d,2025-09-19,777.0883388,789.2378258,-1.563462794
forward,load_std_7d,2025-09-20,578.2182391,571.8779119,1.096528396
forward,load_std_7d,2025-09-21,491.5010776,500.7052211,-1.872659882
forward,load_std_7d,2025-09-22,376.3678239,371.6964937,1.241160865
forward,load_std_7d,2025-09-23,485.9122385,474.8285102,2.281014435
forward,load_std_7d,2025-09-24,426.3272206,418.0573205,1.939801088
forward,load_std_7d,2025-09-25,347.5979136,345.2753849,0.6681652931
forward,load_std_7d,2025-09-26,576.9762813,564.2625647,2.203507665
forward,load_std_7d,2025-09-27,640.954455,644.7351385,-0.5898521291
forward,load_std_7d,2025-09-28,509.6545519,503.9838085,1.112664138
forward,load_std_7d,2025-09-29,343.4178702,339.8502435,1.038858795
forward,load_std_7d,2025-09-30,568.9104476,563.0117896,1.036834187
forward,load_std_7d,2025-10-01,1275.526924,1278.606388,-0.2414268152
forward,load_std_7d,2025-10-02,740.2188951,748.0368178,-1.056163632
forward,load_std_7d,2025-10-03,618.8679406,638.6449522,-3.195675578
forward,load_std_7d,2025-10-04,521.7068272,457.010534,12.40089067
forward,load_std_7d,2025-10-05,447.2224609,456.6050695,-2.097973469
forward,load_std_7d,2025-10-06,371.3760906,368.0146606,0.9051282802
forward,load_std_7d,2025-10-07,392.8765313,393.7510593,-0.2225961237
forward,load_std_7d,2025-10-08,463.5953365,475.4155482,-2.54968306
forward,load_std_7d,2025-10-09,464.4787007,470.6122211,-1.320517059
forward,load_std_7d,2025-10-10,623.5001766,634.1899349,-1.714475572
forward,load_std_7d,2025-10-11,486.2834011,483.5284494,0.5665321221
forward,load_std_7d,2025-10-12,380.6604382,384.9323134,-1.122227269
forward,load_std_7d,2025-10-13,363.878006,369.4764568,-1.538551571
forward,load_std_7d,2025-10-14,438.03624,437.304886,0.1669619859
forward,load_std_7d,2025-10-15,491.4878805,488.8034197,0.5461906397
forward,load_std_7d,2025-10-16,586.739783,583.9492711,0.4755961691
forward,load_std_7d,2025-10-17,441.47597,441.0934881,0.08663707409
forward,load_std_7d,2025-10-18,344.712824,344.6391636,0.02136864796
forward,load_std_7d,2025-10-19,560.9999236,559.0140884,0.3539813752
forward,load_std_7d,2025-10-20,555.1575092,552.8382687,0.4177626028
forward,load_std_7d,2025-10-21,627.3558365,623.7247417,0.5787934941
forward,load_std_7d,2025-10-22,518.3339525,516.6751043,0.3200346242
forward,load_std_7d,2025-10-23,429.9456366,429.7536062,0.04466386971
forward,load_std_7d,2025-10-24,434.7683621,435.0428775,-0.06314061077
forward,load_std_7d,2025-10-25,430.8387951,430.6802042,0.03680980619
forward,load_std_7d,2025-10-26,324.1096792,324.4377029,-0.1012076096
forward,load_std_7d,2025-10-27,519.0555029,518.7293229,0.06284106517
forward,load_std_7d,2025-10-28,399.4667157,399.643509,-0.04425732147
forward,load_std_7d,2025-10-29,621.8151732,623.3824422,-0.2520474068
forward,load_std_7d,2025-10-30,337.3280972,336.955248,0.1105301238
forward,load_std_7d,2025-10-31,664.0409154,663.2965518,0.1120960528
forward,load_std_7d,2025-11-01,343.6374453,340.1933,1.002261357
forward,load_std_7d,2025-11-02,395.6285912,396.3064261,-0.1713311137
forward,load_std_7d,2025-11-03,475.3272535,474.4291395,0.1889464473
forward,load_std_7d,2025-11-04,339.5384413,339.7342495,-0.05766893894
forward,load_std_7d,2025-11-05,348.308299,344.9356778,0.9682862202
forward,load_std_7d,2025-11-06,536.0683918,531.9752026,0.7635572672
forward,load_std_7d,2025-11-07,627.0496384,628.1831322,-0.1807662049
forward,load_std_7d,2025-11-08,356.1030326,354.1139528,0.5585686265
forward,load_std_7d,2025-11-09,392.3450322,388.0283169,1.100234477
forward,load_std_7d,2025-11-10,522.3037559,515.4119155,1.319508098
forward,load_std_7d,2025-11-11,284.0148708,281.8997968,0.744705385
forward,load_std_7d,2025-11-12,301.4247304,300.8061931,0.2052045615
forward,load_std_7d,2025-11-13,409.4418966,409.7902176,-0.08507214732
forward,load_std_7d,2025-11-14,560.7037715,572.057629,-2.024929757
forward,load_std_7d,2025-11-15,430.9735697,434.7830158,-0.8839164218
forward,load_std_7d,2025-11-16,472.3938786,470.4980762,0.4013181615
forward,load_std_7d,2025-11-17,292.088991,288.096576,1.366848831
forward,load_std_7d,2025-11-18,463.1627341,461.6348473,0.3298811959
forward,load_std_7d,2025-11-19,356.4025659,358.0230554,-0.4546795229
forward,load_std_7d,2025-11-20,382.5426422,382.0569733,0.126958113
forward,load_std_7d,2025-11-21,375.4273392,375.3311978,0.02560852755
forward,load_std_7d,2025-11-22,362.8264509,369.6766177,-1.888000938
forward,load_std_7d,2025-11-23,456.5454076,456.9916875,-0.09775146723
forward,load_std_7d,2025-11-24,296.0222899,296.8691963,-0.286095488
forward,load_std_7d,2025-11-25,366.8870623,365.0970494,0.4878920745
forward,load_std_7d,2025-11-26,425.2482384,420.9687661,1.006346865
forward,load_std_7d,2025-11-27,355.6478262,352.3633688,0.9235139766
forward,load_std_7d,2025-11-28,380.1084655,380.2601084,-0.03989463741
forward,load_std_7d,2025-11-29,771.8475729,741.4382163,3.93981372
forward,load_std_7d,2025-11-30,644.2332713,631.0433515,2.047382576
forward,load_std_7d,2025-12-01,528.98209,559.9639894,-5.856890039
forward,load_std_7d,2025-12-02,498.5009099,973.6199036,-95.30955394
forward,load_std_7d,2025-12-03,403.6921311,660.7433401,-63.67506055
forward,load_std_7d,2025-12-04,358.4908701,687.8725297,-91.88006918
forward,load_std_7d,2025-12-05,351.9449062,4160.280103,-1082.082772
forward,load_std_7d,2025-12-06,420.3461956,533.641025,-26.95274291
forward,load_std_7d,2025-12-07,297.8058033,307.3587188,-3.207766736
forward,load_std_7d,2025-12-08,288.1533487,293.1545224,-1.735594512
forward,load_std_7d,2025-12-09,305.6383634,309.8032543,-1.362685903
forward,load_std_7d,2025-12-10,331.6382237,333.9128645,-0.6858801757
forward,load_std_7d,2025-12-11,295.4239608,300.5451206,-1.733495073
forward,load_std_7d,2025-12-12,418.681794,437.9159583,-4.59398155
forward,load_std_7d,2025-12-13,337.306377,351.2912584,-4.146047138
forward,load_std_7d,2025-12-14,294.4558619,295.640871,-0.4024403146
forward,load_std_7d,2025-12-15,346.018977,345.989635,0.008479896161
forward,load_std_7d,2025-12-16,303.3176073,300.5758647,0.903918055
forward,load_std_7d,2025-12-17,229.8277642,231.5029465,-0.7288859654
forward,load_std_7d,2025-12-18,328.5336054,332.180351,-1.110006876
forward,load_std_7d,2025-12-19,314.5524123,320.3183386,-1.833057409
forward,load_std_7d,2025-12-20,271.3071269,279.5151949,-3.025378687
forward,load_std_7d,2025-12-21,353.5949756,351.2402617,0.665935323
forward,load_std_7d,2025-12-22,225.2668213,225.1518857,0.05102197896
forward,load_std_7d,2025-12-23,226.6085434,226.295087,0.138325036
forward,load_std_7d,2025-12-24,276.3360831,276.2816309,0.01970506568
forward,load_std_7d,2025-12-25,277.3087561,276.7761051,0.1920786849
forward,load_std_7d,2025-12-26,326.2074501,324.1854998,0.6198357011
forward,load_std_7d,2025-12-27,279.1005537,283.5248118,-1.58518427
forward,load_std_7d,2025-12-28,289.9509243,291.2096061,-0.4341016652
forward,load_std_7d,2025-12-29,262.4137168,262.4754297,-0.02351740595
forward,load_std_7d,2025-12-30,294.3611031,297.2780398,-0.9909382112
forward,load_std_7d,2025-12-31,277.2906157,275.4836908,0.6516357993
forward,pv_std_7d,2025-02-01,638.0868942,639.1901155,-0.1728951544
forward,pv_std_7d,2025-02-02,528.7912869,524.8712114,0.7413275645
forward,pv_std_7d,2025-02-03,354.5017334,382.9584596,-8.027245992
forward,pv_std_7d,2025-02-04,339.5075022,378.1712545,-11.38818791
forward,pv_std_7d,2025-02-05,322.3557555,354.527408,-9.980170011
forward,pv_std_7d,2025-02-06,300.0231247,320.8820601,-6.952442552
forward,pv_std_7d,2025-02-07,642.1723005,668.5510327,-4.107734348
forward,pv_std_7d,2025-02-08,541.9406354,558.2891747,-3.016666073
forward,pv_std_7d,2025-02-09,323.5850081,325.1147045,-0.4727340312
forward,pv_std_7d,2025-02-10,727.089988,731.8454692,-0.6540430042
forward,pv_std_7d,2025-02-11,407.4783461,418.0105931,-2.584737828
forward,pv_std_7d,2025-02-12,344.0115621,314.1100046,8.692021086
forward,pv_std_7d,2025-02-13,615.1497151,590.1767106,4.05966285
forward,pv_std_7d,2025-02-14,564.9309718,787.1898674,-39.34266427
forward,pv_std_7d,2025-02-15,378.8823795,441.508441,-16.5291565
forward,pv_std_7d,2025-02-16,414.2064977,471.4504394,-13.82014575
forward,pv_std_7d,2025-02-17,483.7678592,529.0632309,-9.363038674
forward,pv_std_7d,2025-02-18,337.8950902,328.8476595,2.67758572
forward,pv_std_7d,2025-02-19,360.450318,355.7723562,1.297810432
forward,pv_std_7d,2025-02-20,400.8844055,404.2392637,-0.8368642448
forward,pv_std_7d,2025-02-21,556.5942512,560.9364055,-0.7801292178
forward,pv_std_7d,2025-02-22,330.2185068,359.4577391,-8.854510491
forward,pv_std_7d,2025-02-23,377.1028651,375.2179985,0.4998282206
forward,pv_std_7d,2025-02-24,479.6336121,475.7142842,0.8171503791
forward,pv_std_7d,2025-02-25,682.1297773,679.9113929,0.3252144285
forward,pv_std_7d,2025-02-26,351.3417716,471.0412243,-34.06923468
forward,pv_std_7d,2025-02-27,501.4208921,562.8012999,-12.24129443
forward,pv_std_7d,2025-02-28,575.6035183,621.9754356,-8.056225485
forward,pv_std_7d,2025-03-01,469.7203738,521.0587081,-10.92955237
forward,pv_std_7d,2025-03-02,835.272688,828.7839588,0.7768396239
forward,pv_std_7d,2025-03-03,481.1846789,488.6145994,-1.544089182
forward,pv_std_7d,2025-03-04,360.9217918,578.7313797,-60.34813992
forward,pv_std_7d,2025-03-05,493.3945245,585.9051078,-18.74981962
forward,pv_std_7d,2025-03-06,445.8516764,439.3062353,1.468075903
forward,pv_std_7d,2025-03-07,659.2677696,654.5449738,0.7163698849
forward,pv_std_7d,2025-03-08,497.905877,473.7529767,4.850896817
forward,pv_std_7d,2025-03-09,609.5975872,616.526546,-1.136644714
forward,pv_std_7d,2025-03-10,495.4507755,509.9729936,-2.931112176
forward,pv_std_7d,2025-03-11,479.5298252,529.5550275,-10.43213575
forward,pv_std_7d,2025-03-12,513.3956241,502.990364,2.026752791
forward,pv_std_7d,2025-03-13,584.8878374,602.1822171,-2.956871146
forward,pv_std_7d,2025-03-14,702.9916627,721.2969889,-2.603917964
forward,pv_std_7d,2025-03-15,573.3862851,575.7292147,-0.4086127774
forward,pv_std_7d,2025-03-16,486.5082881,505.0837047,-3.818108986
forward,pv_std_7d,2025-03-17,800.6731473,819.7851573,-2.38699275
forward,pv_std_7d,2025-03-18,439.0993326,441.5075278,-0.5484397191
forward,pv_std_7d,2025-03-19,470.1576519,435.5632215,7.358048983
forward,pv_std_7d,2025-03-20,323.9552039,341.3310607,-5.363660337
forward,pv_std_7d,2025-03-21,853.6399163,860.9626012,-0.8578189372
forward,pv_std_7d,2025-03-22,424.2226553,427.7627083,-0.8344799415
forward,pv_std_7d,2025-03-23,583.7424447,596.7928797,-2.235649505
forward,pv_std_7d,2025-03-24,463.7810129,493.853008,-6.48409363
forward,pv_std_7d,2025-03-25,417.769734,430.2104024,-2.977876908
forward,pv_std_7d,2025-03-26,650.4093465,649.9292982,0.07380710865
forward,pv_std_7d,2025-03-27,398.6160958,399.2418885,-0.1569913271
forward,pv_std_7d,2025-03-28,585.7719685,593.669399,-1.34820903
forward,pv_std_7d,2025-03-29,750.6749243,711.928818,5.161502674
forward,pv_std_7d,2025-03-30,498.234942,494.6212238,0.7253040331
forward,pv_std_7d,2025-03-31,500.0569123,498.5371805,0.3039117814
forward,pv_std_7d,2025-04-01,651.9234253,665.775426,-2.124789539
forward,pv_std_7d,2025-04-02,589.891981,595.8868138,-1.016259429
forward,pv_std_7d,2025-04-03,459.0994119,468.6611264,-2.08271111
forward,pv_std_7d,2025-04-04,579.6778333,579.2873172,0.06736777857
forward,pv_std_7d,2025-04-05,586.6416944,554.4441447,5.48845231
forward,pv_std_7d,2025-04-06,427.5230928,432.1964583,-1.093125857
forward,pv_std_7d,2025-04-07,613.6910468,595.884282,2.901584572
forward,pv_std_7d,2025-04-08,488.0927637,485.9012173,0.4490020362
forward,pv_std_7d,2025-04-09,446.4146127,439.5150667,1.54554664
forward,pv_std_7d,2025-04-10,500.3399362,525.341188,-4.996853151
forward,pv_std_7d,2025-04-11,541.1382686,476.1082933,12.01725678
forward,pv_std_7d,2025-04-12,589.9111485,607.9754826,-3.062212705
forward,pv_std_7d,2025-04-13,392.8418166,396.6486793,-0.9690573986
forward,pv_std_7d,2025-04-14,462.873323,470.5688083,-1.662546749
forward,pv_std_7d,2025-04-15,685.3474776,680.0580347,0.7717899494
forward,pv_std_7d,2025-04-16,385.3114381,401.338703,-4.159561149
forward,pv_std_7d,2025-04-17,384.5953286,403.380568,-4.884416925
forward,pv_std_7d,2025-04-18,410.0515813,436.0071431,-6.329828464
forward,pv_std_7d,2025-04-19,375.6489671,383.9301749,-2.204507017
forward,pv_std_7d,2025-04-20,427.0022295,446.7991087,-4.636247256
forward,pv_std_7d,2025-04-21,704.7948643,703.5220948,0.1805872243
forward,pv_std_7d,2025-04-22,412.7500466,424.0501792,-2.73776652
forward,pv_std_7d,2025-04-23,446.4087176,457.7255273,-2.535078108
forward,pv_std_7d,2025-04-24,691.1428458,661.594575,4.275276956
forward,pv_std_7d,2025-04-25,627.9768991,607.5768747,3.248531033
forward,pv_std_7d,2025-04-26,931.2527333,910.0223407,2.279767012
forward,pv_std_7d,2025-04-27,539.2250343,611.609173,-13.42373482
forward,pv_std_7d,2025-04-28,729.011954,711.8678027,2.351696867
forward,pv_std_7d,2025-04-29,593.6257604,681.3283593,-14.77405544
forward,pv_std_7d,2025-04-30,630.084785,686.3981343,-8.937424086
forward,pv_std_7d,2025-05-01,594.7686006,730.8393425,-22.87792964
forward,pv_std_7d,2025-05-02,1270.341017,1267.644479,0.2122688052
forward,pv_std_7d,2025-05-03,540.7475024,878.0982845,-62.38600836
forward,pv_std_7d,2025-05-04,627.3768311,550.3313121,12.28058086
forward,pv_std_7d,2025-05-05,490.1329995,608.7584347,-24.20270319
forward,pv_std_7d,2025-05-06,527.1709334,547.8197547,-3.916911957
forward,pv_std_7d,2025-05-07,400.4902109,388.1586229,3.079123442
forward,pv_std_7d,2025-05-08,550.369648,536.1732722,2.579425645
forward,pv_std_7d,2025-05-09,403.4420788,424.4222568,-5.200294951
forward,pv_std_7d,2025-05-10,603.8777664,710.8453998,-17.71345782
forward,pv_std_7d,2025-05-11,504.5512269,530.8403816,-5.210403487
forward,pv_std_7d,2025-05-12,728.3620131,774.0934791,-6.278672586
forward,pv_std_7d,2025-05-13,381.8721758,394.8933373,-3.409822006
forward,pv_std_7d,2025-05-14,393.4516604,393.7664931,-0.08001812527
forward,pv_std_7d,2025-05-15,412.3321015,431.9180344,-4.75003835
forward,pv_std_7d,2025-05-16,709.7263185,717.8759358,-1.148276046
forward,pv_std_7d,2025-05-17,701.4574225,760.8044727,-8.460534929
forward,pv_std_7d,2025-05-18,551.4903911,548.4139031,0.5578497834
forward,pv_std_7d,2025-05-19,631.6388312,672.5243457,-6.472926048
forward,pv_std_7d,2025-05-20,588.3071913,567.9828989,3.454707459
forward,pv_std_7d,2025-05-21,562.0714866,574.4525662,-2.202758897
forward,pv_std_7d,2025-05-22,356.232978,360.4451359,-1.182416619
forward,pv_std_7d,2025-05-23,420.7976355,446.6690377,-6.14818145
forward,pv_std_7d,2025-05-24,556.4352515,533.7129113,4.083555127
forward,pv_std_7d,2025-05-25,452.404581,473.6947263,-4.70599683
forward,pv_std_7d,2025-05-26,632.1765089,618.8167063,2.1133026
forward,pv_std_7d,2025-05-27,467.9050639,469.048596,-0.2443940553
forward,pv_std_7d,2025-05-28,605.6860651,598.207705,1.23469244
forward,pv_std_7d,2025-05-29,484.3050611,467.2609014,3.519302412
forward,pv_std_7d,2025-05-30,486.5971055,495.2444323,-1.77710198
forward,pv_std_7d,2025-05-31,470.3203923,501.7482095,-6.682214451
forward,pv_std_7d,2025-06-01,1728.707419,1718.451806,0.5932532437
forward,pv_std_7d,2025-06-02,1396.066802,1412.086905,-1.147516954
forward,pv_std_7d,2025-06-03,785.6968709,1040.337719,-32.40955351
forward,pv_std_7d,2025-06-04,902.6217702,904.2711281,-0.1827296828
forward,pv_std_7d,2025-06-05,687.4111682,695.0915247,-1.117287121
forward,pv_std_7d,2025-06-06,3410.143131,3436.039798,-0.7594011765
forward,pv_std_7d,2025-06-07,815.9811864,816.01704,-0.004393916117
forward,pv_std_7d,2025-06-08,895.7025023,907.1137112,-1.273995432
forward,pv_std_7d,2025-06-09,851.9515683,808.0882632,5.148567915
forward,pv_std_7d,2025-06-10,593.0395497,584.5938383,1.424139662
forward,pv_std_7d,2025-06-11,868.4694855,865.7657878,0.3113175241
forward,pv_std_7d,2025-06-12,495.481047,481.5803545,2.80549428
forward,pv_std_7d,2025-06-13,761.6634863,762.6689516,-0.1320091277
forward,pv_std_7d,2025-06-14,801.6702728,812.8507139,-1.394643338
forward,pv_std_7d,2025-06-15,490.8633327,501.0429487,-2.073818769
forward,pv_std_7d,2025-06-16,407.7280328,541.869157,-32.89965699
forward,pv_std_7d,2025-06-17,611.7584941,738.5089728,-20.71903864
forward,pv_std_7d,2025-06-18,410.2717736,482.6451553,-17.64035118
forward,pv_std_7d,2025-06-19,576.3235008,743.1813377,-28.95211399
forward,pv_std_7d,2025-06-20,628.0918651,628.0019806,0.01431071747
forward,pv_std_7d,2025-06-21,960.6775857,853.5774942,11.14839079
forward,pv_std_7d,2025-06-22,518.53349,510.2204613,1.603180681
forward,pv_std_7d,2025-06-23,484.5265192,472.6689655,2.447245566
forward,pv_std_7d,2025-06-24,802.134886,856.5658838,-6.785766181
forward,pv_std_7d,2025-06-25,541.148956,545.8909513,-0.876282822
forward,pv_std_7d,2025-06-26,584.6913099,582.8207793,0.3199176356
forward,pv_std_7d,2025-06-27,632.561922,757.093474,-19.68685558
forward,pv_std_7d,2025-06-28,586.5514628,636.8270894,-8.571392248
forward,pv_std_7d,2025-06-29,507.0844607,529.7357936,-4.466974387
forward,pv_std_7d,2025-06-30,488.0728727,499.84372,-2.41169874
forward,pv_std_7d,2025-07-01,774.3307555,786.8230294,-1.613299472
forward,pv_std_7d,2025-07-02,952.2040278,944.8336463,0.7740338462
forward,pv_std_7d,2025-07-03,758.3644457,792.3416944,-4.4803325
forward,pv_std_7d,2025-07-04,909.3820622,987.5530931,-8.596060358
forward,pv_std_7d,2025-07-05,764.7919982,794.5823809,-3.895226781
forward,pv_std_7d,2025-07-06,678.7455636,683.1305714,-0.6460458778
forward,pv_std_7d,2025-07-07,745.8072987,783.299951,-5.027123276
forward,pv_std_7d,2025-07-08,730.8652431,783.1020089,-7.14724996
forward,pv_std_7d,2025-07-09,533.9265249,579.4423555,-8.524736742
forward,pv_std_7d,2025-07-10,534.6771528,540.0981483,-1.013882023
forward,pv_std_7d,2025-07-11,841.9286548,835.5611055,0.7563050938
forward,pv_std_7d,2025-07-12,522.3766241,628.0295059,-20.22542299
forward,pv_std_7d,2025-07-13,781.3116135,723.344272,7.419234594
forward,pv_std_7d,2025-07-14,491.951227,475.8681119,3.269249922
forward,pv_std_7d,2025-07-15,654.0650469,690.4762884,-5.566914438
forward,pv_std_7d,2025-07-16,546.6351136,546.1160542,0.09495536676
forward,pv_std_7d,2025-07-17,497.6701678,493.1722148,0.9038020297
forward,pv_std_7d,2025-07-18,481.0902575,469.7848424,2.349957196
forward,pv_std_7d,2025-07-19,591.9912039,633.3837331,-6.992085185
forward,pv_std_7d,2025-07-20,440.0952023,428.9790845,2.525843878
forward,pv_std_7d,2025-07-21,445.0752566,447.7157602,-0.5932712541
forward,pv_std_7d,2025-07-22,475.3864864,506.1658985,-6.474608112
forward,pv_std_7d,2025-07-23,446.3322578,452.9871473,-1.491016928
forward,pv_std_7d,2025-07-24,513.250193,523.6505902,-2.026379597
forward,pv_std_7d,2025-07-25,495.0107662,533.0337191,-7.681237571
forward,pv_std_7d,2025-07-26,511.0160941,543.9270972,-6.440306578
forward,pv_std_7d,2025-07-27,449.7685734,480.7400897,-6.886100572
forward,pv_std_7d,2025-07-28,571.3577528,639.7153619,-11.96406433
forward,pv_std_7d,2025-07-29,535.1385548,577.6484517,-7.943717851
forward,pv_std_7d,2025-07-30,501.6181943,493.0132944,1.715428195
forward,pv_std_7d,2025-07-31,375.527697,389.3756685,-3.68760324
forward,pv_std_7d,2025-08-01,821.458349,855.7167245,-4.17043366
forward,pv_std_7d,2025-08-02,818.9958493,873.7492781,-6.685434215
forward,pv_std_7d,2025-08-03,1150.508177,1139.481081,0.9584543459
forward,pv_std_7d,2025-08-04,475.6990349,613.9576303,-29.06430018
forward,pv_std_7d,2025-08-05,628.5689596,658.4032336,-4.746380412
forward,pv_std_7d,2025-08-06,886.9774398,911.628456,-2.779215692
forward,pv_std_7d,2025-08-07,695.5027188,782.2218336,-12.46855151
forward,pv_std_7d,2025-08-08,2729.784758,2112.623433,22.60842445
forward,pv_std_7d,2025-08-09,946.5104109,951.5145836,-0.5286970625
forward,pv_std_7d,2025-08-10,663.6498994,747.6069724,-12.65080777
forward,pv_std_7d,2025-08-11,580.0718467,697.1223224,-20.17861691
forward,pv_std_7d,2025-08-12,560.3749569,700.8867465,-25.0746019
forward,pv_std_7d,2025-08-13,506.5571366,540.0985174,-6.621440772
forward,pv_std_7d,2025-08-14,517.6768524,538.4355077,-4.009963994
forward,pv_std_7d,2025-08-15,503.1667456,505.8613576,-0.5355306215
forward,pv_std_7d,2025-08-16,553.1198094,566.6441609,-2.445103441
forward,pv_std_7d,2025-08-17,538.0727791,532.4980284,1.036058873
forward,pv_std_7d,2025-08-18,508.4192141,515.461248,-1.385084133
forward,pv_std_7d,2025-08-19,378.3890111,413.4521273,-9.266420337
forward,pv_std_7d,2025-08-20,719.7166967,735.3927182,-2.178082233
forward,pv_std_7d,2025-08-21,450.8637091,449.0084005,0.4115009943
forward,pv_std_7d,2025-08-22,540.6491755,567.0735573,-4.887528348
forward,pv_std_7d,2025-08-23,580.9876478,588.7115187,-1.329438068
forward,pv_std_7d,2025-08-24,666.5563484,691.280159,-3.709185376
forward,pv_std_7d,2025-08-25,592.9244467,595.3847527,-0.4149442716
forward,pv_std_7d,2025-08-26,463.7515909,463.4843548,0.05762483244
forward,pv_std_7d,2025-08-27,479.0054709,481.1315896,-0.4438610376
forward,pv_std_7d,2025-08-28,699.0709207,713.853367,-2.114584642
forward,pv_std_7d,2025-08-29,531.6734744,527.7416398,0.7395205452
forward,pv_std_7d,2025-08-30,736.2106682,727.8986627,1.129025414
forward,pv_std_7d,2025-08-31,453.9691903,446.9790386,1.53978549
forward,pv_std_7d,2025-09-01,1037.723855,1054.303813,-1.597723467
forward,pv_std_7d,2025-09-02,935.629938,929.5672172,0.6479827617
forward,pv_std_7d,2025-09-03,688.4969223,671.422579,2.479944763
forward,pv_std_7d,2025-09-04,711.8671387,692.4967179,2.721072474
forward,pv_std_7d,2025-09-05,1101.886035,1038.130465,5.786040284
forward,pv_std_7d,2025-09-06,930.6294158,960.4428784,-3.203580508
forward,pv_std_7d,2025-09-07,587.0308943,591.9806445,-0.8431839324
forward,pv_std_7d,2025-09-08,869.2230173,905.164459,-4.134893001
forward,pv_std_7d,2025-09-09,715.1021217,660.2536118,7.670024776
forward,pv_std_7d,2025-09-10,759.6978365,883.6794525,-16.31985904
forward,pv_std_7d,2025-09-11,635.612382,656.1123596,-3.225232583
forward,pv_std_7d,2025-09-12,555.1045015,539.5857932,2.795637269
forward,pv_std_7d,2025-09-13,701.8512609,793.4775577,-13.0549451
forward,pv_std_7d,2025-09-14,512.2900282,563.8128436,-10.05735277
forward,pv_std_7d,2025-09-15,559.8715309,566.0029235,-1.09514277
forward,pv_std_7d,2025-09-16,464.2825444,493.5223753,-6.297852732
forward,pv_std_7d,2025-09-17,522.8333982,528.339259,-1.053081322
forward,pv_std_7d,2025-09-18,412.1476124,408.8109464,0.8095803266
forward,pv_std_7d,2025-09-19,777.0883388,783.9880051,-0.8878870021
forward,pv_std_7d,2025-09-20,578.2182391,575.3639287,0.4936389478
forward,pv_std_7d,2025-09-21,491.5010776,486.9684226,0.922206525
forward,pv_std_7d,2025-09-22,376.3678239,370.6348851,1.523227653
forward,pv_std_7d,2025-09-23,485.9122385,488.81727,-0.5978510645
forward,pv_std_7d,2025-09-24,426.3272206,430.045463,-0.8721569341
forward,pv_std_7d,2025-09-25,347.5979136,340.8907363,1.929579263
forward,pv_std_7d,2025-09-26,576.9762813,551.2236267,4.463381854
forward,pv_std_7d,2025-09-27,640.954455,653.1460603,-1.902101661
forward,pv_std_7d,2025-09-28,509.6545519,507.0196555,0.5169965532
forward,pv_std_7d,2025-09-29,343.4178702,334.6180706,2.562417492
forward,pv_std_7d,2025-09-30,568.9104476,554.5126679,2.530763797
forward,pv_std_7d,2025-10-01,1275.526924,1296.371333,-1.634180284
forward,pv_std_7d,2025-10-02,740.2188951,593.1148417,19.8730476
forward,pv_std_7d,2025-10-03,618.8679406,568.9175823,8.071246708
forward,pv_std_7d,2025-10-04,521.7068272,597.6865168,-14.56367554
forward,pv_std_7d,2025-10-05,447.2224609,386.2659812,13.63001303
forward,pv_std_7d,2025-10-06,371.3760906,405.2012607,-9.108063492
forward,pv_std_7d,2025-10-07,392.8765313,385.3443332,1.917192187
forward,pv_std_7d,2025-10-08,463.5953365,488.9026015,-5.458912778
forward,pv_std_7d,2025-10-09,464.4787007,519.1517608,-11.77084333
forward,pv_std_7d,2025-10-10,623.5001766,756.9888356,-21.40956234
forward,pv_std_7d,2025-10-11,486.2834011,482.7258369,0.7315824829
forward,pv_std_7d,2025-10-12,380.6604382,408.8762797,-7.412338847
forward,pv_std_7d,2025-10-13,363.878006,411.0991591,-12.97719353
forward,pv_std_7d,2025-10-14,438.03624,439.0910587,-0.2408062513
forward,pv_std_7d,2025-10-15,491.4878805,471.3213052,4.103168389
forward,pv_std_7d,2025-10-16,586.739783,586.6564725,0.01419888162
forward,pv_std_7d,2025-10-17,441.47597,473.6649287,-7.291214223
forward,pv_std_7d,2025-10-18,344.712824,343.3429336,0.397400489
forward,pv_std_7d,2025-10-19,560.9999236,542.6216403,3.275986773
forward,pv_std_7d,2025-10-20,555.1575092,540.305781,2.675227833
forward,pv_std_7d,2025-10-21,627.3558365,645.2658777,-2.854845715
forward,pv_std_7d,2025-10-22,518.3339525,520.7009395,-0.4566528946
forward,pv_std_7d,2025-10-23,429.9456366,433.5103118,-0.8290990595
forward,pv_std_7d,2025-10-24,434.7683621,454.4593219,-4.529069165
forward,pv_std_7d,2025-10-25,430.8387951,433.7744827,-0.6813888632
forward,pv_std_7d,2025-10-26,324.1096792,317.4254379,2.062339308
forward,pv_std_7d,2025-10-27,519.0555029,538.3338271,-3.71411614
forward,pv_std_7d,2025-10-28,399.4667157,386.8592205,3.156081526
forward,pv_std_7d,2025-10-29,621.8151732,600.6384981,3.40562211
forward,pv_std_7d,2025-10-30,337.3280972,344.5958251,-2.154498236
forward,pv_std_7d,2025-10-31,664.0409154,667.4873736,-0.5190129276
forward,pv_std_7d,2025-11-01,343.6374453,342.9352895,0.2043304109
forward,pv_std_7d,2025-11-02,395.6285912,419.850173,-6.122303161
forward,pv_std_7d,2025-11-03,475.3272535,477.0217373,-0.3564878412
forward,pv_std_7d,2025-11-04,339.5384413,341.1354518,-0.4703474906
forward,pv_std_7d,2025-11-05,348.308299,358.7533864,-2.998805203
forward,pv_std_7d,2025-11-06,536.0683918,541.5555781,-1.02359818
forward,pv_std_7d,2025-11-07,627.0496384,612.4408089,2.329772402
forward,pv_std_7d,2025-11-08,356.1030326,371.4274668,-4.303370895
forward,pv_std_7d,2025-11-09,392.3450322,398.1274657,-1.473813353
forward,pv_std_7d,2025-11-10,522.3037559,516.2721451,1.154809006
forward,pv_std_7d,2025-11-11,284.0148708,285.8385785,-0.6421169585
forward,pv_std_7d,2025-11-12,301.4247304,300.7608961,0.2202322026
forward,pv_std_7d,2025-11-13,409.4418966,409.3675255,0.01816400992
forward,pv_std_7d,2025-11-14,560.7037715,564.8787416,-0.7445946211
forward,pv_std_7d,2025-11-15,430.9735697,429.136945,0.4261571435
forward,pv_std_7d,2025-11-16,472.3938786,464.659932,1.637181796
forward,pv_std_7d,2025-11-17,292.088991,286.42384,1.939529121
forward,pv_std_7d,2025-11-18,463.1627341,451.3729809,2.545488298
forward,pv_std_7d,2025-11-19,356.4025659,344.4781447,3.345773111
forward,pv_std_7d,2025-11-20,382.5426422,371.0897299,2.993891677
forward,pv_std_7d,2025-11-21,375.4273392,384.9458653,-2.535384375
forward,pv_std_7d,2025-11-22,362.8264509,358.514138,1.188533231
forward,pv_std_7d,2025-11-23,456.5454076,444.9028018,2.550152878
forward,pv_std_7d,2025-11-24,296.0222899,294.1686795,0.6261725557
forward,pv_std_7d,2025-11-25,366.8870623,343.1609324,6.466875613
forward,pv_std_7d,2025-11-26,425.2482384,405.2101471,4.712092739
forward,pv_std_7d,2025-11-27,355.6478262,348.8258362,1.918186886
forward,pv_std_7d,2025-11-28,380.1084655,375.3953852,1.239930368
forward,pv_std_7d,2025-11-29,771.8475729,766.3907737,0.7069788589
forward,pv_std_7d,2025-11-30,644.2332713,691.0486895,-7.26684267
forward,pv_std_7d,2025-12-01,528.98209,408.7355495,22.73168465
forward,pv_std_7d,2025-12-02,498.5009099,446.5285847,10.42572324
forward,pv_std_7d,2025-12-03,403.6921311,353.3607899,12.46775385
forward,pv_std_7d,2025-12-04,358.4908701,358.0659022,0.1185435944
forward,pv_std_7d,2025-12-05,351.9449062,346.318385,1.598693745
forward,pv_std_7d,2025-12-06,420.3461956,381.7749818,9.17605873
forward,pv_std_7d,2025-12-07,297.8058033,305.1073277,-2.451773686
forward,pv_std_7d,2025-12-08,288.1533487,282.2092609,2.062821023
forward,pv_std_7d,2025-12-09,305.6383634,312.0270367,-2.090272047
forward,pv_std_7d,2025-12-10,331.6382237,322.236765,2.834853777
forward,pv_std_7d,2025-12-11,295.4239608,314.056839,-6.3071655
forward,pv_std_7d,2025-12-12,418.681794,365.6170922,12.67423196
forward,pv_std_7d,2025-12-13,337.306377,312.2348939,7.432851797
forward,pv_std_7d,2025-12-14,294.4558619,275.6031887,6.402546401
forward,pv_std_7d,2025-12-15,346.018977,324.6437222,6.177480489
forward,pv_std_7d,2025-12-16,303.3176073,285.3009394,5.93986879
forward,pv_std_7d,2025-12-17,229.8277642,227.0702214,1.199830161
forward,pv_std_7d,2025-12-18,328.5336054,330.3305899,-0.5469712902
forward,pv_std_7d,2025-12-19,314.5524123,311.9218663,0.8362822598
forward,pv_std_7d,2025-12-20,271.3071269,280.3033003,-3.315863299
forward,pv_std_7d,2025-12-21,353.5949756,343.7745516,2.77730869
forward,pv_std_7d,2025-12-22,225.2668213,222.1607496,1.378841199
forward,pv_std_7d,2025-12-23,226.6085434,229.017632,-1.063105804
forward,pv_std_7d,2025-12-24,276.3360831,273.1617981,1.148704504
forward,pv_std_7d,2025-12-25,277.3087561,279.9053298,-0.9363475398
forward,pv_std_7d,2025-12-26,326.2074501,313.4902701,3.898494631
forward,pv_std_7d,2025-12-27,279.1005537,261.8647597,6.175478254
forward,pv_std_7d,2025-12-28,289.9509243,298.4974389,-2.947572826
forward,pv_std_7d,2025-12-29,262.4137168,266.7945443,-1.669435403
forward,pv_std_7d,2025-12-30,294.3611031,299.4704868,-1.735753667
forward,pv_std_7d,2025-12-31,277.2906157,266.0374874,4.058243463
conditional_1,net_lag_7d,2025-02-01,694.3592772,638.0868942,8.10421706
conditional_1,net_lag_7d,2025-02-02,492.2612078,528.7912869,-7.420873018
conditional_1,net_lag_7d,2025-02-03,357.8339296,354.5017334,0.9312130497
conditional_1,net_lag_7d,2025-02-04,343.6269072,339.5075022,1.198801649
conditional_1,net_lag_7d,2025-02-05,321.2914995,322.3557555,-0.3312431274
conditional_1,net_lag_7d,2025-02-06,299.2233045,300.0231247,-0.2672987528
conditional_1,net_lag_7d,2025-02-07,985.7367145,642.1723005,34.85356778
conditional_1,net_lag_7d,2025-02-08,600.4602983,541.9406354,9.745800517
conditional_1,net_lag_7d,2025-02-09,336.103974,323.5850081,3.724730117
conditional_1,net_lag_7d,2025-02-10,685.1704173,727.089988,-6.118123261
conditional_1,net_lag_7d,2025-02-11,396.6738789,407.4783461,-2.723765749
conditional_1,net_lag_7d,2025-02-12,340.6186635,344.0115621,-0.9960988331
conditional_1,net_lag_7d,2025-02-13,606.119975,615.1497151,-1.489761178
conditional_1,net_lag_7d,2025-02-14,1228.99015,564.9309718,54.03291298
conditional_1,net_lag_7d,2025-02-15,452.9222735,378.8823795,16.34715232
conditional_1,net_lag_7d,2025-02-16,428.2611,414.2064977,3.281783529
conditional_1,net_lag_7d,2025-02-17,469.0773109,483.7678592,-3.131796807
conditional_1,net_lag_7d,2025-02-18,337.3283574,337.8950902,-0.1680062581
conditional_1,net_lag_7d,2025-02-19,359.965003,360.450318,-0.1348228184
conditional_1,net_lag_7d,2025-02-20,396.7629446,400.8844055,-1.038771634
conditional_1,net_lag_7d,2025-02-21,721.9496988,556.5942512,22.90401228
conditional_1,net_lag_7d,2025-02-22,418.2696804,330.2185068,21.05129244
conditional_1,net_lag_7d,2025-02-23,376.6167177,377.1028651,-0.1290827926
conditional_1,net_lag_7d,2025-02-24,467.887451,479.6336121,-2.510467237
conditional_1,net_lag_7d,2025-02-25,658.8110131,682.1297773,-3.539522525
conditional_1,net_lag_7d,2025-02-26,350.5429929,351.3417716,-0.2278689777
conditional_1,net_lag_7d,2025-02-27,495.4693676,501.4208921,-1.201189212
conditional_1,net_lag_7d,2025-02-28,749.4998114,575.6035183,23.20164602
conditional_1,net_lag_7d,2025-03-01,545.3041881,469.7203738,13.86085343
conditional_1,net_lag_7d,2025-03-02,841.2321923,835.272688,0.708425614
conditional_1,net_lag_7d,2025-03-03,488.2111422,481.1846789,1.439226332
conditional_1,net_lag_7d,2025-03-04,362.8047429,360.9217918,0.5189984897
conditional_1,net_lag_7d,2025-03-05,487.781882,493.3945245,-1.150645945
conditional_1,net_lag_7d,2025-03-06,443.890146,445.8516764,-0.4418954523
conditional_1,net_lag_7d,2025-03-07,774.779611,659.2677696,14.90899344
conditional_1,net_lag_7d,2025-03-08,580.6353114,497.905877,14.24808873
conditional_1,net_lag_7d,2025-03-09,575.3578883,609.5975872,-5.951026242
conditional_1,net_lag_7d,2025-03-10,505.6987569,495.4507755,2.026499224
conditional_1,net_lag_7d,2025-03-11,467.3270017,479.5298252,-2.611195892
conditional_1,net_lag_7d,2025-03-12,497.1887161,513.3956241,-3.259709533
conditional_1,net_lag_7d,2025-03-13,587.4877758,584.8878374,0.4425519071
conditional_1,net_lag_7d,2025-03-14,815.6827211,702.9916627,13.81555052
conditional_1,net_lag_7d,2025-03-15,613.3857281,573.3862851,6.521091246
conditional_1,net_lag_7d,2025-03-16,480.1361547,486.5082881,-1.327151323
conditional_1,net_lag_7d,2025-03-17,752.3084543,800.6731473,-6.428838162
conditional_1,net_lag_7d,2025-03-18,432.5513524,439.0993326,-1.513804135
conditional_1,net_lag_7d,2025-03-19,463.1340584,470.1576519,-1.516535732
conditional_1,net_lag_7d,2025-03-20,327.5410857,323.9552039,1.094788404
conditional_1,net_lag_7d,2025-03-21,1036.561041,853.6399163,17.64692257
conditional_1,net_lag_7d,2025-03-22,540.3149106,424.2226553,21.48603584
conditional_1,net_lag_7d,2025-03-23,565.9705568,583.7424447,-3.140072866
conditional_1,net_lag_7d,2025-03-24,459.0364154,463.7810129,-1.033599365
conditional_1,net_lag_7d,2025-03-25,421.4420054,417.769734,0.8713586707
conditional_1,net_lag_7d,2025-03-26,635.0211176,650.4093465,-2.423262552
conditional_1,net_lag_7d,2025-03-27,397.973268,398.6160958,-0.1615253677
conditional_1,net_lag_7d,2025-03-28,821.053232,585.7719685,28.65603037
conditional_1,net_lag_7d,2025-03-29,915.8479825,750.6749243,18.0349863
conditional_1,net_lag_7d,2025-03-30,486.6126307,498.234942,-2.388411332
conditional_1,net_lag_7d,2025-03-31,496.5206917,500.0569123,-0.71220006
conditional_1,net_lag_7d,2025-04-01,655.7735535,651.9234253,0.5871124587
conditional_1,net_lag_7d,2025-04-02,590.0557204,589.891981,0.02774982289
conditional_1,net_lag_7d,2025-04-03,454.1308685,459.0994119,-1.094077434
conditional_1,net_lag_7d,2025-04-04,781.3073197,579.6778333,25.80668085
conditional_1,net_lag_7d,2025-04-05,613.5745647,586.6416944,4.389502411
conditional_1,net_lag_7d,2025-04-06,419.2220945,427.5230928,-1.980095626
conditional_1,net_lag_7d,2025-04-07,597.3483491,613.6910468,-2.73587391
conditional_1,net_lag_7d,2025-04-08,479.7811392,488.0927637,-1.732378333
conditional_1,net_lag_7d,2025-04-09,454.3007664,446.4146127,1.735888263
conditional_1,net_lag_7d,2025-04-10,495.1452401,500.3399362,-1.049125712
conditional_1,net_lag_7d,2025-04-11,743.3350526,541.1382686,27.20129817
conditional_1,net_lag_7d,2025-04-12,684.0247853,589.9111485,13.75880507
conditional_1,net_lag_7d,2025-04-13,391.654006,392.8418166,-0.3032805839
conditional_1,net_lag_7d,2025-04-14,453.8677739,462.873323,-1.984179001
conditional_1,net_lag_7d,2025-04-15,667.858896,685.3474776,-2.618604277
conditional_1,net_lag_7d,2025-04-16,389.0993792,385.3114381,0.9735150796
conditional_1,net_lag_7d,2025-04-17,383.645439,384.5953286,-0.2475957196
conditional_1,net_lag_7d,2025-04-18,613.3809483,410.0515813,33.14895377
conditional_1,net_lag_7d,2025-04-19,521.9254398,375.6489671,28.02631593
conditional_1,net_lag_7d,2025-04-20,422.7749623,427.0022295,-0.9998858997
conditional_1,net_lag_7d,2025-04-21,683.2716722,704.7948643,-3.150019666
conditional_1,net_lag_7d,2025-04-22,412.1967248,412.7500466,-0.1342373009
conditional_1,net_lag_7d,2025-04-23,441.706235,446.4087176,-1.064617661
conditional_1,net_lag_7d,2025-04-24,676.1811802,691.1428458,-2.212671111
conditional_1,net_lag_7d,2025-04-25,839.7804126,627.9768991,25.22129717
conditional_1,net_lag_7d,2025-04-26,1079.593112,931.2527333,13.74039695
conditional_1,net_lag_7d,2025-04-27,529.975036,539.2250343,-1.745364904
conditional_1,net_lag_7d,2025-04-28,731.218679,729.011954,0.3017872861
conditional_1,net_lag_7d,2025-04-29,581.2849989,593.6257604,-2.123013916
conditional_1,net_lag_7d,2025-04-30,620.5940885,630.084785,-1.529292121
conditional_1,net_lag_7d,2025-05-01,592.2629876,594.7686006,-0.4230574949
conditional_1,net_lag_7d,2025-05-02,1016.856265,1270.341017,-24.92827749
conditional_1,net_lag_7d,2025-05-03,604.1868198,540.7475024,10.49995056
conditional_1,net_lag_7d,2025-05-04,625.4212951,627.3768311,-0.312675001
conditional_1,net_lag_7d,2025-05-05,499.3748284,490.1329995,1.850679752
conditional_1,net_lag_7d,2025-05-06,529.4008867,527.1709334,0.4212220607
conditional_1,net_lag_7d,2025-05-07,407.4201166,400.4902109,1.700923792
conditional_1,net_lag_7d,2025-05-08,551.1512028,550.369648,0.1418040575
conditional_1,net_lag_7d,2025-05-09,693.3221609,403.4420788,41.81030096
conditional_1,net_lag_7d,2025-05-10,679.1413028,603.8777664,11.08216157
conditional_1,net_lag_7d,2025-05-11,508.25496,504.5512269,0.7287155996
conditional_1,net_lag_7d,2025-05-12,718.8413966,728.3620131,-1.324439101
conditional_1,net_lag_7d,2025-05-13,384.0635365,381.8721758,0.5705724502
conditional_1,net_lag_7d,2025-05-14,394.511402,393.4516604,0.2686212673
conditional_1,net_lag_7d,2025-05-15,412.9052857,412.3321015,0.1388173677
conditional_1,net_lag_7d,2025-05-16,975.1879371,709.7263185,27.22158555
conditional_1,net_lag_7d,2025-05-17,746.1215697,701.4574225,5.986175584
conditional_1,net_lag_7d,2025-05-18,554.2851108,551.4903911,0.5042025608
conditional_1,net_lag_7d,2025-05-19,616.3633527,631.6388312,-2.478323613
conditional_1,net_lag_7d,2025-05-20,593.6838526,588.3071913,0.9056438569
conditional_1,net_lag_7d,2025-05-21,560.1343996,562.0714866,-0.3458253959
conditional_1,net_lag_7d,2025-05-22,358.6031728,356.232978,0.6609519851
conditional_1,net_lag_7d,2025-05-23,602.221829,420.7976355,30.12580826
conditional_1,net_lag_7d,2025-05-24,745.3015768,556.4352515,25.34092656
conditional_1,net_lag_7d,2025-05-25,445.7909657,452.404581,-1.483568718
conditional_1,net_lag_7d,2025-05-26,643.6424928,632.1765089,1.781421217
conditional_1,net_lag_7d,2025-05-27,463.9661281,467.9050639,-0.8489705473
conditional_1,net_lag_7d,2025-05-28,608.4214642,605.6860651,0.4495895122
conditional_1,net_lag_7d,2025-05-29,493.8882815,484.3050611,1.94036196
conditional_1,net_lag_7d,2025-05-30,615.939535,486.5971055,20.99920887
conditional_1,net_lag_7d,2025-05-31,564.4540475,470.3203923,16.67693865
conditional_1,net_lag_7d,2025-06-01,1758.936824,1728.707419,1.718617989
conditional_1,net_lag_7d,2025-06-02,1404.932125,1396.066802,0.6310143297
conditional_1,net_lag_7d,2025-06-03,787.3274267,785.6968709,0.2071000937
conditional_1,net_lag_7d,2025-06-04,902.6449977,902.6217702,0.002573267175
conditional_1,net_lag_7d,2025-06-05,686.2474837,687.4111682,-0.1695721332
conditional_1,net_lag_7d,2025-06-06,3457.506579,3410.143131,1.369872953
conditional_1,net_lag_7d,2025-06-07,797.6493498,815.9811864,-2.298232511
conditional_1,net_lag_7d,2025-06-08,1301.060599,895.7025023,31.15597361
conditional_1,net_lag_7d,2025-06-09,817.2323896,851.9515683,-4.248385055
conditional_1,net_lag_7d,2025-06-10,580.5744267,593.0395497,-2.147032748
conditional_1,net_lag_7d,2025-06-11,863.0620056,868.4694855,-0.6265459357
conditional_1,net_lag_7d,2025-06-12,494.9110775,495.481047,-0.1151660277
conditional_1,net_lag_7d,2025-06-13,935.1880744,761.6634863,18.55504715
conditional_1,net_lag_7d,2025-06-14,859.5805671,801.6702728,6.737040889
conditional_1,net_lag_7d,2025-06-15,495.7380377,490.8633327,0.9833227559
conditional_1,net_lag_7d,2025-06-16,418.981889,407.7280328,2.686000634
conditional_1,net_lag_7d,2025-06-17,626.0111914,611.7584941,2.276748005
conditional_1,net_lag_7d,2025-06-18,409.6821209,410.2717736,-0.1439293212
conditional_1,net_lag_7d,2025-06-19,562.1573128,576.3235008,-2.51996865
conditional_1,net_lag_7d,2025-06-20,865.9484115,628.0918651,27.46775019
conditional_1,net_lag_7d,2025-06-21,1162.813734,960.6775857,17.38336437
conditional_1,net_lag_7d,2025-06-22,517.7182936,518.53349,-0.1574594656
conditional_1,net_lag_7d,2025-06-23,479.6803527,484.5265192,-1.01029081
conditional_1,net_lag_7d,2025-06-24,845.3683691,802.134886,5.114159071
conditional_1,net_lag_7d,2025-06-25,544.0064683,541.148956,0.5252717565
conditional_1,net_lag_7d,2025-06-26,572.8405134,584.6913099,-2.068777659
conditional_1,net_lag_7d,2025-06-27,858.259973,632.561922,26.29716614
conditional_1,net_lag_7d,2025-06-28,777.3901597,586.5514628,24.54863809
conditional_1,net_lag_7d,2025-06-29,513.2853158,507.0844607,1.208071802
conditional_1,net_lag_7d,2025-06-30,493.1281386,488.0728727,1.025142441
conditional_1,net_lag_7d,2025-07-01,780.4886347,774.3307555,0.7889774336
conditional_1,net_lag_7d,2025-07-02,936.8764856,952.2040278,-1.636025923
conditional_1,net_lag_7d,2025-07-03,760.1252557,758.3644457,0.231647355
conditional_1,net_lag_7d,2025-07-04,1177.838633,909.3820622,22.79230476
conditional_1,net_lag_7d,2025-07-05,742.2281837,764.7919982,-3.040010471
conditional_1,net_lag_7d,2025-07-06,725.5036442,678.7455636,6.444913263
conditional_1,net_lag_7d,2025-07-07,715.0646751,745.8072987,-4.299278741
conditional_1,net_lag_7d,2025-07-08,727.6888697,730.8652431,-0.4365015854
conditional_1,net_lag_7d,2025-07-09,532.9877135,533.9265249,-0.1761412836
conditional_1,net_lag_7d,2025-07-10,536.4961134,534.6771528,0.3390445166
conditional_1,net_lag_7d,2025-07-11,1317.823183,841.9286548,36.11216849
conditional_1,net_lag_7d,2025-07-12,960.6497018,522.3766241,45.62256949
conditional_1,net_lag_7d,2025-07-13,769.767788,781.3116135,-1.49965037
conditional_1,net_lag_7d,2025-07-14,486.9418483,491.951227,-1.028742708
conditional_1,net_lag_7d,2025-07-15,648.6348482,654.0650469,-0.8371734417
conditional_1,net_lag_7d,2025-07-16,544.0678615,546.6351136,-0.471862481
conditional_1,net_lag_7d,2025-07-17,496.5252239,497.6701678,-0.2305912888
conditional_1,net_lag_7d,2025-07-18,801.6313637,481.0902575,39.98609844
conditional_1,net_lag_7d,2025-07-19,988.2410701,591.9912039,40.0964783
conditional_1,net_lag_7d,2025-07-20,441.1782296,440.0952023,0.2454852311
conditional_1,net_lag_7d,2025-07-21,452.4701249,445.0752566,1.634332932
conditional_1,net_lag_7d,2025-07-22,481.3300222,475.3864864,1.234815089
conditional_1,net_lag_7d,2025-07-23,452.2140802,446.3322578,1.300672113
conditional_1,net_lag_7d,2025-07-24,518.8444421,513.250193,1.078213169
conditional_1,net_lag_7d,2025-07-25,868.4137606,495.0107662,42.99828162
conditional_1,net_lag_7d,2025-07-26,808.9638367,511.0160941,36.83078638
conditional_1,net_lag_7d,2025-07-27,457.16499,449.7685734,1.6178878
conditional_1,net_lag_7d,2025-07-28,592.4936011,571.3577528,3.56727031
conditional_1,net_lag_7d,2025-07-29,544.8676808,535.1385548,1.785594255
conditional_1,net_lag_7d,2025-07-30,505.6126256,501.6181943,0.7900181055
conditional_1,net_lag_7d,2025-07-31,385.6179358,375.527697,2.616641471
conditional_1,net_lag_7d,2025-08-01,1126.444151,821.458349,27.07509308
conditional_1,net_lag_7d,2025-08-02,991.8779992,818.9958493,17.42977967
conditional_1,net_lag_7d,2025-08-03,1064.134996,1150.508177,-8.11675036
conditional_1,net_lag_7d,2025-08-04,470.750671,475.6990349,-1.051164494
conditional_1,net_lag_7d,2025-08-05,627.1301877,628.5689596,-0.2294215701
conditional_1,net_lag_7d,2025-08-06,885.7567551,886.9774398,-0.1378126397
conditional_1,net_lag_7d,2025-08-07,694.3976294,695.5027188,-0.1591436068
conditional_1,net_lag_7d,2025-08-08,4210.441829,2729.784758,35.16631106
conditional_1,net_lag_7d,2025-08-09,869.0061703,946.5104109,-8.918721544
conditional_1,net_lag_7d,2025-08-10,689.7996071,663.6498994,3.790913684
conditional_1,net_lag_7d,2025-08-11,574.6785139,580.0718467,-0.9384956297
conditional_1,net_lag_7d,2025-08-12,573.2225187,560.3749569,2.241286995
conditional_1,net_lag_7d,2025-08-13,510.6116095,506.5571366,0.794042435
conditional_1,net_lag_7d,2025-08-14,517.785457,517.6768524,0.02097483209
conditional_1,net_lag_7d,2025-08-15,676.6208931,503.1667456,25.63535198
conditional_1,net_lag_7d,2025-08-16,645.5955852,553.1198094,14.32410286
conditional_1,net_lag_7d,2025-08-17,528.9953244,538.0727791,-1.71598014
conditional_1,net_lag_7d,2025-08-18,509.7432955,508.4192141,0.2597545422
conditional_1,net_lag_7d,2025-08-19,379.8770082,378.3890111,0.3917049697
conditional_1,net_lag_7d,2025-08-20,734.7031837,719.7166967,2.039801561
conditional_1,net_lag_7d,2025-08-21,455.2749098,450.8637091,0.9689092386
conditional_1,net_lag_7d,2025-08-22,588.5454229,540.6491755,8.138071511
conditional_1,net_lag_7d,2025-08-23,594.1818564,580.9876478,2.220567409
conditional_1,net_lag_7d,2025-08-24,654.4783675,666.5563484,-1.845436226
conditional_1,net_lag_7d,2025-08-25,615.3956085,592.9244467,3.651498564
conditional_1,net_lag_7d,2025-08-26,469.0203431,463.7515909,1.123352593
conditional_1,net_lag_7d,2025-08-27,492.1589343,479.0054709,2.672604811
conditional_1,net_lag_7d,2025-08-28,710.59519,699.0709207,1.621776987
conditional_1,net_lag_7d,2025-08-29,636.2907613,531.6734744,16.44174224
conditional_1,net_lag_7d,2025-08-30,862.7799297,736.2106682,14.66993576
conditional_1,net_lag_7d,2025-08-31,463.1739865,453.9691903,1.987330144
conditional_1,net_lag_7d,2025-09-01,976.259996,1037.723855,-6.295849411
conditional_1,net_lag_7d,2025-09-02,889.8576297,935.629938,-5.143778812
conditional_1,net_lag_7d,2025-09-03,663.9216294,688.4969223,-3.701535218
conditional_1,net_lag_7d,2025-09-04,692.4602119,711.8671387,-2.802605334
conditional_1,net_lag_7d,2025-09-05,1322.613456,1101.886035,16.68873243
conditional_1,net_lag_7d,2025-09-06,906.4828113,930.6294158,-2.663768602
conditional_1,net_lag_7d,2025-09-07,879.7041536,587.0308943,33.26950976
conditional_1,net_lag_7d,2025-09-08,1057.189107,869.2230173,17.77979817
conditional_1,net_lag_7d,2025-09-09,718.7077806,715.1021217,0.501686363
conditional_1,net_lag_7d,2025-09-10,824.1022778,759.6978365,7.815102931
conditional_1,net_lag_7d,2025-09-11,616.1941448,635.612382,-3.15131803
conditional_1,net_lag_7d,2025-09-12,595.4445603,555.1045015,6.774779957
conditional_1,net_lag_7d,2025-09-13,748.4168173,701.8512609,6.221874669
conditional_1,net_lag_7d,2025-09-14,620.2682236,512.2900282,17.4083068
conditional_1,net_lag_7d,2025-09-15,578.6198892,559.8715309,3.240185593
conditional_1,net_lag_7d,2025-09-16,510.7825811,464.2825444,9.103684911
conditional_1,net_lag_7d,2025-09-17,563.1390146,522.8333982,7.157312023
conditional_1,net_lag_7d,2025-09-18,440.1391637,412.1476124,6.35970476
conditional_1,net_lag_7d,2025-09-19,738.8690544,777.0883388,-5.172673585
conditional_1,net_lag_7d,2025-09-20,586.491885,578.2182391,1.410700825
conditional_1,net_lag_7d,2025-09-21,531.8417514,491.5010776,7.585089674
conditional_1,net_lag_7d,2025-09-22,425.9896641,376.3678239,11.64860193
conditional_1,net_lag_7d,2025-09-23,530.1427453,485.9122385,8.343131591
conditional_1,net_lag_7d,2025-09-24,458.4843333,426.3272206,7.013786593
conditional_1,net_lag_7d,2025-09-25,367.4165208,347.5979136,5.394043572
conditional_1,net_lag_7d,2025-09-26,624.5035808,576.9762813,7.610412639
conditional_1,net_lag_7d,2025-09-27,679.6754181,640.954455,5.696978605
conditional_1,net_lag_7d,2025-09-28,554.6790802,509.6545519,8.117221264
conditional_1,net_lag_7d,2025-09-29,376.1884026,343.4178702,8.711202185
conditional_1,net_lag_7d,2025-09-30,601.9477529,568.9104476,5.48840081
conditional_1,net_lag_7d,2025-10-01,1222.026604,1275.526924,-4.377999572
conditional_1,net_lag_7d,2025-10-02,707.5442939,740.2188951,-4.618029069
conditional_1,net_lag_7d,2025-10-03,714.3303827,618.8679406,13.36390618
conditional_1,net_lag_7d,2025-10-04,541.8330175,521.7068272,3.714463606
conditional_1,net_lag_7d,2025-10-05,448.6941044,447.2224609,0.3279836948
conditional_1,net_lag_7d,2025-10-06,390.83432,371.3760906,4.978638869
conditional_1,net_lag_7d,2025-10-07,409.1549021,392.8765313,3.978534944
conditional_1,net_lag_7d,2025-10-08,457.2791912,463.5953365,-1.381244861
conditional_1,net_lag_7d,2025-10-09,460.3448807,464.4787007,-0.8979832587
conditional_1,net_lag_7d,2025-10-10,711.2714798,623.5001766,12.3400566
conditional_1,net_lag_7d,2025-10-11,516.7680783,486.2834011,5.899102219
conditional_1,net_lag_7d,2025-10-12,404.1592705,380.6604382,5.814250477
conditional_1,net_lag_7d,2025-10-13,373.4198695,363.878006,2.555263996
conditional_1,net_lag_7d,2025-10-14,458.5266296,438.03624,4.468745812
conditional_1,net_lag_7d,2025-10-15,512.5975085,491.4878805,4.118168268
conditional_1,net_lag_7d,2025-10-16,602.5729655,586.739783,2.62759589
conditional_1,net_lag_7d,2025-10-17,569.5921922,441.47597,22.49262261
conditional_1,net_lag_7d,2025-10-18,417.6855618,344.712824,17.47073503
conditional_1,net_lag_7d,2025-10-19,594.212888,560.9999236,5.589404913
conditional_1,net_lag_7d,2025-10-20,582.704376,555.1575092,4.727417187
conditional_1,net_lag_7d,2025-10-21,647.2708624,627.3558365,3.07676849
conditional_1,net_lag_7d,2025-10-22,530.5712021,518.3339525,2.306429289
conditional_1,net_lag_7d,2025-10-23,432.8081326,429.9456366,0.6613775985
conditional_1,net_lag_7d,2025-10-24,684.997783,434.7683621,36.5299607
conditional_1,net_lag_7d,2025-10-25,497.4002771,430.8387951,13.38187473
conditional_1,net_lag_7d,2025-10-26,349.0979013,324.1096792,7.157941068
conditional_1,net_lag_7d,2025-10-27,525.8747192,519.0555029,1.296737816
conditional_1,net_lag_7d,2025-10-28,418.5588244,399.4667157,4.561391978
conditional_1,net_lag_7d,2025-10-29,640.4664396,621.8151732,2.912137974
conditional_1,net_lag_7d,2025-10-30,344.4560643,337.3280972,2.069340018
conditional_1,net_lag_7d,2025-10-31,659.9597891,664.0409154,-0.6183901542
conditional_1,net_lag_7d,2025-11-01,400.9842796,343.6374453,14.30151684
conditional_1,net_lag_7d,2025-11-02,427.1588121,395.6285912,7.381381345
conditional_1,net_lag_7d,2025-11-03,494.3650276,475.3272535,3.850954877
conditional_1,net_lag_7d,2025-11-04,348.9368944,339.5384413,2.693453532
conditional_1,net_lag_7d,2025-11-05,360.9185712,348.308299,3.49393829
conditional_1,net_lag_7d,2025-11-06,545.5063123,536.0683918,1.730121234
conditional_1,net_lag_7d,2025-11-07,715.7737657,627.0496384,12.39555451
conditional_1,net_lag_7d,2025-11-08,433.4252289,356.1030326,17.83980053
conditional_1,net_lag_7d,2025-11-09,416.2995819,392.3450322,5.754161355
conditional_1,net_lag_7d,2025-11-10,546.2846373,522.3037559,4.389814348
conditional_1,net_lag_7d,2025-11-11,299.3116735,284.0148708,5.110660233
conditional_1,net_lag_7d,2025-11-12,310.1206103,301.4247304,2.804031612
conditional_1,net_lag_7d,2025-11-13,418.4988453,409.4418966,2.164151426
conditional_1,net_lag_7d,2025-11-14,584.478092,560.7037715,4.067615338
conditional_1,net_lag_7d,2025-11-15,464.4289267,430.9735697,7.203547222
conditional_1,net_lag_7d,2025-11-16,493.9783391,472.3938786,4.369515575
conditional_1,net_lag_7d,2025-11-17,307.8269257,292.088991,5.112591975
conditional_1,net_lag_7d,2025-11-18,478.8749407,463.1627341,3.281066778
conditional_1,net_lag_7d,2025-11-19,372.3600894,356.4025659,4.285508552
conditional_1,net_lag_7d,2025-11-20,393.5577571,382.5426422,2.798856009
conditional_1,net_lag_7d,2025-11-21,462.989051,375.4273392,18.91226404
conditional_1,net_lag_7d,2025-11-22,418.4123251,362.8264509,13.28495142
conditional_1,net_lag_7d,2025-11-23,471.519072,456.5454076,3.175622202
conditional_1,net_lag_7d,2025-11-24,309.1728743,296.0222899,4.253472891
conditional_1,net_lag_7d,2025-11-25,385.5472254,366.8870623,4.839916329
conditional_1,net_lag_7d,2025-11-26,442.5764682,425.2482384,3.915307515
conditional_1,net_lag_7d,2025-11-27,368.2431268,355.6478262,3.420376292
conditional_1,net_lag_7d,2025-11-28,444.7711586,380.1084655,14.53841865
conditional_1,net_lag_7d,2025-11-29,723.9651847,771.8475729,-6.613907575
conditional_1,net_lag_7d,2025-11-30,668.3192511,644.2332713,3.603963189
conditional_1,net_lag_7d,2025-12-01,524.3292026,528.98209,-0.8873981159
conditional_1,net_lag_7d,2025-12-02,511.4115973,498.5009099,2.52451986
conditional_1,net_lag_7d,2025-12-03,420.6695824,403.6921311,4.035816214
conditional_1,net_lag_7d,2025-12-04,375.6173131,358.4908701,4.55954568
conditional_1,net_lag_7d,2025-12-05,386.1738998,351.9449062,8.863621694
conditional_1,net_lag_7d,2025-12-06,425.9302257,420.3461956,1.311019918
conditional_1,net_lag_7d,2025-12-07,331.9580165,297.8058033,10.2881122
conditional_1,net_lag_7d,2025-12-08,301.1140155,288.1533487,4.304238951
conditional_1,net_lag_7d,2025-12-09,313.2678824,305.6383634,2.435461624
conditional_1,net_lag_7d,2025-12-10,343.8921729,331.6382237,3.563311462
conditional_1,net_lag_7d,2025-12-11,297.7169523,295.4239608,0.7701917647
conditional_1,net_lag_7d,2025-12-12,519.7704583,418.681794,19.44871293
conditional_1,net_lag_7d,2025-12-13,447.8138927,337.306377,24.67710751
conditional_1,net_lag_7d,2025-12-14,310.2543067,294.4558619,5.092095248
conditional_1,net_lag_7d,2025-12-15,362.3870643,346.018977,4.516741581
conditional_1,net_lag_7d,2025-12-16,318.3733753,303.3176073,4.728965788
conditional_1,net_lag_7d,2025-12-17,240.7758678,229.8277642,4.547010338
conditional_1,net_lag_7d,2025-12-18,333.401904,328.5336054,1.460189192
conditional_1,net_lag_7d,2025-12-19,437.1279468,314.5524123,28.04111139
conditional_1,net_lag_7d,2025-12-20,392.8117243,271.3071269,30.93201906
conditional_1,net_lag_7d,2025-12-21,368.6633016,353.5949756,4.087286683
conditional_1,net_lag_7d,2025-12-22,240.8361085,225.2668213,6.464681444
conditional_1,net_lag_7d,2025-12-23,234.5846357,226.6085434,3.400091536
conditional_1,net_lag_7d,2025-12-24,284.2790423,276.3360831,2.794071326
conditional_1,net_lag_7d,2025-12-25,285.828176,277.3087561,2.980608843
conditional_1,net_lag_7d,2025-12-26,442.9252781,326.2074501,26.3515843
conditional_1,net_lag_7d,2025-12-27,389.6529853,279.1005537,28.37202221
conditional_1,net_lag_7d,2025-12-28,294.3132138,289.9509243,1.4821929
conditional_1,net_lag_7d,2025-12-29,269.1610187,262.4137168,2.506790128
conditional_1,net_lag_7d,2025-12-30,296.1299461,294.3611031,0.597319862
conditional_1,net_lag_7d,2025-12-31,290.1398032,277.2906157,4.428619361
conditional_1,pv_mean_3d,2025-02-01,501.3805436,638.0868942,-27.26598634
conditional_1,pv_mean_3d,2025-02-02,539.1163647,528.7912869,1.915185373
conditional_1,pv_mean_3d,2025-02-03,349.810498,354.5017334,-1.341079073
conditional_1,pv_mean_3d,2025-02-04,321.5011033,339.5075022,-5.600726928
conditional_1,pv_mean_3d,2025-02-05,319.2727276,322.3557555,-0.9656408736
conditional_1,pv_mean_3d,2025-02-06,301.187857,300.0231247,0.3867129164
conditional_1,pv_mean_3d,2025-02-07,632.9839855,642.1723005,-1.451587283
conditional_1,pv_mean_3d,2025-02-08,546.8665809,541.9406354,0.9007581738
conditional_1,pv_mean_3d,2025-02-09,325.6206373,323.5850081,0.6251536392
conditional_1,pv_mean_3d,2025-02-10,730.0663205,727.089988,0.4076797433
conditional_1,pv_mean_3d,2025-02-11,441.3248809,407.4783461,7.669301277
conditional_1,pv_mean_3d,2025-02-12,399.6138666,344.0115621,13.91400779
conditional_1,pv_mean_3d,2025-02-13,716.5124377,615.1497151,14.14668012
conditional_1,pv_mean_3d,2025-02-14,513.3367891,564.9309718,-10.05074714
conditional_1,pv_mean_3d,2025-02-15,364.4631384,378.8823795,-3.956296161
conditional_1,pv_mean_3d,2025-02-16,381.1121396,414.2064977,-8.683627396
conditional_1,pv_mean_3d,2025-02-17,544.4903882,483.7678592,11.15217648
conditional_1,pv_mean_3d,2025-02-18,390.5576521,337.8950902,13.48394062
conditional_1,pv_mean_3d,2025-02-19,395.1369651,360.450318,8.778385778
conditional_1,pv_mean_3d,2025-02-20,453.0498306,400.8844055,11.5142798
conditional_1,pv_mean_3d,2025-02-21,564.7366148,556.5942512,1.441798436
conditional_1,pv_mean_3d,2025-02-22,337.5895266,330.2185068,2.183426679
conditional_1,pv_mean_3d,2025-02-23,415.6678704,377.1028651,9.277841296
conditional_1,pv_mean_3d,2025-02-24,543.2279091,479.6336121,11.70674332
conditional_1,pv_mean_3d,2025-02-25,767.235455,682.1297773,11.09251105
conditional_1,pv_mean_3d,2025-02-26,420.2280889,351.3417716,16.3926018
conditional_1,pv_mean_3d,2025-02-27,578.8329978,501.4208921,13.37382387
conditional_1,pv_mean_3d,2025-02-28,624.7798343,575.6035183,7.870983234
conditional_1,pv_mean_3d,2025-03-01,451.715598,469.7203738,-3.985865415
conditional_1,pv_mean_3d,2025-03-02,791.4261019,835.272688,-5.54019965
conditional_1,pv_mean_3d,2025-03-03,481.551742,481.1846789,0.07622507649
conditional_1,pv_mean_3d,2025-03-04,363.1157538,360.9217918,0.6042045961
conditional_1,pv_mean_3d,2025-03-05,464.432971,493.3945245,-6.23589522
conditional_1,pv_mean_3d,2025-03-06,442.4674127,445.8516764,-0.7648616819
conditional_1,pv_mean_3d,2025-03-07,660.1590601,659.2677696,0.1350114834
conditional_1,pv_mean_3d,2025-03-08,524.5841816,497.905877,5.0856098
conditional_1,pv_mean_3d,2025-03-09,621.666821,609.5975872,1.941431223
conditional_1,pv_mean_3d,2025-03-10,470.8694208,495.4507755,-5.220418577
conditional_1,pv_mean_3d,2025-03-11,496.7772113,479.5298252,3.471855332
conditional_1,pv_mean_3d,2025-03-12,550.3443444,513.3956241,6.713745808
conditional_1,pv_mean_3d,2025-03-13,575.1507113,584.8878374,-1.692969504
conditional_1,pv_mean_3d,2025-03-14,722.1104281,702.9916627,2.647623502
conditional_1,pv_mean_3d,2025-03-15,560.4196535,573.3862851,-2.313736055
conditional_1,pv_mean_3d,2025-03-16,507.1028149,486.5082881,4.061213275
conditional_1,pv_mean_3d,2025-03-17,875.6842428,800.6731473,8.565998084
conditional_1,pv_mean_3d,2025-03-18,480.4674516,439.0993326,8.609973235
conditional_1,pv_mean_3d,2025-03-19,566.2284718,470.1576519,16.96679427
conditional_1,pv_mean_3d,2025-03-20,372.016427,323.9552039,12.91911314
conditional_1,pv_mean_3d,2025-03-21,875.729617,853.6399163,2.522433893
conditional_1,pv_mean_3d,2025-03-22,437.2127991,424.2226553,2.971126156
conditional_1,pv_mean_3d,2025-03-23,660.9871108,583.7424447,11.68625906
conditional_1,pv_mean_3d,2025-03-24,551.5020753,463.7810129,15.90584448
conditional_1,pv_mean_3d,2025-03-25,459.0574166,417.769734,8.994012755
conditional_1,pv_mean_3d,2025-03-26,746.688351,650.4093465,12.89413506
conditional_1,pv_mean_3d,2025-03-27,466.4119668,398.6160958,14.53561999
conditional_1,pv_mean_3d,2025-03-28,670.4166208,585.7719685,12.62567927
conditional_1,pv_mean_3d,2025-03-29,886.5918621,750.6749243,15.3302713
conditional_1,pv_mean_3d,2025-03-30,614.1014797,498.234942,18.86765324
conditional_1,pv_mean_3d,2025-03-31,535.2410324,500.0569123,6.5735095
conditional_1,pv_mean_3d,2025-04-01,610.1534696,651.9234253,-6.845811382
conditional_1,pv_mean_3d,2025-04-02,575.30386,589.891981,-2.535724501
conditional_1,pv_mean_3d,2025-04-03,472.5798706,459.0994119,2.852524946
conditional_1,pv_mean_3d,2025-04-04,596.0659192,579.6778333,2.749374756
conditional_1,pv_mean_3d,2025-04-05,533.1003101,586.6416944,-10.04339769
conditional_1,pv_mean_3d,2025-04-06,441.8898493,427.5230928,3.251207618
conditional_1,pv_mean_3d,2025-04-07,647.6213432,613.6910468,5.239218376
conditional_1,pv_mean_3d,2025-04-08,497.9666683,488.0927637,1.982844479
conditional_1,pv_mean_3d,2025-04-09,430.9183961,446.4146127,-3.596090745
conditional_1,pv_mean_3d,2025-04-10,507.421042,500.3399362,1.395508905
conditional_1,pv_mean_3d,2025-04-11,554.9923477,541.1382686,2.496264888
conditional_1,pv_mean_3d,2025-04-12,579.917835,589.9111485,-1.723229196
conditional_1,pv_mean_3d,2025-04-13,399.2623206,392.8418166,1.608091654
conditional_1,pv_mean_3d,2025-04-14,488.0286527,462.873323,5.154478051
conditional_1,pv_mean_3d,2025-04-15,715.0061997,685.3474776,4.148037053
conditional_1,pv_mean_3d,2025-04-16,392.5548456,385.3114381,1.8451963
conditional_1,pv_mean_3d,2025-04-17,402.2187489,384.5953286,4.381551153
conditional_1,pv_mean_3d,2025-04-18,421.1557446,410.0515813,2.63659308
conditional_1,pv_mean_3d,2025-04-19,378.1294468,375.6489671,0.6559869086
conditional_1,pv_mean_3d,2025-04-20,444.2825335,427.0022295,3.889485342
conditional_1,pv_mean_3d,2025-04-21,734.1259359,704.7948643,3.995373301
conditional_1,pv_mean_3d,2025-04-22,442.4479816,412.7500466,6.712186793
conditional_1,pv_mean_3d,2025-04-23,491.2868452,446.4087176,9.134811578
conditional_1,pv_mean_3d,2025-04-24,740.3647637,691.1428458,6.648333398
conditional_1,pv_mean_3d,2025-04-25,639.6493354,627.9768991,1.824818006
conditional_1,pv_mean_3d,2025-04-26,957.0377534,931.2527333,2.694253175
conditional_1,pv_mean_3d,2025-04-27,567.3007579,539.2250343,4.949001606
conditional_1,pv_mean_3d,2025-04-28,673.1510135,729.011954,-8.298426261
conditional_1,pv_mean_3d,2025-04-29,629.5393559,593.6257604,5.70474192
conditional_1,pv_mean_3d,2025-04-30,659.6422184,630.084785,4.480828034
conditional_1,pv_mean_3d,2025-05-01,584.4927385,594.7686006,-1.758082078
conditional_1,pv_mean_3d,2025-05-02,1022.057723,1270.341017,-24.29249235
conditional_1,pv_mean_3d,2025-05-03,523.0428005,540.7475024,-3.384943237
conditional_1,pv_mean_3d,2025-05-04,632.8473942,627.3768311,0.8644363692
conditional_1,pv_mean_3d,2025-05-05,484.8519979,490.1329995,-1.089198693
conditional_1,pv_mean_3d,2025-05-06,525.9134732,527.1709334,-0.2391002039
conditional_1,pv_mean_3d,2025-05-07,389.9902986,400.4902109,-2.692352172
conditional_1,pv_mean_3d,2025-05-08,550.7509597,550.369648,0.0692348648
conditional_1,pv_mean_3d,2025-05-09,395.6526333,403.4420788,-1.968758649
conditional_1,pv_mean_3d,2025-05-10,614.63864,603.8777664,1.750764262
conditional_1,pv_mean_3d,2025-05-11,499.1571228,504.5512269,-1.080642501
conditional_1,pv_mean_3d,2025-05-12,745.9119588,728.3620131,2.352817313
conditional_1,pv_mean_3d,2025-05-13,400.3018208,381.8721758,4.603937342
conditional_1,pv_mean_3d,2025-05-14,431.4010588,393.4516604,8.796779146
conditional_1,pv_mean_3d,2025-05-15,422.7808891,412.3321015,2.471442736
conditional_1,pv_mean_3d,2025-05-16,749.9331503,709.7263185,5.36138879
conditional_1,pv_mean_3d,2025-05-17,707.4946645,701.4574225,0.8533268713
conditional_1,pv_mean_3d,2025-05-18,568.1821752,551.4903911,2.937752158
conditional_1,pv_mean_3d,2025-05-19,652.0487815,631.6388312,3.130126285
conditional_1,pv_mean_3d,2025-05-20,589.0832683,588.3071913,0.1317431767
conditional_1,pv_mean_3d,2025-05-21,570.7410473,562.0714866,1.519000734
conditional_1,pv_mean_3d,2025-05-22,374.2943716,356.232978,4.825451553
conditional_1,pv_mean_3d,2025-05-23,445.1757022,420.7976355,5.476055094
conditional_1,pv_mean_3d,2025-05-24,572.8144727,556.4352515,2.859428649
conditional_1,pv_mean_3d,2025-05-25,475.038409,452.404581,4.764631135
conditional_1,pv_mean_3d,2025-05-26,625.2047828,632.1765089,-1.115110795
conditional_1,pv_mean_3d,2025-05-27,490.7714134,467.9050639,4.659266789
conditional_1,pv_mean_3d,2025-05-28,611.3335595,605.6860651,0.923799187
conditional_1,pv_mean_3d,2025-05-29,476.3958951,484.3050611,-1.660208678
conditional_1,pv_mean_3d,2025-05-30,485.3463673,486.5971055,-0.2577001273
conditional_1,pv_mean_3d,2025-05-31,464.1795627,470.3203923,-1.322942703
conditional_1,pv_mean_3d,2025-06-01,1725.443531,1728.707419,-0.1891622762
conditional_1,pv_mean_3d,2025-06-02,1349.255945,1396.066802,-3.46938303
conditional_1,pv_mean_3d,2025-06-03,910.7675534,785.6968709,13.7324482
conditional_1,pv_mean_3d,2025-06-04,752.7787923,902.6217702,-19.90531342
conditional_1,pv_mean_3d,2025-06-05,668.5483844,687.4111682,-2.821453794
conditional_1,pv_mean_3d,2025-06-06,2444.298879,3410.143131,-39.51416339
conditional_1,pv_mean_3d,2025-06-07,815.0422904,815.9811864,-0.1151959857
conditional_1,pv_mean_3d,2025-06-08,925.6624933,895.7025023,3.236599871
conditional_1,pv_mean_3d,2025-06-09,796.877174,851.9515683,-6.911277681
conditional_1,pv_mean_3d,2025-06-10,618.0226833,593.0395497,4.04242987
conditional_1,pv_mean_3d,2025-06-11,920.0713124,868.4694855,5.608459501
conditional_1,pv_mean_3d,2025-06-12,484.5000257,495.481047,-2.266464536
conditional_1,pv_mean_3d,2025-06-13,717.4628241,761.6634863,-6.160690242
conditional_1,pv_mean_3d,2025-06-14,756.8993227,801.6702728,-5.915046933
conditional_1,pv_mean_3d,2025-06-15,491.1704012,490.8633327,0.0625176996
conditional_1,pv_mean_3d,2025-06-16,418.9280084,407.7280328,2.673484553
conditional_1,pv_mean_3d,2025-06-17,635.731668,611.7584941,3.770957956
conditional_1,pv_mean_3d,2025-06-18,411.6109552,410.2717736,0.3253513023
conditional_1,pv_mean_3d,2025-06-19,542.5563732,576.3235008,-6.223708589
conditional_1,pv_mean_3d,2025-06-20,582.3508793,628.0918651,-7.854540514
conditional_1,pv_mean_3d,2025-06-21,866.4930118,960.6775857,-10.86962879
conditional_1,pv_mean_3d,2025-06-22,511.1584833,518.53349,-1.442802361
conditional_1,pv_mean_3d,2025-06-23,480.5938299,484.5265192,-0.8182979207
conditional_1,pv_mean_3d,2025-06-24,835.0348687,802.134886,3.939953159
conditional_1,pv_mean_3d,2025-06-25,555.6719357,541.148956,2.613588852
conditional_1,pv_mean_3d,2025-06-26,544.0194997,584.6913099,-7.47616771
conditional_1,pv_mean_3d,2025-06-27,555.9791998,632.561922,-13.77438619
conditional_1,pv_mean_3d,2025-06-28,570.8694457,586.5514628,-2.74704089
conditional_1,pv_mean_3d,2025-06-29,514.0181561,507.0844607,1.348920342
conditional_1,pv_mean_3d,2025-06-30,495.3987424,488.0728727,1.478782456
conditional_1,pv_mean_3d,2025-07-01,776.4471745,774.3307555,0.2725773428
conditional_1,pv_mean_3d,2025-07-02,939.9780354,952.2040278,-1.30066788
conditional_1,pv_mean_3d,2025-07-03,748.7581532,758.3644457,-1.282963329
conditional_1,pv_mean_3d,2025-07-04,985.0380052,909.3820622,7.680510056
conditional_1,pv_mean_3d,2025-07-05,820.080395,764.7919982,6.741826433
conditional_1,pv_mean_3d,2025-07-06,764.8700924,678.7455636,11.26002044
conditional_1,pv_mean_3d,2025-07-07,802.9395443,745.8072987,7.115385707
conditional_1,pv_mean_3d,2025-07-08,943.4371183,730.8652431,22.53164213
conditional_1,pv_mean_3d,2025-07-09,666.463559,533.9265249,19.8866138
conditional_1,pv_mean_3d,2025-07-10,733.0456165,534.6771528,27.06086214
conditional_1,pv_mean_3d,2025-07-11,701.3552397,841.9286548,-20.04311184
conditional_1,pv_mean_3d,2025-07-12,611.4463288,522.3766241,14.567052
conditional_1,pv_mean_3d,2025-07-13,976.9185657,781.3116135,20.02285135
conditional_1,pv_mean_3d,2025-07-14,680.4404873,491.951227,27.70106479
conditional_1,pv_mean_3d,2025-07-15,670.6164171,654.0650469,2.468083057
conditional_1,pv_mean_3d,2025-07-16,716.8686296,546.6351136,23.7468218
conditional_1,pv_mean_3d,2025-07-17,663.4237942,497.6701678,24.98457664
conditional_1,pv_mean_3d,2025-07-18,537.651736,481.0902575,10.52009594
conditional_1,pv_mean_3d,2025-07-19,723.7794429,591.9912039,18.20834238
conditional_1,pv_mean_3d,2025-07-20,537.9070681,440.0952023,18.1837852
conditional_1,pv_mean_3d,2025-07-21,515.8346818,445.0752566,13.71746176
conditional_1,pv_mean_3d,2025-07-22,539.6860213,475.3864864,11.91424871
conditional_1,pv_mean_3d,2025-07-23,530.0146139,446.3322578,15.78868845
conditional_1,pv_mean_3d,2025-07-24,554.3741882,513.250193,7.418093422
conditional_1,pv_mean_3d,2025-07-25,575.282105,495.0107662,13.95338706
conditional_1,pv_mean_3d,2025-07-26,549.1766285,511.0160941,6.948681433
conditional_1,pv_mean_3d,2025-07-27,525.5527836,449.7685734,14.41990464
conditional_1,pv_mean_3d,2025-07-28,532.7213003,571.3577528,-7.252657712
conditional_1,pv_mean_3d,2025-07-29,525.547698,535.1385548,-1.824926046
conditional_1,pv_mean_3d,2025-07-30,526.8795669,501.6181943,4.794524993
conditional_1,pv_mean_3d,2025-07-31,385.9548405,375.527697,2.701648597
conditional_1,pv_mean_3d,2025-08-01,860.3223054,821.458349,4.517371704
conditional_1,pv_mean_3d,2025-08-02,767.8618848,818.9958493,-6.65926588
conditional_1,pv_mean_3d,2025-08-03,1205.772587,1150.508177,4.583319503
conditional_1,pv_mean_3d,2025-08-04,746.8464356,475.6990349,36.305643
conditional_1,pv_mean_3d,2025-08-05,856.4435502,628.5689596,26.6070765
conditional_1,pv_mean_3d,2025-08-06,772.3036417,886.9774398,-14.84827882
conditional_1,pv_mean_3d,2025-08-07,797.0220303,695.5027188,12.73732815
conditional_1,pv_mean_3d,2025-08-08,2007.207503,2729.784758,-35.99913085
conditional_1,pv_mean_3d,2025-08-09,920.9102785,946.5104109,-2.779872585
conditional_1,pv_mean_3d,2025-08-10,613.207827,663.6498994,-8.225934201
conditional_1,pv_mean_3d,2025-08-11,583.3233895,580.0718467,0.5574168407
conditional_1,pv_mean_3d,2025-08-12,504.1957389,560.3749569,-11.14234288
conditional_1,pv_mean_3d,2025-08-13,491.2725407,506.5571366,-3.111225384
conditional_1,pv_mean_3d,2025-08-14,524.6994901,517.6768524,1.338411397
conditional_1,pv_mean_3d,2025-08-15,513.4545674,503.1667456,2.003647929
conditional_1,pv_mean_3d,2025-08-16,545.2979704,553.1198094,-1.434415571
conditional_1,pv_mean_3d,2025-08-17,597.6580526,538.0727791,9.969793463
conditional_1,pv_mean_3d,2025-08-18,542.6579109,508.4192141,6.309443972
conditional_1,pv_mean_3d,2025-08-19,407.3731752,378.3890111,7.114892658
conditional_1,pv_mean_3d,2025-08-20,645.5158142,719.7166967,-11.49482024
conditional_1,pv_mean_3d,2025-08-21,448.0461526,450.8637091,-0.6288540881
conditional_1,pv_mean_3d,2025-08-22,536.9070288,540.6491755,-0.696982263
conditional_1,pv_mean_3d,2025-08-23,582.4609903,580.9876478,0.2529512794
conditional_1,pv_mean_3d,2025-08-24,695.2930296,666.5563484,4.133031679
conditional_1,pv_mean_3d,2025-08-25,547.5282178,592.9244467,-8.291121344
conditional_1,pv_mean_3d,2025-08-26,467.9452718,463.7515909,0.8961904588
conditional_1,pv_mean_3d,2025-08-27,489.8377654,479.0054709,2.211404513
conditional_1,pv_mean_3d,2025-08-28,719.8676287,699.0709207,2.888962795
conditional_1,pv_mean_3d,2025-08-29,515.1944098,531.6734744,-3.198610915
conditional_1,pv_mean_3d,2025-08-30,630.2330876,736.2106682,-16.81561675
conditional_1,pv_mean_3d,2025-08-31,454.238225,453.9691903,0.05922766613
conditional_1,pv_mean_3d,2025-09-01,1018.901784,1037.723855,-1.847290017
conditional_1,pv_mean_3d,2025-09-02,958.6862027,935.629938,2.404985565
conditional_1,pv_mean_3d,2025-09-03,774.3119282,688.4969223,11.08274363
conditional_1,pv_mean_3d,2025-09-04,847.4090303,711.8671387,15.99486042
conditional_1,pv_mean_3d,2025-09-05,1017.721634,1101.886035,-8.269884241
conditional_1,pv_mean_3d,2025-09-06,896.2269119,930.6294158,-3.838593042
conditional_1,pv_mean_3d,2025-09-07,605.3989661,587.0308943,3.034044132
conditional_1,pv_mean_3d,2025-09-08,824.8632707,869.2230173,-5.377830266
conditional_1,pv_mean_3d,2025-09-09,703.8442583,715.1021217,-1.599482164
conditional_1,pv_mean_3d,2025-09-10,681.7979693,759.6978365,-11.42565256
conditional_1,pv_mean_3d,2025-09-11,625.0119802,635.612382,-1.696031769
conditional_1,pv_mean_3d,2025-09-12,542.214835,555.1045015,-2.377224986
conditional_1,pv_mean_3d,2025-09-13,664.3290246,701.8512609,-5.648140446
conditional_1,pv_mean_3d,2025-09-14,522.659503,512.2900282,1.98398283
conditional_1,pv_mean_3d,2025-09-15,617.8032259,559.8715309,9.377046373
conditional_1,pv_mean_3d,2025-09-16,450.4942544,464.2825444,-3.060702734
conditional_1,pv_mean_3d,2025-09-17,539.4260167,522.8333982,3.075976691
conditional_1,pv_mean_3d,2025-09-18,439.8605763,412.1476124,6.300397318
conditional_1,pv_mean_3d,2025-09-19,748.1314447,777.0883388,-3.870562359
conditional_1,pv_mean_3d,2025-09-20,694.4849074,578.2182391,16.74142476
conditional_1,pv_mean_3d,2025-09-21,523.6702348,491.5010776,6.143018071
conditional_1,pv_mean_3d,2025-09-22,453.5143617,376.3678239,17.01082576
conditional_1,pv_mean_3d,2025-09-23,590.8536604,485.9122385,17.76098363
conditional_1,pv_mean_3d,2025-09-24,557.3798497,426.3272206,23.51226532
conditional_1,pv_mean_3d,2025-09-25,470.6190104,347.5979136,26.14027357
conditional_1,pv_mean_3d,2025-09-26,813.6928435,576.9762813,29.09163625
conditional_1,pv_mean_3d,2025-09-27,714.7565387,640.954455,10.32548564
conditional_1,pv_mean_3d,2025-09-28,657.8485343,509.6545519,22.52706735
conditional_1,pv_mean_3d,2025-09-29,560.8003891,343.4178702,38.76290443
conditional_1,pv_mean_3d,2025-09-30,766.7662949,568.9104476,25.80393121
conditional_1,pv_mean_3d,2025-10-01,999.6676831,1275.526924,-27.59509438
conditional_1,pv_mean_3d,2025-10-02,675.2062286,740.2188951,-9.62856439
conditional_1,pv_mean_3d,2025-10-03,616.1478737,618.8679406,-0.4414633202
conditional_1,pv_mean_3d,2025-10-04,439.6568079,521.7068272,-18.66228792
conditional_1,pv_mean_3d,2025-10-05,450.270218,447.2224609,0.6768729162
conditional_1,pv_mean_3d,2025-10-06,381.2070745,371.3760906,2.578909094
conditional_1,pv_mean_3d,2025-10-07,435.9951901,392.8765313,9.889709727
conditional_1,pv_mean_3d,2025-10-08,513.7034707,463.5953365,9.754291541
conditional_1,pv_mean_3d,2025-10-09,523.2620988,464.4787007,11.2340256
conditional_1,pv_mean_3d,2025-10-10,580.5937308,623.5001766,-7.39009803
conditional_1,pv_mean_3d,2025-10-11,501.7784049,486.2834011,3.088017272
conditional_1,pv_mean_3d,2025-10-12,412.9810759,380.6604382,7.826178876
conditional_1,pv_mean_3d,2025-10-13,391.8995878,363.878006,7.150194257
conditional_1,pv_mean_3d,2025-10-14,499.9590058,438.03624,12.38556863
conditional_1,pv_mean_3d,2025-10-15,545.3253926,491.4878805,9.872548176
conditional_1,pv_mean_3d,2025-10-16,665.2491626,586.739783,11.80149995
conditional_1,pv_mean_3d,2025-10-17,509.3466617,441.47597,13.3250489
conditional_1,pv_mean_3d,2025-10-18,470.6868355,344.712824,26.76386972
conditional_1,pv_mean_3d,2025-10-19,676.3221306,560.9999236,17.05137268
conditional_1,pv_mean_3d,2025-10-20,674.9932053,555.1575092,17.75361518
conditional_1,pv_mean_3d,2025-10-21,804.2319137,627.3558365,21.99316816
conditional_1,pv_mean_3d,2025-10-22,731.5119252,518.3339525,29.14210492
conditional_1,pv_mean_3d,2025-10-23,576.3869505,429.9456366,25.40677122
conditional_1,pv_mean_3d,2025-10-24,510.6836876,434.7683621,14.86542988
conditional_1,pv_mean_3d,2025-10-25,488.2458376,430.8387951,11.75781504
conditional_1,pv_mean_3d,2025-10-26,504.9680859,324.1096792,35.8158093
conditional_1,pv_mean_3d,2025-10-27,617.5582921,519.0555029,15.95036298
conditional_1,pv_mean_3d,2025-10-28,579.3248138,399.4667157,31.04615817
conditional_1,pv_mean_3d,2025-10-29,806.3588759,621.8151732,22.88605089
conditional_1,pv_mean_3d,2025-10-30,455.4328239,337.3280972,25.93241429
conditional_1,pv_mean_3d,2025-10-31,739.5206984,664.0409154,10.20658152
conditional_1,pv_mean_3d,2025-11-01,382.5002687,343.6374453,10.16020814
conditional_1,pv_mean_3d,2025-11-02,441.1172546,395.6285912,10.31214783
conditional_1,pv_mean_3d,2025-11-03,524.2918868,475.3272535,9.339193409
conditional_1,pv_mean_3d,2025-11-04,349.80744,339.5384413,2.935614741
conditional_1,pv_mean_3d,2025-11-05,389.7832714,348.308299,10.6405214
conditional_1,pv_mean_3d,2025-11-06,583.4209174,536.0683918,8.116357206
conditional_1,pv_mean_3d,2025-11-07,615.7555188,627.0496384,-1.834188935
conditional_1,pv_mean_3d,2025-11-08,372.6679283,356.1030326,4.444948035
conditional_1,pv_mean_3d,2025-11-09,439.8013503,392.3450322,10.79039845
conditional_1,pv_mean_3d,2025-11-10,583.7934234,522.3037559,10.53277839
conditional_1,pv_mean_3d,2025-11-11,329.4975959,284.0148708,13.80365916
conditional_1,pv_mean_3d,2025-11-12,326.3916359,301.4247304,7.649370495
conditional_1,pv_mean_3d,2025-11-13,443.7971214,409.4418966,7.741200458
conditional_1,pv_mean_3d,2025-11-14,577.5460829,560.7037715,2.916184853
conditional_1,pv_mean_3d,2025-11-15,463.3686616,430.9735697,6.991213396
conditional_1,pv_mean_3d,2025-11-16,521.0219683,472.3938786,9.333212915
conditional_1,pv_mean_3d,2025-11-17,332.4635323,292.088991,12.14405112
conditional_1,pv_mean_3d,2025-11-18,514.919634,463.1627341,10.05145201
conditional_1,pv_mean_3d,2025-11-19,414.9884749,356.4025659,14.11747857
conditional_1,pv_mean_3d,2025-11-20,423.4134161,382.5426422,9.652687506
conditional_1,pv_mean_3d,2025-11-21,413.6970884,375.4273392,9.250669214
conditional_1,pv_mean_3d,2025-11-22,400.690318,362.8264509,9.449658599
conditional_1,pv_mean_3d,2025-11-23,494.8276855,456.5454076,7.736486648
conditional_1,pv_mean_3d,2025-11-24,317.3534371,296.0222899,6.721574346
conditional_1,pv_mean_3d,2025-11-25,413.4357863,366.8870623,11.25899728
conditional_1,pv_mean_3d,2025-11-26,477.0893424,425.2482384,10.86612074
conditional_1,pv_mean_3d,2025-11-27,396.8693779,355.6478262,10.38667985
conditional_1,pv_mean_3d,2025-11-28,432.3071173,380.1084655,12.0744373
conditional_1,pv_mean_3d,2025-11-29,824.1849789,771.8475729,6.350201394
conditional_1,pv_mean_3d,2025-11-30,717.3825813,644.2332713,10.19669447
conditional_1,pv_mean_3d,2025-12-01,751.4919286,528.98209,29.60907897
conditional_1,pv_mean_3d,2025-12-02,769.3581167,498.5009099,35.20560853
conditional_1,pv_mean_3d,2025-12-03,587.5641434,403.6921311,31.29394711
conditional_1,pv_mean_3d,2025-12-04,470.356778,358.4908701,23.7832031
conditional_1,pv_mean_3d,2025-12-05,452.1017845,351.9449062,22.15361269
conditional_1,pv_mean_3d,2025-12-06,485.5061949,420.3461956,13.42104384
conditional_1,pv_mean_3d,2025-12-07,340.2506012,297.8058033,12.47456953
conditional_1,pv_mean_3d,2025-12-08,319.0114911,288.1533487,9.673050404
conditional_1,pv_mean_3d,2025-12-09,317.4065736,305.6383634,3.707613887
conditional_1,pv_mean_3d,2025-12-10,359.1069182,331.6382237,7.64916884
conditional_1,pv_mean_3d,2025-12-11,294.9814297,295.4239608,-0.1500200025
conditional_1,pv_mean_3d,2025-12-12,447.6518997,418.681794,6.471569933
conditional_1,pv_mean_3d,2025-12-13,370.1537085,337.306377,8.87397068
conditional_1,pv_mean_3d,2025-12-14,327.9222299,294.4558619,10.20558075
conditional_1,pv_mean_3d,2025-12-15,386.5861557,346.018977,10.4936967
conditional_1,pv_mean_3d,2025-12-16,338.5640296,303.3176073,10.41056322
conditional_1,pv_mean_3d,2025-12-17,250.4913997,229.8277642,8.249239517
conditional_1,pv_mean_3d,2025-12-18,337.5675563,328.5336054,2.676190501
conditional_1,pv_mean_3d,2025-12-19,329.244294,314.5524123,4.462304134
conditional_1,pv_mean_3d,2025-12-20,283.8927322,271.3071269,4.433225612
conditional_1,pv_mean_3d,2025-12-21,375.0757789,353.5949756,5.72705691
conditional_1,pv_mean_3d,2025-12-22,245.3855622,225.2668213,8.198828273
conditional_1,pv_mean_3d,2025-12-23,233.9332422,226.6085434,3.131106431
conditional_1,pv_mean_3d,2025-12-24,288.1376054,276.3360831,4.095793814
conditional_1,pv_mean_3d,2025-12-25,288.6650831,277.3087561,3.934084073
conditional_1,pv_mean_3d,2025-12-26,343.5894225,326.2074501,5.058937002
conditional_1,pv_mean_3d,2025-12-27,299.6852651,279.1005537,6.868776617
conditional_1,pv_mean_3d,2025-12-28,289.4744267,289.9509243,-0.1646078319
conditional_1,pv_mean_3d,2025-12-29,268.2010422,262.4137168,2.157831036
conditional_1,pv_mean_3d,2025-12-30,290.1705173,294.3611031,-1.444180447
conditional_1,pv_mean_3d,2025-12-31,292.4426064,277.2906157,5.181184381
conditional_1,load_lag_7d,2025-02-01,667.6835969,638.0868942,4.432743723
conditional_1,load_lag_7d,2025-02-02,493.357053,528.7912869,-7.182269655
conditional_1,load_lag_7d,2025-02-03,360.9582711,354.5017334,1.788721377
conditional_1,load_lag_7d,2025-02-04,343.0513732,339.5075022,1.033043826
conditional_1,load_lag_7d,2025-02-05,323.4174877,322.3557555,0.3282853243
conditional_1,load_lag_7d,2025-02-06,299.65959,300.0231247,-0.1213158741
conditional_1,load_lag_7d,2025-02-07,1020.824995,642.1723005,37.09281182
conditional_1,load_lag_7d,2025-02-08,608.4412359,541.9406354,10.92966692
conditional_1,load_lag_7d,2025-02-09,348.0500851,323.5850081,7.029182905
conditional_1,load_lag_7d,2025-02-10,678.4830979,727.089988,-7.16405321
conditional_1,load_lag_7d,2025-02-11,396.6098448,407.4783461,-2.740350868
conditional_1,load_lag_7d,2025-02-12,340.0598239,344.0115621,-1.16207147
conditional_1,load_lag_7d,2025-02-13,603.8825573,615.1497151,-1.865786252
conditional_1,load_lag_7d,2025-02-14,1100.49744,564.9309718,48.66585315
conditional_1,load_lag_7d,2025-02-15,439.7926334,378.8823795,13.84976675
conditional_1,load_lag_7d,2025-02-16,428.4257749,414.2064977,3.318959319
conditional_1,load_lag_7d,2025-02-17,461.4877212,483.7678592,-4.827893992
conditional_1,load_lag_7d,2025-02-18,339.3597877,337.8950902,0.4316060914
conditional_1,load_lag_7d,2025-02-19,362.2425097,360.450318,0.4947491333
conditional_1,load_lag_7d,2025-02-20,395.0357702,400.8844055,-1.480533095
conditional_1,load_lag_7d,2025-02-21,742.8212937,556.5942512,25.07023481
conditional_1,load_lag_7d,2025-02-22,427.1506042,330.2185068,22.69272159
conditional_1,load_lag_7d,2025-02-23,380.1841878,377.1028651,0.8104815531
conditional_1,load_lag_7d,2025-02-24,458.0360016,479.6336121,-4.715264837
conditional_1,load_lag_7d,2025-02-25,635.5989723,682.1297773,-7.320780413
conditional_1,load_lag_7d,2025-02-26,351.3285955,351.3417716,-0.003750351929
conditional_1,load_lag_7d,2025-02-27,489.3572785,501.4208921,-2.465195504
conditional_1,load_lag_7d,2025-02-28,740.7773782,575.6035183,22.29736825
conditional_1,load_lag_7d,2025-03-01,577.5241434,469.7203738,18.66653902
conditional_1,load_lag_7d,2025-03-02,853.1345924,835.272688,2.09367954
conditional_1,load_lag_7d,2025-03-03,512.0479688,481.1846789,6.027421608
conditional_1,load_lag_7d,2025-03-04,371.4010778,360.9217918,2.821555096
conditional_1,load_lag_7d,2025-03-05,475.4348043,493.3945245,-3.777535853
conditional_1,load_lag_7d,2025-03-06,434.3424306,445.8516764,-2.64980921
conditional_1,load_lag_7d,2025-03-07,749.6854074,659.2677696,12.06074401
conditional_1,load_lag_7d,2025-03-08,620.0250527,497.905877,19.69584538
conditional_1,load_lag_7d,2025-03-09,578.5840838,609.5975872,-5.360241377
conditional_1,load_lag_7d,2025-03-10,502.4119229,495.4507755,1.385545821
conditional_1,load_lag_7d,2025-03-11,466.2445761,479.5298252,-2.849416329
conditional_1,load_lag_7d,2025-03-12,490.0736063,513.3956241,-4.758880595
conditional_1,load_lag_7d,2025-03-13,594.4024229,584.8878374,1.600697631
conditional_1,load_lag_7d,2025-03-14,815.2252821,702.9916627,13.76719073
conditional_1,load_lag_7d,2025-03-15,600.336546,573.3862851,4.489192117
conditional_1,load_lag_7d,2025-03-16,484.6842521,486.5082881,-0.3763348902
conditional_1,load_lag_7d,2025-03-17,744.7451323,800.6731473,-7.509685205
conditional_1,load_lag_7d,2025-03-18,433.6560723,439.0993326,-1.255202145
conditional_1,load_lag_7d,2025-03-19,455.17783,470.1576519,-3.290982312
conditional_1,load_lag_7d,2025-03-20,328.6691827,323.9552039,1.434262502
conditional_1,load_lag_7d,2025-03-21,974.8308044,853.6399163,12.43199204
conditional_1,load_lag_7d,2025-03-22,586.0267992,424.2226553,27.61036597
conditional_1,load_lag_7d,2025-03-23,559.710338,583.7424447,-4.293668535
conditional_1,load_lag_7d,2025-03-24,459.3895331,463.7810129,-0.9559381486
conditional_1,load_lag_7d,2025-03-25,430.7022026,417.769734,3.002647417
conditional_1,load_lag_7d,2025-03-26,610.9425624,650.4093465,-6.459982751
conditional_1,load_lag_7d,2025-03-27,398.6239525,398.6160958,0.001970958876
conditional_1,load_lag_7d,2025-03-28,723.4145144,585.7719685,19.02678799
conditional_1,load_lag_7d,2025-03-29,954.0992523,750.6749243,21.32108662
conditional_1,load_lag_7d,2025-03-30,477.9850194,498.234942,-4.236518242
conditional_1,load_lag_7d,2025-03-31,502.6948594,500.0569123,0.5247611079
conditional_1,load_lag_7d,2025-04-01,657.5179007,651.9234253,0.8508476203
conditional_1,load_lag_7d,2025-04-02,604.176753,589.891981,2.36433659
conditional_1,load_lag_7d,2025-04-03,450.1989001,459.0994119,-1.977017672
conditional_1,load_lag_7d,2025-04-04,701.9528267,579.6778333,17.41926078
conditional_1,load_lag_7d,2025-04-05,579.9877718,586.6416944,-1.147252216
conditional_1,load_lag_7d,2025-04-06,417.3116238,427.5230928,-2.446964925
conditional_1,load_lag_7d,2025-04-07,591.6137431,613.6910468,-3.731709058
conditional_1,load_lag_7d,2025-04-08,479.2689105,488.0927637,-1.841106945
conditional_1,load_lag_7d,2025-04-09,454.2978603,446.4146127,1.735259672
conditional_1,load_lag_7d,2025-04-10,492.7799308,500.3399362,-1.534154482
conditional_1,load_lag_7d,2025-04-11,635.6412677,541.1382686,14.86734797
conditional_1,load_lag_7d,2025-04-12,701.8663495,589.9111485,15.95107118
conditional_1,load_lag_7d,2025-04-13,394.9469628,392.8418166,0.5330199861
conditional_1,load_lag_7d,2025-04-14,448.2806882,462.873323,-3.255245025
conditional_1,load_lag_7d,2025-04-15,655.3290877,685.3474776,-4.580658858
conditional_1,load_lag_7d,2025-04-16,388.844029,385.3114381,0.9084853272
conditional_1,load_lag_7d,2025-04-17,382.4691055,384.5953286,-0.5559202257
conditional_1,load_lag_7d,2025-04-18,512.4716228,410.0515813,19.98550493
conditional_1,load_lag_7d,2025-04-19,525.336778,375.6489671,28.49368579
conditional_1,load_lag_7d,2025-04-20,421.4573196,427.0022295,-1.31565158
conditional_1,load_lag_7d,2025-04-21,663.9995408,704.7948643,-6.143878274
conditional_1,load_lag_7d,2025-04-22,413.7404321,412.7500466,0.2393736354
conditional_1,load_lag_7d,2025-04-23,441.02444,446.4087176,-1.22085697
conditional_1,load_lag_7d,2025-04-24,663.8968688,691.1428458,-4.103947206
conditional_1,load_lag_7d,2025-04-25,824.5278447,627.9768991,23.83799975
conditional_1,load_lag_7d,2025-04-26,1081.549486,931.2527333,13.89642868
conditional_1,load_lag_7d,2025-04-27,526.2907304,539.2250343,-2.457634751
conditional_1,load_lag_7d,2025-04-28,767.55095,729.011954,5.021034241
conditional_1,load_lag_7d,2025-04-29,570.2820081,593.6257604,-4.09336993
conditional_1,load_lag_7d,2025-04-30,610.2695611,630.084785,-3.246962524
conditional_1,load_lag_7d,2025-05-01,595.8113624,594.7686006,0.1750154359
conditional_1,load_lag_7d,2025-05-02,1036.103887,1270.341017,-22.60749459
conditional_1,load_lag_7d,2025-05-03,556.1164554,540.7475024,2.763621329
conditional_1,load_lag_7d,2025-05-04,627.6661638,627.3768311,0.04609657826
conditional_1,load_lag_7d,2025-05-05,497.6744195,490.1329995,1.515332045
conditional_1,load_lag_7d,2025-05-06,535.368999,527.1709334,1.531292553
conditional_1,load_lag_7d,2025-05-07,418.2100346,400.4902109,4.237063248
conditional_1,load_lag_7d,2025-05-08,557.6653111,550.369648,1.308251191
conditional_1,load_lag_7d,2025-05-09,1065.200634,403.4420788,62.12524985
conditional_1,load_lag_7d,2025-05-10,682.0697174,603.8777664,11.46392356
conditional_1,load_lag_7d,2025-05-11,518.80441,504.5512269,2.747313413
conditional_1,load_lag_7d,2025-05-12,717.0620236,728.3620131,-1.575873368
conditional_1,load_lag_7d,2025-05-13,388.3053664,381.8721758,1.65673493
conditional_1,load_lag_7d,2025-05-14,396.2163097,393.4516604,0.6977626034
conditional_1,load_lag_7d,2025-05-15,413.7899053,412.3321015,0.3523053148
conditional_1,load_lag_7d,2025-05-16,1028.874447,709.7263185,31.019152
conditional_1,load_lag_7d,2025-05-17,866.1356561,701.4574225,19.01298399
conditional_1,load_lag_7d,2025-05-18,555.3665221,551.4903911,0.6979410728
conditional_1,load_lag_7d,2025-05-19,607.0077562,631.6388312,-4.057785879
conditional_1,load_lag_7d,2025-05-20,597.4619463,588.3071913,1.532274166
conditional_1,load_lag_7d,2025-05-21,560.5965402,562.0714866,-0.2631030118
conditional_1,load_lag_7d,2025-05-22,360.0358539,356.232978,1.056249206
conditional_1,load_lag_7d,2025-05-23,506.1240153,420.7976355,16.85878899
conditional_1,load_lag_7d,2025-05-24,843.3868407,556.4352515,34.02372142
conditional_1,load_lag_7d,2025-05-25,445.1204337,452.404581,-1.636444149
conditional_1,load_lag_7d,2025-05-26,667.1012363,632.1765089,5.23529647
conditional_1,load_lag_7d,2025-05-27,463.7331816,467.9050639,-0.8996298811
conditional_1,load_lag_7d,2025-05-28,611.7176505,605.6860651,0.9860080824
conditional_1,load_lag_7d,2025-05-29,499.9940905,484.3050611,3.137842968
conditional_1,load_lag_7d,2025-05-30,599.9090868,486.5971055,18.88819219
conditional_1,load_lag_7d,2025-05-31,520.7039842,470.3203923,9.676052689
conditional_1,load_lag_7d,2025-06-01,1782.16624,1728.707419,2.999654003
conditional_1,load_lag_7d,2025-06-02,1407.360789,1396.066802,0.8024941015
conditional_1,load_lag_7d,2025-06-03,786.1224225,785.6968709,0.0541329977
conditional_1,load_lag_7d,2025-06-04,902.6089701,902.6217702,-0.001418125278
conditional_1,load_lag_7d,2025-06-05,687.4129615,687.4111682,0.0002608830462
conditional_1,load_lag_7d,2025-06-06,3437.881458,3410.143131,0.8068436082
conditional_1,load_lag_7d,2025-06-07,796.9392475,815.9811864,-2.389384012
conditional_1,load_lag_7d,2025-06-08,878.2160065,895.7025023,-1.991138357
conditional_1,load_lag_7d,2025-06-09,840.2863966,851.9515683,-1.388237603
conditional_1,load_lag_7d,2025-06-10,589.0058668,593.0395497,-0.6848289941
conditional_1,load_lag_7d,2025-06-11,867.2242944,868.4694855,-0.1435835106
conditional_1,load_lag_7d,2025-06-12,495.7147326,495.481047,0.04714115507
conditional_1,load_lag_7d,2025-06-13,1747.68026,761.6634863,56.4186022
conditional_1,load_lag_7d,2025-06-14,1231.801399,801.6702728,34.91886973
conditional_1,load_lag_7d,2025-06-15,526.3725563,490.8633327,6.746024863
conditional_1,load_lag_7d,2025-06-16,430.50452,407.7280328,5.290649966
conditional_1,load_lag_7d,2025-06-17,629.160557,611.7584941,2.765917652
conditional_1,load_lag_7d,2025-06-18,412.2753896,410.2717736,0.4859897056
conditional_1,load_lag_7d,2025-06-19,565.0760021,576.3235008,-1.990439989
conditional_1,load_lag_7d,2025-06-20,1344.771338,628.0918651,53.2937796
conditional_1,load_lag_7d,2025-06-21,1451.895047,960.6775857,33.83284918
conditional_1,load_lag_7d,2025-06-22,518.7177113,518.53349,0.03551475579
conditional_1,load_lag_7d,2025-06-23,483.1617913,484.5265192,-0.2824577393
conditional_1,load_lag_7d,2025-06-24,823.3780897,802.134886,2.580005954
conditional_1,load_lag_7d,2025-06-25,549.2366421,541.148956,1.472532152
conditional_1,load_lag_7d,2025-06-26,575.5142323,584.6913099,-1.594587435
conditional_1,load_lag_7d,2025-06-27,1031.922196,632.561922,38.7006187
conditional_1,load_lag_7d,2025-06-28,843.4827271,586.5514628,30.46076179
conditional_1,load_lag_7d,2025-06-29,522.0448559,507.0844607,2.865729845
conditional_1,load_lag_7d,2025-06-30,504.1705716,488.0728727,3.192907288
conditional_1,load_lag_7d,2025-07-01,779.0650621,774.3307555,0.607690791
conditional_1,load_lag_7d,2025-07-02,938.0065609,952.2040278,-1.51357863
conditional_1,load_lag_7d,2025-07-03,764.7935367,758.3644457,0.8406309293
conditional_1,load_lag_7d,2025-07-04,1253.637145,909.3820622,27.46050438
conditional_1,load_lag_7d,2025-07-05,746.3129962,764.7919982,-2.476039152
conditional_1,load_lag_7d,2025-07-06,728.5670523,678.7455636,6.838284615
conditional_1,load_lag_7d,2025-07-07,716.4790118,745.8072987,-4.093390928
conditional_1,load_lag_7d,2025-07-08,723.7961698,730.8652431,-0.9766663058
conditional_1,load_lag_7d,2025-07-09,526.3277874,533.9265249,-1.443727202
conditional_1,load_lag_7d,2025-07-10,538.9206116,534.6771528,0.787399617
conditional_1,load_lag_7d,2025-07-11,964.01926,841.9286548,12.6647475
conditional_1,load_lag_7d,2025-07-12,662.7554723,522.3766241,21.18109229
conditional_1,load_lag_7d,2025-07-13,784.7055615,781.3116135,0.4325122843
conditional_1,load_lag_7d,2025-07-14,497.1692886,491.951227,1.049554285
conditional_1,load_lag_7d,2025-07-15,639.2801439,654.0650469,-2.312742405
conditional_1,load_lag_7d,2025-07-16,546.0641951,546.6351136,-0.1045515374
conditional_1,load_lag_7d,2025-07-17,503.9671495,497.6701678,1.249482554
conditional_1,load_lag_7d,2025-07-18,771.5673833,481.0902575,37.64766786
conditional_1,load_lag_7d,2025-07-19,833.4896479,591.9912039,28.97437834
conditional_1,load_lag_7d,2025-07-20,457.8611529,440.0952023,3.88020485
conditional_1,load_lag_7d,2025-07-21,464.2761887,445.0752566,4.135670235
conditional_1,load_lag_7d,2025-07-22,482.2127602,475.3864864,1.41561449
conditional_1,load_lag_7d,2025-07-23,461.7684838,446.3322578,3.342849623
conditional_1,load_lag_7d,2025-07-24,520.1093028,513.250193,1.318782365
conditional_1,load_lag_7d,2025-07-25,831.1982331,495.0107662,40.44612386
conditional_1,load_lag_7d,2025-07-26,639.7269097,511.0160941,20.11965006
conditional_1,load_lag_7d,2025-07-27,464.6468452,449.7685734,3.202060229
conditional_1,load_lag_7d,2025-07-28,585.2990785,571.3577528,2.381914866
conditional_1,load_lag_7d,2025-07-29,539.8539048,535.1385548,0.8734492615
conditional_1,load_lag_7d,2025-07-30,512.6364425,501.6181943,2.14932986
conditional_1,load_lag_7d,2025-07-31,387.0873828,375.527697,2.986324621
conditional_1,load_lag_7d,2025-08-01,1000.718786,821.458349,17.91316797
conditional_1,load_lag_7d,2025-08-02,962.8167624,818.9958493,14.93751653
conditional_1,load_lag_7d,2025-08-03,1071.054596,1150.508177,-7.418256912
conditional_1,load_lag_7d,2025-08-04,472.7497206,475.6990349,-0.6238637749
conditional_1,load_lag_7d,2025-08-05,627.4479017,628.5689596,-0.1786694853
conditional_1,load_lag_7d,2025-08-06,886.7852871,886.9774398,-0.02166845701
conditional_1,load_lag_7d,2025-08-07,695.0807993,695.5027188,-0.06070079231
conditional_1,load_lag_7d,2025-08-08,4043.547284,2729.784758,32.49034656
conditional_1,load_lag_7d,2025-08-09,901.199169,946.5104109,-5.027883228
conditional_1,load_lag_7d,2025-08-10,776.328978,663.6498994,14.51434659
conditional_1,load_lag_7d,2025-08-11,581.0911522,580.0718467,0.1754123272
conditional_1,load_lag_7d,2025-08-12,581.9181067,560.3749569,3.702093045
conditional_1,load_lag_7d,2025-08-13,509.2338949,506.5571366,0.5256441633
conditional_1,load_lag_7d,2025-08-14,521.3794142,517.6768524,0.7101472998
conditional_1,load_lag_7d,2025-08-15,571.7919533,503.1667456,12.0017792
conditional_1,load_lag_7d,2025-08-16,632.5980941,553.1198094,12.56378819
conditional_1,load_lag_7d,2025-08-17,527.6785678,538.0727791,-1.969799786
conditional_1,load_lag_7d,2025-08-18,510.7451613,508.4192141,0.4554026861
conditional_1,load_lag_7d,2025-08-19,379.6250329,378.3890111,0.3255901725
conditional_1,load_lag_7d,2025-08-20,733.8150434,719.7166967,1.921239803
conditional_1,load_lag_7d,2025-08-21,454.5832918,450.8637091,0.8182400718
conditional_1,load_lag_7d,2025-08-22,562.2136131,540.6491755,3.835630635
conditional_1,load_lag_7d,2025-08-23,580.7231376,580.9876478,-0.04554842064
conditional_1,load_lag_7d,2025-08-24,657.103194,666.5563484,-1.438610329
conditional_1,load_lag_7d,2025-08-25,624.609388,592.9244467,5.072760985
conditional_1,load_lag_7d,2025-08-26,475.4726048,463.7515909,2.465129174
conditional_1,load_lag_7d,2025-08-27,487.8405688,479.0054709,1.811062555
conditional_1,load_lag_7d,2025-08-28,714.1024927,699.0709207,2.104960024
conditional_1,load_lag_7d,2025-08-29,628.1978557,531.6734744,15.36528348
conditional_1,load_lag_7d,2025-08-30,881.4176335,736.2106682,16.47425235
conditional_1,load_lag_7d,2025-08-31,474.5792389,453.9691903,4.342804516
conditional_1,load_lag_7d,2025-09-01,997.7494446,1037.723855,-4.006457819
conditional_1,load_lag_7d,2025-09-02,894.5033988,935.629938,-4.597695123
conditional_1,load_lag_7d,2025-09-03,670.7489184,688.4969223,-2.645998147
conditional_1,load_lag_7d,2025-09-04,700.1383125,711.8671387,-1.675215588
conditional_1,load_lag_7d,2025-09-05,1490.07544,1101.886035,26.05166118
conditional_1,load_lag_7d,2025-09-06,908.558436,930.6294158,-2.429230629
conditional_1,load_lag_7d,2025-09-07,881.5539547,587.0308943,33.40953311
conditional_1,load_lag_7d,2025-09-08,1067.464345,869.2230173,18.57123643
conditional_1,load_lag_7d,2025-09-09,726.4363167,715.1021217,1.560246203
conditional_1,load_lag_7d,2025-09-10,809.1688936,759.6978365,6.113811039
conditional_1,load_lag_7d,2025-09-11,617.6208292,635.612382,-2.913041782
conditional_1,load_lag_7d,2025-09-12,609.8166704,555.1045015,8.971904427
conditional_1,load_lag_7d,2025-09-13,755.7109536,701.8512609,7.127022895
conditional_1,load_lag_7d,2025-09-14,595.2172568,512.2900282,13.93226216
conditional_1,load_lag_7d,2025-09-15,564.5932253,559.8715309,0.8363002307
conditional_1,load_lag_7d,2025-09-16,515.7197727,464.2825444,9.97387168
conditional_1,load_lag_7d,2025-09-17,539.2010737,522.8333982,3.035542092
conditional_1,load_lag_7d,2025-09-18,442.362283,412.1476124,6.830299912
conditional_1,load_lag_7d,2025-09-19,774.1017077,777.0883388,-0.3858189484
conditional_1,load_lag_7d,2025-09-20,585.9307491,578.2182391,1.316283528
conditional_1,load_lag_7d,2025-09-21,508.7517187,491.5010776,3.390777936
conditional_1,load_lag_7d,2025-09-22,425.4565824,376.3678239,11.53790083
conditional_1,load_lag_7d,2025-09-23,513.8311084,485.9122385,5.433472096
conditional_1,load_lag_7d,2025-09-24,444.5316516,426.3272206,4.095193447
conditional_1,load_lag_7d,2025-09-25,359.489438,347.5979136,3.307892588
conditional_1,load_lag_7d,2025-09-26,761.5820704,576.9762813,24.23977615
conditional_1,load_lag_7d,2025-09-27,751.2618794,640.954455,14.68295244
conditional_1,load_lag_7d,2025-09-28,551.7333321,509.6545519,7.626651808
conditional_1,load_lag_7d,2025-09-29,369.4887687,343.4178702,7.055938023
conditional_1,load_lag_7d,2025-09-30,589.3182078,568.9104476,3.462944114
conditional_1,load_lag_7d,2025-10-01,1220.960935,1275.526924,-4.469101972
conditional_1,load_lag_7d,2025-10-02,710.4390549,740.2188951,-4.191751568
conditional_1,load_lag_7d,2025-10-03,932.4140509,618.8679406,33.62734721
conditional_1,load_lag_7d,2025-10-04,643.47662,521.7068272,18.92373227
conditional_1,load_lag_7d,2025-10-05,442.200533,447.2224609,-1.135667539
conditional_1,load_lag_7d,2025-10-06,379.2198422,371.3760906,2.068391656
conditional_1,load_lag_7d,2025-10-07,396.4735861,392.8765313,0.9072621376
conditional_1,load_lag_7d,2025-10-08,475.5710919,463.5953365,2.518184062
conditional_1,load_lag_7d,2025-10-09,467.2015976,464.4787007,0.5828098543
conditional_1,load_lag_7d,2025-10-10,719.3453683,623.5001766,13.32394645
conditional_1,load_lag_7d,2025-10-11,580.3551904,486.2834011,16.20934746
conditional_1,load_lag_7d,2025-10-12,407.3689042,380.6604382,6.55633401
conditional_1,load_lag_7d,2025-10-13,371.275811,363.878006,1.992536208
conditional_1,load_lag_7d,2025-10-14,453.2888884,438.03624,3.364884681
conditional_1,load_lag_7d,2025-10-15,509.5562351,491.4878805,3.545900008
conditional_1,load_lag_7d,2025-10-16,602.5009615,586.739783,2.615959054
conditional_1,load_lag_7d,2025-10-17,545.545118,441.47597,19.07617621
conditional_1,load_lag_7d,2025-10-18,493.107102,344.712824,30.09372149
conditional_1,load_lag_7d,2025-10-19,589.5641429,560.9999236,4.84497227
conditional_1,load_lag_7d,2025-10-20,584.4022692,555.1575092,5.004217394
conditional_1,load_lag_7d,2025-10-21,643.6991839,627.3558365,2.538972831
conditional_1,load_lag_7d,2025-10-22,527.8219841,518.3339525,1.797581752
conditional_1,load_lag_7d,2025-10-23,432.2679782,429.9456366,0.5372458113
conditional_1,load_lag_7d,2025-10-24,825.3635444,434.7683621,47.32401679
conditional_1,load_lag_7d,2025-10-25,555.6106941,430.8387951,22.456713
conditional_1,load_lag_7d,2025-10-26,341.4267515,324.1096792,5.071972872
conditional_1,load_lag_7d,2025-10-27,522.9261982,519.0555029,0.7401991623
conditional_1,load_lag_7d,2025-10-28,409.1440192,399.4667157,2.365256009
conditional_1,load_lag_7d,2025-10-29,632.9336813,621.8151732,1.756662429
conditional_1,load_lag_7d,2025-10-30,342.6629333,337.3280972,1.556875763
conditional_1,load_lag_7d,2025-10-31,700.4601781,664.0409154,5.199333779
conditional_1,load_lag_7d,2025-11-01,440.2517466,343.6374453,21.94523975
conditional_1,load_lag_7d,2025-11-02,422.8688578,395.6285912,6.441776475
conditional_1,load_lag_7d,2025-11-03,496.5697827,475.3272535,4.277853787
conditional_1,load_lag_7d,2025-11-04,346.6898744,339.5384413,2.062775301
conditional_1,load_lag_7d,2025-11-05,354.6816083,348.308299,1.796910003
conditional_1,load_lag_7d,2025-11-06,545.2050403,536.0683918,1.675818801
conditional_1,load_lag_7d,2025-11-07,951.9236632,627.0496384,34.12815937
conditional_1,load_lag_7d,2025-11-08,519.4920991,356.1030326,31.45169422
conditional_1,load_lag_7d,2025-11-09,410.8727478,392.3450322,4.509356164
conditional_1,load_lag_7d,2025-11-10,539.1379588,522.3037559,3.122429546
conditional_1,load_lag_7d,2025-11-11,299.2634411,284.0148708,5.095366876
conditional_1,load_lag_7d,2025-11-12,308.3219653,301.4247304,2.237023537
conditional_1,load_lag_7d,2025-11-13,414.7422458,409.4418966,1.277986336
conditional_1,load_lag_7d,2025-11-14,651.760398,560.7037715,13.97087438
conditional_1,load_lag_7d,2025-11-15,513.2519643,430.9735697,16.03079976
conditional_1,load_lag_7d,2025-11-16,487.0805226,472.3938786,3.015239437
conditional_1,load_lag_7d,2025-11-17,300.1049956,292.088991,2.671066685
conditional_1,load_lag_7d,2025-11-18,473.8368811,463.1627341,2.252704979
conditional_1,load_lag_7d,2025-11-19,368.4631853,356.4025659,3.273222362
conditional_1,load_lag_7d,2025-11-20,389.300768,382.5426422,1.735965181
conditional_1,load_lag_7d,2025-11-21,659.1214764,375.4273392,43.04125224
conditional_1,load_lag_7d,2025-11-22,536.8420996,362.8264509,32.41467999
conditional_1,load_lag_7d,2025-11-23,465.9783389,456.5454076,2.024328275
conditional_1,load_lag_7d,2025-11-24,306.4762186,296.0222899,3.411008142
conditional_1,load_lag_7d,2025-11-25,377.4638698,366.8870623,2.802071483
conditional_1,load_lag_7d,2025-11-26,434.5954584,425.2482384,2.150786395
conditional_1,load_lag_7d,2025-11-27,363.4243176,355.6478262,2.139782915
conditional_1,load_lag_7d,2025-11-28,596.4557742,380.1084655,36.27214591
conditional_1,load_lag_7d,2025-11-29,781.1364636,771.8475729,1.189150831
conditional_1,load_lag_7d,2025-11-30,661.337884,644.2332713,2.58636518
conditional_1,load_lag_7d,2025-12-01,592.8818389,528.98209,10.77782194
conditional_1,load_lag_7d,2025-12-02,560.1431125,498.5009099,11.00472382
conditional_1,load_lag_7d,2025-12-03,453.416019,403.6921311,10.96650444
conditional_1,load_lag_7d,2025-12-04,411.5726513,358.4908701,12.89730525
conditional_1,load_lag_7d,2025-12-05,437.472488,351.9449062,19.55039098
conditional_1,load_lag_7d,2025-12-06,489.9389557,420.3461956,14.20437369
conditional_1,load_lag_7d,2025-12-07,345.5536937,297.8058033,13.81779191
conditional_1,load_lag_7d,2025-12-08,310.7407937,288.1533487,7.268902387
conditional_1,load_lag_7d,2025-12-09,317.1490268,305.6383634,3.629417865
conditional_1,load_lag_7d,2025-12-10,348.3821922,331.6382237,4.806206776
conditional_1,load_lag_7d,2025-12-11,302.2236013,295.4239608,2.249870775
conditional_1,load_lag_7d,2025-12-12,634.099121,418.681794,33.97218509
conditional_1,load_lag_7d,2025-12-13,601.3190494,337.306377,43.90558933
conditional_1,load_lag_7d,2025-12-14,317.0543169,294.4558619,7.127628857
conditional_1,load_lag_7d,2025-12-15,366.7939524,346.018977,5.663936181
conditional_1,load_lag_7d,2025-12-16,324.6033004,303.3176073,6.557448164
conditional_1,load_lag_7d,2025-12-17,243.5414345,229.8277642,5.630939285
conditional_1,load_lag_7d,2025-12-18,338.9602059,328.5336054,3.076054463
conditional_1,load_lag_7d,2025-12-19,631.3876177,314.5524123,50.18077589
conditional_1,load_lag_7d,2025-12-20,563.6828209,271.3071269,51.86883176
conditional_1,load_lag_7d,2025-12-21,370.687417,353.5949756,4.611012039
conditional_1,load_lag_7d,2025-12-22,241.7256049,225.2668213,6.80887059
conditional_1,load_lag_7d,2025-12-23,236.2926557,226.6085434,4.0983552
conditional_1,load_lag_7d,2025-12-24,287.8091702,276.3360831,3.986352165
conditional_1,load_lag_7d,2025-12-25,290.0608274,277.3087561,4.396343848
conditional_1,load_lag_7d,2025-12-26,590.0913256,326.2074501,44.71915856
conditional_1,load_lag_7d,2025-12-27,512.7995665,279.1005537,45.57316894
conditional_1,load_lag_7d,2025-12-28,296.1206058,289.9509243,2.083502926
conditional_1,load_lag_7d,2025-12-29,271.4575538,262.4137168,3.331584176
conditional_1,load_lag_7d,2025-12-30,299.3758196,294.3611031,1.675057295
conditional_1,load_lag_7d,2025-12-31,293.510517,277.2906157,5.526173789
conditional_1,net_mean_7d,2025-02-01,567.556893,638.0868942,-12.42694821
conditional_1,net_mean_7d,2025-02-02,587.9256677,528.7912869,10.05813898
conditional_1,net_mean_7d,2025-02-03,399.3193234,354.5017334,11.22349643
conditional_1,net_mean_7d,2025-02-04,313.1318855,339.5075022,-8.423165406
conditional_1,net_mean_7d,2025-02-05,338.657167,322.3557555,4.813543907
conditional_1,net_mean_7d,2025-02-06,353.3227771,300.0231247,15.08525797
conditional_1,net_mean_7d,2025-02-07,678.6178308,642.1723005,5.370553001
conditional_1,net_mean_7d,2025-02-08,508.1073611,541.9406354,-6.658686126
conditional_1,net_mean_7d,2025-02-09,346.1204364,323.5850081,6.510863263
conditional_1,net_mean_7d,2025-02-10,746.894419,727.089988,2.651570352
conditional_1,net_mean_7d,2025-02-11,461.8667152,407.4783461,11.77577151
conditional_1,net_mean_7d,2025-02-12,407.0516223,344.0115621,15.48699397
conditional_1,net_mean_7d,2025-02-13,682.8361826,615.1497151,9.912548465
conditional_1,net_mean_7d,2025-02-14,563.5453616,564.9309718,-0.2458737629
conditional_1,net_mean_7d,2025-02-15,369.9835696,378.8823795,-2.405190563
conditional_1,net_mean_7d,2025-02-16,390.0534878,414.2064977,-6.192230201
conditional_1,net_mean_7d,2025-02-17,603.0732347,483.7678592,19.78290009
conditional_1,net_mean_7d,2025-02-18,397.8117336,337.8950902,15.0615576
conditional_1,net_mean_7d,2025-02-19,387.2859181,360.450318,6.929144307
conditional_1,net_mean_7d,2025-02-20,428.9486707,400.8844055,6.542569575
conditional_1,net_mean_7d,2025-02-21,568.2627051,556.5942512,2.053355584
conditional_1,net_mean_7d,2025-02-22,331.8983345,330.2185068,0.5061271815
conditional_1,net_mean_7d,2025-02-23,411.3412811,377.1028651,8.323603202
conditional_1,net_mean_7d,2025-02-24,549.5788618,479.6336121,12.72706331
conditional_1,net_mean_7d,2025-02-25,755.0818397,682.1297773,9.661477543
conditional_1,net_mean_7d,2025-02-26,379.7033356,351.3417716,7.469400814
conditional_1,net_mean_7d,2025-02-27,527.0273587,501.4208921,4.858659825
conditional_1,net_mean_7d,2025-02-28,594.8214186,575.6035183,3.230868925
conditional_1,net_mean_7d,2025-03-01,449.369461,469.7203738,-4.528770784
conditional_1,net_mean_7d,2025-03-02,753.4744884,835.272688,-10.85613393
conditional_1,net_mean_7d,2025-03-03,438.5829058,481.1846789,-9.713505121
conditional_1,net_mean_7d,2025-03-04,420.8603064,360.9217918,14.24190253
conditional_1,net_mean_7d,2025-03-05,594.7207893,493.3945245,17.03761945
conditional_1,net_mean_7d,2025-03-06,506.6007775,445.8516764,11.9915136
conditional_1,net_mean_7d,2025-03-07,696.5053841,659.2677696,5.346349843
conditional_1,net_mean_7d,2025-03-08,552.9092633,497.905877,9.947995063
conditional_1,net_mean_7d,2025-03-09,642.907077,609.5975872,5.181073739
conditional_1,net_mean_7d,2025-03-10,497.5448897,495.4507755,0.4208894866
conditional_1,net_mean_7d,2025-03-11,514.409877,479.5298252,6.780595278
conditional_1,net_mean_7d,2025-03-12,567.118065,513.3956241,9.472884789
conditional_1,net_mean_7d,2025-03-13,591.7722197,584.8878374,1.163350022
conditional_1,net_mean_7d,2025-03-14,767.6946718,702.9916627,8.428221725
conditional_1,net_mean_7d,2025-03-15,549.1554642,573.3862851,-4.412379088
conditional_1,net_mean_7d,2025-03-16,522.3585142,486.5082881,6.863145745
conditional_1,net_mean_7d,2025-03-17,858.2321528,800.6731473,6.706694143
conditional_1,net_mean_7d,2025-03-18,466.0360244,439.0993326,5.779959136
conditional_1,net_mean_7d,2025-03-19,512.7290998,470.1576519,8.302912387
conditional_1,net_mean_7d,2025-03-20,344.6116321,323.9552039,5.994118098
conditional_1,net_mean_7d,2025-03-21,931.0559744,853.6399163,8.314866147
conditional_1,net_mean_7d,2025-03-22,458.2972987,424.2226553,7.4350522
conditional_1,net_mean_7d,2025-03-23,641.522637,583.7424447,9.006726971
conditional_1,net_mean_7d,2025-03-24,512.9279756,463.7810129,9.581649871
conditional_1,net_mean_7d,2025-03-25,444.7321409,417.769734,6.062617114
conditional_1,net_mean_7d,2025-03-26,709.2499866,650.4093465,8.296177826
conditional_1,net_mean_7d,2025-03-27,431.8466391,398.6160958,7.694987134
conditional_1,net_mean_7d,2025-03-28,689.2168187,585.7719685,15.00904322
conditional_1,net_mean_7d,2025-03-29,856.764326,750.6749243,12.38256525
conditional_1,net_mean_7d,2025-03-30,553.3410185,498.234942,9.958791171
conditional_1,net_mean_7d,2025-03-31,511.6869499,500.0569123,2.272881413
conditional_1,net_mean_7d,2025-04-01,610.7029735,651.9234253,-6.749672675
conditional_1,net_mean_7d,2025-04-02,559.9814591,589.891981,-5.341341466
conditional_1,net_mean_7d,2025-04-03,506.2464673,459.0994119,9.313063581
conditional_1,net_mean_7d,2025-04-04,710.6957586,579.6778333,18.43516354
conditional_1,net_mean_7d,2025-04-05,504.859274,586.6416944,-16.19905281
conditional_1,net_mean_7d,2025-04-06,443.458595,427.5230928,3.593458854
conditional_1,net_mean_7d,2025-04-07,636.0963724,613.6910468,3.522316203
conditional_1,net_mean_7d,2025-04-08,505.2412147,488.0927637,3.394111654
conditional_1,net_mean_7d,2025-04-09,426.7899523,446.4146127,-4.598201138
conditional_1,net_mean_7d,2025-04-10,517.3646349,500.3399362,3.290657608
conditional_1,net_mean_7d,2025-04-11,609.8779234,541.1382686,11.27105151
conditional_1,net_mean_7d,2025-04-12,571.9839161,589.9111485,-3.134219665
conditional_1,net_mean_7d,2025-04-13,400.9996363,392.8418166,2.034370842
conditional_1,net_mean_7d,2025-04-14,487.1902994,462.873323,4.991268593
conditional_1,net_mean_7d,2025-04-15,714.6910084,685.3474776,4.105764646
conditional_1,net_mean_7d,2025-04-16,389.4530111,385.3114381,1.063433306
conditional_1,net_mean_7d,2025-04-17,404.2941289,384.5953286,4.87239336
conditional_1,net_mean_7d,2025-04-18,438.7932278,410.0515813,6.550157257
conditional_1,net_mean_7d,2025-04-19,391.4967524,375.6489671,4.047999163
conditional_1,net_mean_7d,2025-04-20,447.9652806,427.0022295,4.679615134
conditional_1,net_mean_7d,2025-04-21,743.1424841,704.7948643,5.160197486
conditional_1,net_mean_7d,2025-04-22,432.8204266,412.7500466,4.637114787
conditional_1,net_mean_7d,2025-04-23,474.1505725,446.4087176,5.8508534
conditional_1,net_mean_7d,2025-04-24,732.9314319,691.1428458,5.701568282
conditional_1,net_mean_7d,2025-04-25,653.6068646,627.9768991,3.921312159
conditional_1,net_mean_7d,2025-04-26,945.051656,931.2527333,1.460123645
conditional_1,net_mean_7d,2025-04-27,562.4104892,539.2250343,4.12251467
conditional_1,net_mean_7d,2025-04-28,673.6558959,729.011954,-8.217260239
conditional_1,net_mean_7d,2025-04-29,649.2350201,593.6257604,8.56535122
conditional_1,net_mean_7d,2025-04-30,696.9980882,630.084785,9.600213311
conditional_1,net_mean_7d,2025-05-01,595.3536517,594.7686006,0.09826950834
conditional_1,net_mean_7d,2025-05-02,1120.910378,1270.341017,-13.33118523
conditional_1,net_mean_7d,2025-05-03,524.4444113,540.7475024,-3.108640448
conditional_1,net_mean_7d,2025-05-04,623.2226154,627.3768311,-0.6665701175
conditional_1,net_mean_7d,2025-05-05,485.7613788,490.1329995,-0.8999522986
conditional_1,net_mean_7d,2025-05-06,524.8054926,527.1709334,-0.4507271325
conditional_1,net_mean_7d,2025-05-07,400.8925721,400.4902109,0.1003663429
conditional_1,net_mean_7d,2025-05-08,559.8866483,550.369648,1.699808404
conditional_1,net_mean_7d,2025-05-09,412.1844852,403.4420788,2.120993572
conditional_1,net_mean_7d,2025-05-10,583.3548732,603.8777664,-3.518080351
conditional_1,net_mean_7d,2025-05-11,511.9636305,504.5512269,1.447837933
conditional_1,net_mean_7d,2025-05-12,683.2777157,728.3620131,-6.598239093
conditional_1,net_mean_7d,2025-05-13,385.3422457,381.8721758,0.9005163383
conditional_1,net_mean_7d,2025-05-14,397.0598227,393.4516604,0.9087200481
conditional_1,net_mean_7d,2025-05-15,415.9169055,412.3321015,0.8619038889
conditional_1,net_mean_7d,2025-05-16,638.7885166,709.7263185,-11.10505278
conditional_1,net_mean_7d,2025-05-17,678.8131704,701.4574225,-3.33585927
conditional_1,net_mean_7d,2025-05-18,551.7968144,551.4903911,0.05553190442
conditional_1,net_mean_7d,2025-05-19,621.9842186,631.6388312,-1.552227914
conditional_1,net_mean_7d,2025-05-20,572.7679392,588.3071913,-2.713010119
conditional_1,net_mean_7d,2025-05-21,555.2720065,562.0714866,-1.224531403
conditional_1,net_mean_7d,2025-05-22,358.9259406,356.232978,0.7502836397
conditional_1,net_mean_7d,2025-05-23,425.6235637,420.7976355,1.133848931
conditional_1,net_mean_7d,2025-05-24,565.9078394,556.4352515,1.673874648
conditional_1,net_mean_7d,2025-05-25,467.8922592,452.404581,3.310094975
conditional_1,net_mean_7d,2025-05-26,599.1983144,632.1765089,-5.503719502
conditional_1,net_mean_7d,2025-05-27,477.7063261,467.9050639,2.051733809
conditional_1,net_mean_7d,2025-05-28,606.4409567,605.6860651,0.1244789981
conditional_1,net_mean_7d,2025-05-29,473.4331143,484.3050611,-2.296406086
conditional_1,net_mean_7d,2025-05-30,478.3271132,486.5971055,-1.728940732
conditional_1,net_mean_7d,2025-05-31,461.8319014,470.3203923,-1.838004464
conditional_1,net_mean_7d,2025-06-01,1724.830127,1728.707419,-0.2247926887
conditional_1,net_mean_7d,2025-06-02,1332.92787,1396.066802,-4.736860398
conditional_1,net_mean_7d,2025-06-03,777.2286766,785.6968709,-1.089537031
conditional_1,net_mean_7d,2025-06-04,821.2745456,902.6217702,-9.904997674
conditional_1,net_mean_7d,2025-06-05,538.9062972,687.4111682,-27.55671474
conditional_1,net_mean_7d,2025-06-06,1400.421877,3410.143131,-143.5082733
conditional_1,net_mean_7d,2025-06-07,791.5233933,815.9811864,-3.089964656
conditional_1,net_mean_7d,2025-06-08,735.5928774,895.7025023,-21.76606514
conditional_1,net_mean_7d,2025-06-09,554.2545322,851.9515683,-53.71124976
conditional_1,net_mean_7d,2025-06-10,550.6312804,593.0395497,-7.701754483
conditional_1,net_mean_7d,2025-06-11,970.8329773,868.4694855,10.54388286
conditional_1,net_mean_7d,2025-06-12,502.1692835,495.481047,1.331868906
conditional_1,net_mean_7d,2025-06-13,782.9994271,761.6634863,2.724898648
conditional_1,net_mean_7d,2025-06-14,792.7716022,801.6702728,-1.122475959
conditional_1,net_mean_7d,2025-06-15,497.0056749,490.8633327,1.235869632
conditional_1,net_mean_7d,2025-06-16,446.4506896,407.7280328,8.673445416
conditional_1,net_mean_7d,2025-06-17,689.3043964,611.7584941,11.24987781
conditional_1,net_mean_7d,2025-06-18,412.1553204,410.2717736,0.4569992583
conditional_1,net_mean_7d,2025-06-19,527.859432,576.3235008,-9.181245201
conditional_1,net_mean_7d,2025-06-20,625.9014269,628.0918651,-0.3499653538
conditional_1,net_mean_7d,2025-06-21,823.0630594,960.6775857,-16.7198035
conditional_1,net_mean_7d,2025-06-22,585.8396012,518.53349,11.4888292
conditional_1,net_mean_7d,2025-06-23,507.1138177,484.5265192,4.454088547
conditional_1,net_mean_7d,2025-06-24,957.0114457,802.134886,16.18335501
conditional_1,net_mean_7d,2025-06-25,551.6198099,541.148956,1.898201214
conditional_1,net_mean_7d,2025-06-26,552.9610025,584.6913099,-5.738254099
conditional_1,net_mean_7d,2025-06-27,600.453107,632.561922,-5.347430904
conditional_1,net_mean_7d,2025-06-28,572.9429074,586.5514628,-2.375202697
conditional_1,net_mean_7d,2025-06-29,539.5447439,507.0844607,6.016235648
conditional_1,net_mean_7d,2025-06-30,510.421813,488.0728727,4.37852374
conditional_1,net_mean_7d,2025-07-01,768.7723058,774.3307555,-0.7230293764
conditional_1,net_mean_7d,2025-07-02,936.2071035,952.2040278,-1.708695033
conditional_1,net_mean_7d,2025-07-03,765.1334038,758.3644457,0.8846768562
conditional_1,net_mean_7d,2025-07-04,1029.66951,909.3820622,11.68214141
conditional_1,net_mean_7d,2025-07-05,731.1204075,764.7919982,-4.605478154
conditional_1,net_mean_7d,2025-07-06,722.0559349,678.7455636,5.998201691
conditional_1,net_mean_7d,2025-07-07,710.8012311,745.8072987,-4.924874366
conditional_1,net_mean_7d,2025-07-08,776.3936753,730.8652431,5.864091063
conditional_1,net_mean_7d,2025-07-09,562.4513083,533.9265249,5.07151161
conditional_1,net_mean_7d,2025-07-10,556.9655528,534.6771528,4.00175557
conditional_1,net_mean_7d,2025-07-11,1006.160094,841.9286548,16.32259523
conditional_1,net_mean_7d,2025-07-12,716.7796145,522.3766241,27.12172424
conditional_1,net_mean_7d,2025-07-13,850.8471771,781.3116135,8.172509174
conditional_1,net_mean_7d,2025-07-14,520.3937965,491.951227,5.465585807
conditional_1,net_mean_7d,2025-07-15,640.6795349,654.0650469,-2.089267927
conditional_1,net_mean_7d,2025-07-16,554.56076,546.6351136,1.429175488
conditional_1,net_mean_7d,2025-07-17,503.1617104,497.6701678,1.091407088
conditional_1,net_mean_7d,2025-07-18,616.9623511,481.0902575,22.02275282
conditional_1,net_mean_7d,2025-07-19,761.7176584,591.9912039,22.28206904
conditional_1,net_mean_7d,2025-07-20,449.9762659,440.0952023,2.195907746
conditional_1,net_mean_7d,2025-07-21,452.9073127,445.0752566,1.729284533
conditional_1,net_mean_7d,2025-07-22,479.9167353,475.3864864,0.9439655867
conditional_1,net_mean_7d,2025-07-23,457.5266138,446.3322578,2.44671144
conditional_1,net_mean_7d,2025-07-24,524.2396934,513.250193,2.096274003
conditional_1,net_mean_7d,2025-07-25,626.0183676,495.0107662,20.92711783
conditional_1,net_mean_7d,2025-07-26,568.1706415,511.0160941,10.05939821
conditional_1,net_mean_7d,2025-07-27,456.007425,449.7685734,1.36814693
conditional_1,net_mean_7d,2025-07-28,553.7353714,571.3577528,-3.182455433
conditional_1,net_mean_7d,2025-07-29,517.4688065,535.1385548,-3.41464994
conditional_1,net_mean_7d,2025-07-30,521.8628264,501.6181943,3.879301427
conditional_1,net_mean_7d,2025-07-31,383.3365948,375.527697,2.03708644
conditional_1,net_mean_7d,2025-08-01,804.4683097,821.458349,-2.111958805
conditional_1,net_mean_7d,2025-08-02,822.6466954,818.9958493,0.4437927147
conditional_1,net_mean_7d,2025-08-03,1127.917863,1150.508177,-2.002833216
conditional_1,net_mean_7d,2025-08-04,545.9307379,475.6990349,12.86458119
conditional_1,net_mean_7d,2025-08-05,528.317898,628.5689596,-18.97551872
conditional_1,net_mean_7d,2025-08-06,591.114738,886.9774398,-50.05165374
conditional_1,net_mean_7d,2025-08-07,684.2926631,695.5027188,-1.638196097
conditional_1,net_mean_7d,2025-08-08,1318.93687,2729.784758,-106.9685684
conditional_1,net_mean_7d,2025-08-09,621.7031278,946.5104109,-52.24475614
conditional_1,net_mean_7d,2025-08-10,526.460351,663.6498994,-26.05885669
conditional_1,net_mean_7d,2025-08-11,582.7975211,580.0718467,0.467688053
conditional_1,net_mean_7d,2025-08-12,439.3442419,560.3749569,-27.54803716
conditional_1,net_mean_7d,2025-08-13,494.6142563,506.5571366,-2.414584738
conditional_1,net_mean_7d,2025-08-14,575.2554987,517.6768524,10.00923006
conditional_1,net_mean_7d,2025-08-15,756.5105047,503.1667456,33.48846546
conditional_1,net_mean_7d,2025-08-16,634.8260719,553.1198094,12.87065325
conditional_1,net_mean_7d,2025-08-17,609.9260081,538.0727791,11.78064683
conditional_1,net_mean_7d,2025-08-18,543.9895419,508.4192141,6.538788898
conditional_1,net_mean_7d,2025-08-19,399.8235199,378.3890111,5.360992468
conditional_1,net_mean_7d,2025-08-20,605.6816812,719.7166967,-18.82754903
conditional_1,net_mean_7d,2025-08-21,489.8821909,450.8637091,7.964870425
conditional_1,net_mean_7d,2025-08-22,571.8156556,540.6491755,5.450441897
conditional_1,net_mean_7d,2025-08-23,475.0734116,580.9876478,-22.29428833
conditional_1,net_mean_7d,2025-08-24,792.5573358,666.5563484,15.89802804
conditional_1,net_mean_7d,2025-08-25,490.9626623,592.9244467,-20.76772679
conditional_1,net_mean_7d,2025-08-26,557.5742832,463.7515909,16.8269404
conditional_1,net_mean_7d,2025-08-27,511.3299442,479.0054709,6.321646855
conditional_1,net_mean_7d,2025-08-28,651.5188661,699.0709207,-7.298645833
conditional_1,net_mean_7d,2025-08-29,579.8435344,531.6734744,8.307423842
conditional_1,net_mean_7d,2025-08-30,834.6114107,736.2106682,11.79000684
conditional_1,net_mean_7d,2025-08-31,520.7084256,453.9691903,12.817007
conditional_1,net_mean_7d,2025-09-01,1009.282527,1037.723855,-2.817974862
conditional_1,net_mean_7d,2025-09-02,913.5061107,935.629938,-2.421858703
conditional_1,net_mean_7d,2025-09-03,678.1002218,688.4969223,-1.533210021
conditional_1,net_mean_7d,2025-09-04,761.7192021,711.8671387,6.544677264
conditional_1,net_mean_7d,2025-09-05,1092.096595,1101.886035,-0.8963896212
conditional_1,net_mean_7d,2025-09-06,1072.556553,930.6294158,13.23260171
conditional_1,net_mean_7d,2025-09-07,700.9280513,587.0308943,16.24947907
conditional_1,net_mean_7d,2025-09-08,649.9300332,869.2230173,-33.74101411
conditional_1,net_mean_7d,2025-09-09,651.7948617,715.1021217,-9.712758365
conditional_1,net_mean_7d,2025-09-10,736.7168778,759.6978365,-3.119374542
conditional_1,net_mean_7d,2025-09-11,618.2064749,635.612382,-2.815549146
conditional_1,net_mean_7d,2025-09-12,673.5352454,555.1045015,17.5834516
conditional_1,net_mean_7d,2025-09-13,798.4276644,701.8512609,12.0958238
conditional_1,net_mean_7d,2025-09-14,578.0768457,512.2900282,11.3802893
conditional_1,net_mean_7d,2025-09-15,614.5107564,559.8715309,8.89150027
conditional_1,net_mean_7d,2025-09-16,471.8032242,464.2825444,1.594028912
conditional_1,net_mean_7d,2025-09-17,533.7147626,522.8333982,2.038797732
conditional_1,net_mean_7d,2025-09-18,446.4999079,412.1476124,7.693684793
conditional_1,net_mean_7d,2025-09-19,734.2867429,777.0883388,-5.829002948
conditional_1,net_mean_7d,2025-09-20,608.8214032,578.2182391,5.026624211
conditional_1,net_mean_7d,2025-09-21,489.757437,491.5010776,-0.3560212661
conditional_1,net_mean_7d,2025-09-22,399.4410645,376.3678239,5.776381713
conditional_1,net_mean_7d,2025-09-23,500.1269608,485.9122385,2.842222753
conditional_1,net_mean_7d,2025-09-24,449.028253,426.3272206,5.055591119
conditional_1,net_mean_7d,2025-09-25,363.8531648,347.5979136,4.467530541
conditional_1,net_mean_7d,2025-09-26,634.8665686,576.9762813,9.118496726
conditional_1,net_mean_7d,2025-09-27,623.9444149,640.954455,-2.726210812
conditional_1,net_mean_7d,2025-09-28,524.5320241,509.6545519,2.836332483
conditional_1,net_mean_7d,2025-09-29,361.446359,343.4178702,4.987873951
conditional_1,net_mean_7d,2025-09-30,591.6654038,568.9104476,3.845916302
conditional_1,net_mean_7d,2025-10-01,1181.417658,1275.526924,-7.965791404
conditional_1,net_mean_7d,2025-10-02,683.9594119,740.2188951,-8.22555874
conditional_1,net_mean_7d,2025-10-03,581.8314081,618.8679406,-6.36550932
conditional_1,net_mean_7d,2025-10-04,522.9723734,521.7068272,0.2419910151
conditional_1,net_mean_7d,2025-10-05,439.1036799,447.2224609,-1.848943972
conditional_1,net_mean_7d,2025-10-06,361.6111397,371.3760906,-2.700401032
conditional_1,net_mean_7d,2025-10-07,383.304659,392.8765313,-2.497196973
conditional_1,net_mean_7d,2025-10-08,451.7748903,463.5953365,-2.616446026
conditional_1,net_mean_7d,2025-10-09,473.4497584,464.4787007,1.894827827
conditional_1,net_mean_7d,2025-10-10,648.2093442,623.5001766,3.811911657
conditional_1,net_mean_7d,2025-10-11,465.7385715,486.2834011,-4.411236438
conditional_1,net_mean_7d,2025-10-12,382.0120164,380.6604382,0.3538051591
conditional_1,net_mean_7d,2025-10-13,370.7865158,363.878006,1.86320416
conditional_1,net_mean_7d,2025-10-14,436.2192454,438.03624,-0.4165324191
conditional_1,net_mean_7d,2025-10-15,489.6956578,491.4878805,-0.3659870649
conditional_1,net_mean_7d,2025-10-16,592.557164,586.739783,0.9817417282
conditional_1,net_mean_7d,2025-10-17,445.277436,441.47597,0.8537297621
conditional_1,net_mean_7d,2025-10-18,354.6855219,344.712824,2.811701431
conditional_1,net_mean_7d,2025-10-19,564.7106948,560.9999236,0.6571101304
conditional_1,net_mean_7d,2025-10-20,557.6264902,555.1575092,0.4427660887
conditional_1,net_mean_7d,2025-10-21,646.1139449,627.3558365,2.90321986
conditional_1,net_mean_7d,2025-10-22,542.6375454,518.3339525,4.478789414
conditional_1,net_mean_7d,2025-10-23,410.4853883,429.9456366,-4.740789533
conditional_1,net_mean_7d,2025-10-24,419.5690634,434.7683621,-3.622597569
conditional_1,net_mean_7d,2025-10-25,455.9639669,430.8387951,5.510341534
conditional_1,net_mean_7d,2025-10-26,362.338126,324.1096792,10.55048972
conditional_1,net_mean_7d,2025-10-27,513.645681,519.0555029,-1.053220562
conditional_1,net_mean_7d,2025-10-28,460.7724016,399.4667157,13.30498216
conditional_1,net_mean_7d,2025-10-29,700.4152958,621.8151732,11.22193121
conditional_1,net_mean_7d,2025-10-30,354.2280018,337.3280972,4.770911555
conditional_1,net_mean_7d,2025-10-31,704.2504084,664.0409154,5.709544857
conditional_1,net_mean_7d,2025-11-01,371.9166382,343.6374453,7.603637495
conditional_1,net_mean_7d,2025-11-02,415.913109,395.6285912,4.877104692
conditional_1,net_mean_7d,2025-11-03,499.9654104,475.3272535,4.927972305
conditional_1,net_mean_7d,2025-11-04,345.2225338,339.5384413,1.646501021
conditional_1,net_mean_7d,2025-11-05,396.7815424,348.308299,12.21660743
conditional_1,net_mean_7d,2025-11-06,587.2696256,536.0683918,8.718522403
conditional_1,net_mean_7d,2025-11-07,623.5558444,627.0496384,-0.5603017019
conditional_1,net_mean_7d,2025-11-08,380.9017537,356.1030326,6.510529512
conditional_1,net_mean_7d,2025-11-09,448.1348758,392.3450322,12.44934206
conditional_1,net_mean_7d,2025-11-10,611.154878,522.3037559,14.53823332
conditional_1,net_mean_7d,2025-11-11,335.7426044,284.0148708,15.40696143
conditional_1,net_mean_7d,2025-11-12,331.1252362,301.4247304,8.969568775
conditional_1,net_mean_7d,2025-11-13,452.8564979,409.4418966,9.586834136
conditional_1,net_mean_7d,2025-11-14,581.7291901,560.7037715,3.614296635
conditional_1,net_mean_7d,2025-11-15,485.6746771,430.9735697,11.26291117
conditional_1,net_mean_7d,2025-11-16,537.3953396,472.3938786,12.0956503
conditional_1,net_mean_7d,2025-11-17,344.8890738,292.088991,15.30929415
conditional_1,net_mean_7d,2025-11-18,530.4605323,463.1627341,12.68667397
conditional_1,net_mean_7d,2025-11-19,432.3421761,356.4025659,17.56470093
conditional_1,net_mean_7d,2025-11-20,441.7099841,382.5426422,13.39506554
conditional_1,net_mean_7d,2025-11-21,432.5872519,375.4273392,13.21349911
conditional_1,net_mean_7d,2025-11-22,429.3143568,362.8264509,15.48699801
conditional_1,net_mean_7d,2025-11-23,513.2627774,456.5454076,11.0503571
conditional_1,net_mean_7d,2025-11-24,328.4634146,296.0222899,9.876632626
conditional_1,net_mean_7d,2025-11-25,441.751729,366.8870623,16.94722663
conditional_1,net_mean_7d,2025-11-26,505.0421567,425.2482384,15.79945697
conditional_1,net_mean_7d,2025-11-27,413.3299843,355.6478262,13.9554739
conditional_1,net_mean_7d,2025-11-28,448.2292286,380.1084655,15.19775122
conditional_1,net_mean_7d,2025-11-29,841.3985451,771.8475729,8.266115103
conditional_1,net_mean_7d,2025-11-30,723.4627696,644.2332713,10.95142717
conditional_1,net_mean_7d,2025-12-01,413.6610227,528.98209,-27.87815651
conditional_1,net_mean_7d,2025-12-02,423.2123305,498.5009099,-17.78978871
conditional_1,net_mean_7d,2025-12-03,395.6290582,403.6921311,-2.038038612
conditional_1,net_mean_7d,2025-12-04,367.1232726,358.4908701,2.351363463
conditional_1,net_mean_7d,2025-12-05,375.4376357,351.9449062,6.257425282
conditional_1,net_mean_7d,2025-12-06,462.6853831,420.3461956,9.150751037
conditional_1,net_mean_7d,2025-12-07,322.4327511,297.8058033,7.637855535
conditional_1,net_mean_7d,2025-12-08,311.7908272,288.1533487,7.581197518
conditional_1,net_mean_7d,2025-12-09,310.1161833,305.6383634,1.443916866
conditional_1,net_mean_7d,2025-12-10,355.175275,331.6382237,6.626883383
conditional_1,net_mean_7d,2025-12-11,293.7851948,295.4239608,-0.5578109489
conditional_1,net_mean_7d,2025-12-12,446.9632734,418.681794,6.327472766
conditional_1,net_mean_7d,2025-12-13,359.0266768,337.306377,6.049773253
conditional_1,net_mean_7d,2025-12-14,310.5534971,294.4558619,5.183530483
conditional_1,net_mean_7d,2025-12-15,362.9604828,346.018977,4.667589617
conditional_1,net_mean_7d,2025-12-16,321.7312301,303.3176073,5.723293577
conditional_1,net_mean_7d,2025-12-17,240.3134337,229.8277642,4.363330537
conditional_1,net_mean_7d,2025-12-18,328.4708073,328.5336054,-0.01911832044
conditional_1,net_mean_7d,2025-12-19,327.208278,314.5524123,3.867831757
conditional_1,net_mean_7d,2025-12-20,286.087257,271.3071269,5.166301442
conditional_1,net_mean_7d,2025-12-21,372.2603916,353.5949756,5.014075203
conditional_1,net_mean_7d,2025-12-22,238.2646915,225.2668213,5.455222975
conditional_1,net_mean_7d,2025-12-23,230.8514624,226.6085434,1.837943312
conditional_1,net_mean_7d,2025-12-24,281.6244192,276.3360831,1.877797415
conditional_1,net_mean_7d,2025-12-25,288.2916403,277.3087561,3.809643673
conditional_1,net_mean_7d,2025-12-26,339.7506399,326.2074501,3.986214676
conditional_1,net_mean_7d,2025-12-27,292.7047958,279.1005537,4.647768764
conditional_1,net_mean_7d,2025-12-28,289.7499199,289.9509243,-0.0693716812
conditional_1,net_mean_7d,2025-12-29,266.625412,262.4137168,1.579630059
conditional_1,net_mean_7d,2025-12-30,289.7837113,294.3611031,-1.579589078
conditional_1,net_mean_7d,2025-12-31,291.8350244,277.2906157,4.983777642
